Workbook
Name pp: #REF!
Name pp: #REF!
Name pp: #REF!
Name pp: #REF!
Name pp: #REF!
Name pp: #REF!
Name ppp: #REF!
Name ppp: #REF!
Name ppp: #REF!
Name ppp: #REF!
Name ppp: #REF!
Name ppp: #REF!
Name 低收: #REF!
Name 低收: #REF!
Name 低收: #REF!
Name 低收: #REF!
Name 低收: #REF!
Name 低收: #REF!
Name 低收1: #REF!
Name 低收1: #REF!
Name 低收1: #REF!
Name 低收1: #REF!
Name 低收1: #REF!
Name 表: #REF!
Name 表: #REF!
Name 表: #REF!
Name 表: #REF!
Name 表: #REF!

Sheet 歷年(110~)
A1: 長期照顧十年計畫2.0--照顧服務 Achievements of Ten-year Long Term Care Program 2.0 by Care Services
A2: 單位：人 Unit : Persons
A3: 110-113年
A4: 年別 Year | B4: 全年照顧服務人數-按長照需要等級分 | Z4: 全年照顧服務人數-按長照需要等級分 | AX4: 全年照顧服務人數-按長照需要等級分 | BV4: 全年照顧服務人數-按長照需要等級分
B5: 總計註 Total | Z5: 居家服務Home Care Services | AX5: 日間照顧服務Day Care Services | BV5: 家庭托顧 Family Support Services
B6: 合計 Total | E6: 第2級 CMS 2 | H6: 第3級 CMS 3 | K6: 第4級 CMS 4 | N6: 第5級 CMS 5 | Q6: 第6級 CMS 6 | T6: 第7級 CMS 7 | W6: 第8級 CMS 8 | Z6: 合計 Total | AC6: 第2級 CMS 2 | AF6: 第3級 CMS 3 | AI6: 第4級 CMS 4 | AL6: 第5級 CMS 5 | AO6: 第6級 CMS 6 | AR6: 第7級 CMS 7 | AU6: 第8級 CMS 8 | AX6: 合計 Total | BA6: 第2級 CMS 2 | BD6: 第3級 CMS 3 | BG6: 第4級 CMS 4 | BJ6: 第5級 CMS 5 | BM6: 第6級 CMS 6 | BP6: 第7級 CMS 7 | BS6: 第8級 CMS 8 | BV6: 合計 Total | BY6: 第2級 CMS 2 | CB6: 第3級 CMS 3 | CE6: 第4級 CMS 4 | CH6: 第5級 CMS 5 | CK6: 第6級 CMS 6 | CN6: 第7級 CMS 7 | CQ6: 第8級 CMS 8
B7: 計 Total | C7: 男 Male | D7: 女 Female | E7: 計 Total | F7: 男 Male | G7: 女 Female | H7: 計 Total | I7: 男 Male | J7: 女 Female | K7: 計 Total | L7: 男 Male | M7: 女 Female | N7: 計 Total | O7: 男 Male | P7: 女 Female | Q7: 計 Total | R7: 男 Male | S7: 女 Female | T7: 計 Total | U7: 男 Male | V7: 女 Female | W7: 計 Total | X7: 男 Male | Y7: 女 Female | Z7: 計 Total | AA7: 男 Male | AB7: 女 Female | AC7: 計 Total | AD7: 男 Male | AE7: 女 Female | AF7: 計 Total | AG7: 男 Male | AH7: 女 Female | AI7: 計 Total | AJ7: 男 Male | AK7: 女 Female | AL7: 計 Total | AM7: 男 Male | AN7: 女 Female | AO7: 計 Total | AP7: 男 Male | AQ7: 女 Female | AR7: 計 Total | AS7: 男 Male | AT7: 女 Female | AU7: 計 Total | AV7: 男 Male | AW7: 女 Female | AX7: 計 Total | AY7: 男 Male | AZ7: 女 Female | BA7: 計 Total | BB7: 男 Male | BC7: 女 Female | BD7: 計 Total | BE7: 男 Male | BF7: 女 Female | BG7: 計 Total | BH7: 男 Male | BI7: 女 Female | BJ7: 計 Total | BK7: 男 Male | BL7: 女 Female | BM7: 計 Total | BN7: 男 Male | BO7: 女 Female | BP7: 計 Total | BQ7: 男 Male | BR7: 女 Female | BS7: 計 Total | BT7: 男 Male | BU7: 女 Female | BV7: 計 Total | BW7: 男 Male | BX7: 女 Female | BY7: 計 Total | BZ7: 男 Male | CA7: 女 Female | CB7: 計 Total | CC7: 男 Male | CD7: 女 Female | CE7: 計 Total | CF7: 男 Male | CG7: 女 Female | CH7: 計 Total | CI7: 男 Male | CJ7: 女 Female | CK7: 計 Total | CL7: 男 Male | CM7: 女 Female | CN7: 計 Total | CO7: 男 Male | CP7: 女 Female | CQ7: 計 Total | CR7: 男 Male | CS7: 女 Female
A8: 110年, 2021 | B8: ='110'!B8 -> 264416 | C8: ='110'!C8 -> 111769 | D8: ='110'!D8 -> 152647 | E8: ='110'!E8 -> 44266 | F8: ='110'!F8 -> 16646 | G8: ='110'!G8 -> 27620 | H8: ='110'!H8 -> 46975 | I8: ='110'!I8 -> 17280 | ... CS8: ='110'!CS8 -> 120
A9: 111年, 2022 | B9: ='111'!B8 -> 313399 | C9: ='111'!C8 -> 131672 | D9: ='111'!D8 -> 181727 | E9: ='111'!E8 -> 53126 | F9: ='111'!F8 -> 19835 | G9: ='111'!G8 -> 33291 | H9: ='111'!H8 -> 57884 | I9: ='111'!I8 -> 21500 | ... CS9: ='111'!CS8 -> 162
A10: 112年, 2023 | B10: ='112'!B8 -> 359290 | C10: ='112'!C8 -> 148703 | D10: ='112'!D8 -> 210587 | E10: ='112'!E8 -> 66034 | F10: ='112'!F8 -> 24389 | G10: ='112'!G8 -> 41645 | H10: ='112'!H8 -> 71400 | I10: ='112'!I8 -> 26421 | ... CS10: ='112'!CS8 -> 188
A11: 113年, 2024 | B11: ='113'!B8 -> 391275 | C11: ='113'!C8 -> 160140 | D11: ='113'!D8 -> 231135 | E11: ='113'!E8 -> 78048 | F11: ='113'!F8 -> 28569 | G11: ='113'!G8 -> 49479 | H11: ='113'!H8 -> 82974 | I11: ='113'!I8 -> 30778 | ... CS11: ='113'!CS8 -> 175
A12: 資料來源：衛生福利部長期照顧司。
A13: 註：1.110年起全年照顧服務人數係指長照2.0所辦理之居家服務、日間照顧服務及家庭托顧服務全年可服務人數。
A14: 2.「總計」係全年中對於『居家服務』、『日間照顧』、『家庭托顧』無論是否使用單項服務或多項服務，最後皆以歸人計算。故總計不等於 『居家服務』＋『日間照顧』＋『家庭托顧』。
A15: Source: Department of Long-term care.
A17: 更新日期：2025/04/21

Sheet 113
A1: 長期照顧十年計畫2.0--照顧服務 Achievements of Ten-year Long Term Care Program 2.0 by Care Services
A2: 單位：人 Unit : Persons
A3: 民國113年, 2024
A4: 區域別 Locality | B4: 全年照顧服務人數-按長照需要等級分 | Z4: 全年照顧服務人數-按長照需要等級分 | AX4: 全年照顧服務人數-按長照需要等級分 | BV4: 全年照顧服務人數-按長照需要等級分
B5: 總計註 Total | Z5: 居家服務Home Care Services | AX5: 日間照顧服務Day Care Services | BV5: 家庭托顧 Family Support Services
B6: 合計 Total | E6: 第2級 CMS 2 | H6: 第3級 CMS 3 | K6: 第4級 CMS 4 | N6: 第5級 CMS 5 | Q6: 第6級 CMS 6 | T6: 第7級 CMS 7 | W6: 第8級 CMS 8 | Z6: 合計 Total | AC6: 第2級 CMS 2 | AF6: 第3級 CMS 3 | AI6: 第4級 CMS 4 | AL6: 第5級 CMS 5 | AO6: 第6級 CMS 6 | AR6: 第7級 CMS 7 | AU6: 第8級 CMS 8 | AX6: 合計 Total | BA6: 第2級 CMS 2 | BD6: 第3級 CMS 3 | BG6: 第4級 CMS 4 | BJ6: 第5級 CMS 5 | BM6: 第6級 CMS 6 | BP6: 第7級 CMS 7 | BS6: 第8級 CMS 8 | BV6: 合計 Total | BY6: 第2級 CMS 2 | CB6: 第3級 CMS 3 | CE6: 第4級 CMS 4 | CH6: 第5級 CMS 5 | CK6: 第6級 CMS 6 | CN6: 第7級 CMS 7 | CQ6: 第8級 CMS 8
B7: 計 Total | C7: 男 Male | D7: 女 Female | E7: 計 Total | F7: 男 Male | G7: 女 Female | H7: 計 Total | I7: 男 Male | J7: 女 Female | K7: 計 Total | L7: 男 Male | M7: 女 Female | N7: 計 Total | O7: 男 Male | P7: 女 Female | Q7: 計 Total | R7: 男 Male | S7: 女 Female | T7: 計 Total | U7: 男 Male | V7: 女 Female | W7: 計 Total | X7: 男 Male | Y7: 女 Female | Z7: 計 Total | AA7: 男 Male | AB7: 女 Female | AC7: 計 Total | AD7: 男 Male | AE7: 女 Female | AF7: 計 Total | AG7: 男 Male | AH7: 女 Female | AI7: 計 Total | AJ7: 男 Male | AK7: 女 Female | AL7: 計 Total | AM7: 男 Male | AN7: 女 Female | AO7: 計 Total | AP7: 男 Male | AQ7: 女 Female | AR7: 計 Total | AS7: 男 Male | AT7: 女 Female | AU7: 計 Total | AV7: 男 Male | AW7: 女 Female | AX7: 計 Total | AY7: 男 Male | AZ7: 女 Female | BA7: 計 Total | BB7: 男 Male | BC7: 女 Female | BD7: 計 Total | BE7: 男 Male | BF7: 女 Female | BG7: 計 Total | BH7: 男 Male | BI7: 女 Female | BJ7: 計 Total | BK7: 男 Male | BL7: 女 Female | BM7: 計 Total | BN7: 男 Male | BO7: 女 Female | BP7: 計 Total | BQ7: 男 Male | BR7: 女 Female | BS7: 計 Total | BT7: 男 Male | BU7: 女 Female | BV7: 計 Total | BW7: 男 Male | BX7: 女 Female | BY7: 計 Total | BZ7: 男 Male | CA7: 女 Female | CB7: 計 Total | CC7: 男 Male | CD7: 女 Female | CE7: 計 Total | CF7: 男 Male | CG7: 女 Female | CH7: 計 Total | CI7: 男 Male | CJ7: 女 Female | CK7: 計 Total | CL7: 男 Male | CM7: 女 Female | CN7: 計 Total | CO7: 男 Male | CP7: 女 Female | CQ7: 計 Total | CR7: 男 Male | CS7: 女 Female
A8: 總計Total | B8: 391275 | C8: 160140 | D8: 231135 | E8: 78048 | F8: 28569 | G8: 49479 | H8: 82974 | I8: 30778 | J8: 52196 | K8: 80812 | L8: 32726 | M8: 48086 | N8: 53660 | O8: 24601 | P8: 29059 | Q8: 31765 | R8: 14227 | S8: 17538 | T8: 30985 | U8: 14039 | V8: 16946 | W8: 33031 | X8: 15200 | Y8: 17831 | Z8: 363228 | AA8: 150193 | AB8: 213035 | AC8: 74406 | AD8: 27478 | AE8: 46928 | AF8: 76833 | AG8: 28847 | AH8: 47986 | AI8: 74175 | AJ8: 30424 | AK8: 43751 | AL8: 48662 | AM8: 22554 | AN8: 26108 | AO8: 27315 | AP8: 12509 | AQ8: 14806 | AR8: 29509 | AS8: 13447 | AT8: 16062 | AU8: 32328 | AV8: 14934 | AW8: 17394 | AX8: 42637 | AY8: 15697 | AZ8: 26940 | BA8: 4996 | BB8: 1518 | BC8: 3478 | BD8: 8880 | BE8: 2828 | BF8: 6052 | BG8: 10050 | BH8: 3597 | BI8: 6453 | BJ8: 7674 | BK8: 3244 | BL8: 4430 | BM8: 6937 | BN8: 2790 | BO8: 4147 | BP8: 2765 | BQ8: 1131 | BR8: 1634 | BS8: 1335 | BT8: 589 | BU8: 746 | BV8: 1574 | BW8: 641 | BX8: 933 | BY8: 45 | BZ8: 15 | CA8: 30 | CB8: 88 | CC8: 36 | CD8: 52 | CE8: 169 | CF8: 61 | CG8: 108 | CH8: 280 | CI8: 116 | CJ8: 164 | CK8: 347 | CL8: 146 | CM8: 201 | CN8: 327 | CO8: 124 | CP8: 203 | CQ8: 318 | CR8: 143 | CS8: 175
A9: 新北市 New Taipei City | B9: 49829 | C9: 20754 | D9: 29075 | E9: 9639 | F9: 3375 | G9: 6264 | H9: 10687 | I9: 4114 | J9: 6573 | K9: 10063 | L9: 4212 | M9: 5851 | N9: 6747 | O9: 3243 | P9: 3504 | Q9: 4354 | R9: 2022 | S9: 2332 | T9: 3974 | U9: 1794 | V9: 2180 | W9: 4365 | X9: 1994 | Y9: 2371 | Z9: 46924 | AA9: 19745 | AB9: 27179 | AC9: 9111 | AD9: 3224 | AE9: 5887 | AF9: 9960 | AG9: 3883 | AH9: 6077 | AI9: 9338 | AJ9: 3963 | AK9: 5375 | AL9: 6333 | AM9: 3062 | AN9: 3271 | AO9: 3933 | AP9: 1860 | AQ9: 2073 | AR9: 3916 | AS9: 1773 | AT9: 2143 | AU9: 4333 | AV9: 1980 | AW9: 2353 | AX9: 4878 | AY9: 1723 | AZ9: 3155 | BA9: 780 | BB9: 225 | BC9: 555 | BD9: 1146 | BE9: 375 | BF9: 771 | BG9: 1229 | BH9: 404 | BI9: 825 | BJ9: 729 | BK9: 325 | BL9: 404 | BM9: 752 | BN9: 304 | BO9: 448 | BP9: 169 | BQ9: 59 | BR9: 110 | BS9: 73 | BT9: 31 | BU9: 42 | BV9: 37 | BW9: 11 | BX9: 26 | BY9: 0 | BZ9: 0 | CA9: 0 | CB9: 1 | CC9: 1 | CD9: 0 | CE9: 4 | CF9: 0 | CG9: 4 | CH9: 4 | CI9: 1 | CJ9: 3 | CK9: 12 | CL9: 6 | CM9: 6 | CN9: 5 | CO9: 0 | CP9: 5 | CQ9: 11 | CR9: 3 | CS9: 8
A10: 臺北市 Taipei City | B10: 26768 | C10: 10681 | D10: 16087 | E10: 3614 | F10: 1102 | G10: 2512 | H10: 4787 | I10: 1703 | J10: 3084 | K10: 6403 | L10: 2440 | M10: 3963 | N10: 3736 | O10: 1767 | P10: 1969 | Q10: 2571 | R10: 1150 | S10: 1421 | T10: 2814 | U10: 1254 | V10: 1560 | W10: 2843 | X10: 1265 | Y10: 1578 | Z10: 24646 | AA10: 9953 | AB10: 14693 | AC10: 3392 | AD10: 1055 | AE10: 2337 | AF10: 4350 | AG10: 1557 | AH10: 2793 | AI10: 5797 | AJ10: 2257 | AK10: 3540 | AL10: 3374 | AM10: 1600 | AN10: 1774 | AO10: 2195 | AP10: 1002 | AQ10: 1193 | AR10: 2727 | AS10: 1228 | AT10: 1499 | AU10: 2811 | AV10: 1254 | AW10: 1557 | AX10: 3278 | AY10: 1160 | AZ10: 2118 | BA10: 279 | BB10: 63 | BC10: 216 | BD10: 655 | BE10: 205 | BF10: 450 | BG10: 897 | BH10: 292 | BI10: 605 | BJ10: 559 | BK10: 254 | BL10: 305 | BM10: 624 | BN10: 245 | BO10: 379 | BP10: 186 | BQ10: 69 | BR10: 117 | BS10: 78 | BT10: 32 | BU10: 46 | BV10: 31 | BW10: 10 | BX10: 21 | BY10: 0 | BZ10: 0 | CA10: 0 | CB10: 0 | CC10: 0 | CD10: 0 | CE10: 3 | CF10: 1 | CG10: 2 | CH10: 4 | CI10: 1 | CJ10: 3 | CK10: 12 | CL10: 6 | CM10: 6 | CN10: 9 | CO10: 2 | CP10: 7 | CQ10: 3 | CR10: 0 | CS10: 3
A11: 桃園市 Taoyuan City | B11: 27993 | C11: 11590 | D11: 16403 | E11: 4384 | F11: 1513 | G11: 2871 | H11: 5107 | I11: 1933 | J11: 3174 | K11: 6190 | L11: 2382 | M11: 3808 | N11: 3820 | O11: 1733 | P11: 2087 | Q11: 2986 | R11: 1422 | S11: 1564 | T11: 2666 | U11: 1241 | V11: 1425 | W11: 2840 | X11: 1366 | Y11: 1474 | Z11: 25733 | AA11: 10814 | AB11: 14919 | AC11: 4128 | AD11: 1438 | AE11: 2690 | AF11: 4650 | AG11: 1785 | AH11: 2865 | AI11: 5605 | AJ11: 2214 | AK11: 3391 | AL11: 3417 | AM11: 1573 | AN11: 1844 | AO11: 2557 | AP11: 1252 | AQ11: 1305 | AR11: 2569 | AS11: 1198 | AT11: 1371 | AU11: 2807 | AV11: 1354 | AW11: 1453 | AX11: 3255 | AY11: 1168 | AZ11: 2087 | BA11: 334 | BB11: 100 | BC11: 234 | BD11: 604 | BE11: 187 | BF11: 417 | BG11: 838 | BH11: 267 | BI11: 571 | BJ11: 574 | BK11: 238 | BL11: 336 | BM11: 624 | BN11: 258 | BO11: 366 | BP11: 191 | BQ11: 80 | BR11: 111 | BS11: 90 | BT11: 38 | BU11: 52 | BV11: 28 | BW11: 11 | BX11: 17 | BY11: 0 | BZ11: 0 | CA11: 0 | CB11: 1 | CC11: 1 | CD11: 0 | CE11: 2 | CF11: 0 | CG11: 2 | CH11: 2 | CI11: 1 | CJ11: 1 | CK11: 11 | CL11: 3 | CM11: 8 | CN11: 8 | CO11: 3 | CP11: 5 | CQ11: 4 | CR11: 3 | CS11: 1
A12: 臺中市 Taichung City | B12: 47590 | C12: 19423 | D12: 28167 | E12: 9384 | F12: 3347 | G12: 6037 | H12: 9582 | I12: 3521 | J12: 6061 | K12: 8861 | L12: 3612 | M12: 5249 | N12: 7409 | O12: 3357 | P12: 4052 | Q12: 4197 | R12: 1852 | S12: 2345 | T12: 3955 | U12: 1789 | V12: 2166 | W12: 4202 | X12: 1945 | Y12: 2257 | Z12: 43621 | AA12: 18022 | AB12: 25599 | AC12: 8765 | AD12: 3161 | AE12: 5604 | AF12: 8790 | AG12: 3280 | AH12: 5510 | AI12: 7997 | AJ12: 3296 | AK12: 4701 | AL12: 6599 | AM12: 3025 | AN12: 3574 | AO12: 3621 | AP12: 1649 | AQ12: 1972 | AR12: 3751 | AS12: 1703 | AT12: 2048 | AU12: 4098 | AV12: 1908 | AW12: 2190 | AX12: 5987 | AY12: 2190 | AZ12: 3797 | BA12: 821 | BB12: 255 | BC12: 566 | BD12: 1176 | BE12: 360 | BF12: 816 | BG12: 1265 | BH12: 457 | BI12: 808 | BJ12: 1216 | BK12: 508 | BL12: 708 | BM12: 917 | BN12: 354 | BO12: 563 | BP12: 393 | BQ12: 169 | BR12: 224 | BS12: 199 | BT12: 87 | BU12: 112 | BV12: 144 | BW12: 80 | BX12: 64 | BY12: 5 | BZ12: 2 | CA12: 3 | CB12: 10 | CC12: 5 | CD12: 5 | CE12: 17 | CF12: 9 | CG12: 8 | CH12: 34 | CI12: 21 | CJ12: 13 | CK12: 32 | CL12: 16 | CM12: 16 | CN12: 25 | CO12: 15 | CP12: 10 | CQ12: 21 | CR12: 12 | CS12: 9
A13: 臺南市 Tainan City | B13: 40912 | C13: 16375 | D13: 24537 | E13: 6806 | F13: 2511 | G13: 4295 | H13: 7573 | I13: 2822 | J13: 4751 | K13: 8742 | L13: 3370 | M13: 5372 | N13: 6202 | O13: 2697 | P13: 3505 | Q13: 3633 | R13: 1499 | S13: 2134 | T13: 3881 | U13: 1660 | V13: 2221 | W13: 4075 | X13: 1816 | Y13: 2259 | Z13: 37397 | AA13: 15177 | AB13: 22220 | AC13: 6480 | AD13: 2418 | AE13: 4062 | AF13: 6910 | AG13: 2620 | AH13: 4290 | AI13: 7970 | AJ13: 3113 | AK13: 4857 | AL13: 5542 | AM13: 2426 | AN13: 3116 | AO13: 2964 | AP13: 1269 | AQ13: 1695 | AR13: 3600 | AS13: 1563 | AT13: 2037 | AU13: 3931 | AV13: 1768 | AW13: 2163 | AX13: 5374 | AY13: 1923 | AZ13: 3451 | BA13: 483 | BB13: 138 | BC13: 345 | BD13: 927 | BE13: 289 | BF13: 638 | BG13: 1136 | BH13: 397 | BI13: 739 | BJ13: 995 | BK13: 406 | BL13: 589 | BM13: 1035 | BN13: 389 | BO13: 646 | BP13: 532 | BQ13: 184 | BR13: 348 | BS13: 266 | BT13: 120 | BU13: 146 | BV13: 107 | BW13: 37 | BX13: 70 | BY13: 0 | BZ13: 0 | CA13: 0 | CB13: 3 | CC13: 3 | CD13: 0 | CE13: 4 | CF13: 1 | CG13: 3 | CH13: 20 | CI13: 9 | CJ13: 11 | CK13: 28 | CL13: 7 | CM13: 21 | CN13: 21 | CO13: 5 | CP13: 16 | CQ13: 31 | CR13: 12 | CS13: 19
A14: 高雄市 Kaohsiung City | B14: 54449 | C14: 22009 | D14: 32440 | E14: 14266 | F14: 5138 | G14: 9128 | H14: 13279 | I14: 4964 | J14: 8315 | K14: 11126 | L14: 4672 | M14: 6454 | N14: 5795 | O14: 2749 | P14: 3046 | Q14: 2817 | R14: 1282 | S14: 1535 | T14: 3273 | U14: 1468 | V14: 1805 | W14: 3893 | X14: 1736 | Y14: 2157 | Z14: 50745 | AA14: 20644 | AB14: 30101 | AC14: 13637 | AD14: 4929 | AE14: 8708 | AF14: 12281 | AG14: 4629 | AH14: 7652 | AI14: 10196 | AJ14: 4316 | AK14: 5880 | AL14: 5242 | AM14: 2520 | AN14: 2722 | AO14: 2453 | AP14: 1137 | AQ14: 1316 | AR14: 3107 | AS14: 1400 | AT14: 1707 | AU14: 3829 | AV14: 1713 | AW14: 2116 | AX14: 5910 | AY14: 2257 | AZ14: 3653 | BA14: 894 | BB14: 294 | BC14: 600 | BD14: 1520 | BE14: 518 | BF14: 1002 | BG14: 1501 | BH14: 597 | BI14: 904 | BJ14: 879 | BK14: 379 | BL14: 500 | BM14: 594 | BN14: 243 | BO14: 351 | BP14: 343 | BQ14: 150 | BR14: 193 | BS14: 179 | BT14: 76 | BU14: 103 | BV14: 177 | BW14: 72 | BX14: 105 | BY14: 10 | BZ14: 6 | CA14: 4 | CB14: 24 | CC14: 8 | CD14: 16 | CE14: 16 | CF14: 8 | CG14: 8 | CH14: 32 | CI14: 12 | CJ14: 20 | CK14: 28 | CL14: 11 | CM14: 17 | CN14: 22 | CO14: 6 | CP14: 16 | CQ14: 45 | CR14: 21 | CS14: 24
A15: 宜蘭縣 Yilan County | B15: 6578 | C15: 2675 | D15: 3903 | E15: 1134 | F15: 408 | G15: 726 | H15: 1245 | I15: 427 | J15: 818 | K15: 1412 | L15: 560 | M15: 852 | N15: 1039 | O15: 469 | P15: 570 | Q15: 628 | R15: 283 | S15: 345 | T15: 515 | U15: 253 | V15: 262 | W15: 605 | X15: 275 | Y15: 330 | Z15: 5468 | AA15: 2290 | AB15: 3178 | AC15: 1043 | AD15: 387 | AE15: 656 | AF15: 1046 | AG15: 374 | AH15: 672 | AI15: 1170 | AJ15: 484 | AK15: 686 | AL15: 800 | AM15: 385 | AN15: 415 | AO15: 405 | AP15: 190 | AQ15: 215 | AR15: 448 | AS15: 220 | AT15: 228 | AU15: 556 | AV15: 250 | AW15: 306 | AX15: 1369 | AY15: 492 | AZ15: 877 | BA15: 112 | BB15: 25 | BC15: 87 | BD15: 239 | BE15: 68 | BF15: 171 | BG15: 292 | BH15: 96 | BI15: 196 | BJ15: 295 | BK15: 109 | BL15: 186 | BM15: 270 | BN15: 116 | BO15: 154 | BP15: 98 | BQ15: 46 | BR15: 52 | BS15: 63 | BT15: 32 | BU15: 31 | BV15: 24 | BW15: 13 | BX15: 11 | BY15: 1 | BZ15: 0 | CA15: 1 | CB15: 0 | CC15: 0 | CD15: 0 | CE15: 2 | CF15: 0 | CG15: 2 | CH15: 3 | CI15: 2 | CJ15: 1 | CK15: 3 | CL15: 3 | CM15: 0 | CN15: 10 | CO15: 6 | CP15: 4 | CQ15: 5 | CR15: 2 | CS15: 3
A16: 新竹縣 Hsinchu County | B16: 6195 | C16: 2694 | D16: 3501 | E16: 496 | F16: 215 | G16: 281 | H16: 981 | I16: 366 | J16: 615 | K16: 1400 | L16: 554 | M16: 846 | N16: 1153 | O16: 527 | P16: 626 | Q16: 832 | R16: 395 | S16: 437 | T16: 751 | U16: 344 | V16: 407 | W16: 582 | X16: 293 | Y16: 289 | Z16: 5624 | AA16: 2494 | AB16: 3130 | AC16: 456 | AD16: 199 | AE16: 257 | AF16: 891 | AG16: 343 | AH16: 548 | AI16: 1264 | AJ16: 509 | AK16: 755 | AL16: 1026 | AM16: 482 | AN16: 544 | AO16: 702 | AP16: 339 | AQ16: 363 | AR16: 713 | AS16: 333 | AT16: 380 | AU16: 572 | AV16: 289 | AW16: 283 | AX16: 761 | AY16: 277 | AZ16: 484 | BA16: 48 | BB16: 20 | BC16: 28 | BD16: 113 | BE16: 28 | BF16: 85 | BG16: 176 | BH16: 58 | BI16: 118 | BJ16: 160 | BK16: 56 | BL16: 104 | BM16: 186 | BN16: 85 | BO16: 101 | BP16: 65 | BQ16: 24 | BR16: 41 | BS16: 13 | BT16: 6 | BU16: 7 | BV16: 18 | BW16: 6 | BX16: 12 | BY16: 1 | BZ16: 0 | CA16: 1 | CB16: 0 | CC16: 0 | CD16: 0 | CE16: 2 | CF16: 1 | CG16: 1 | CH16: 3 | CI16: 2 | CJ16: 1 | CK16: 4 | CL16: 1 | CM16: 3 | CN16: 4 | CO16: 1 | CP16: 3 | CQ16: 4 | CR16: 1 | CS16: 3
A17: 苗栗縣 Miaoli County | B17: 8800 | C17: 3762 | D17: 5038 | E17: 1197 | F17: 476 | G17: 721 | H17: 1771 | I17: 654 | J17: 1117 | K17: 1937 | L17: 808 | M17: 1129 | N17: 1504 | O17: 694 | P17: 810 | Q17: 864 | R17: 423 | S17: 441 | T17: 712 | U17: 332 | V17: 380 | W17: 815 | X17: 375 | Y17: 440 | Z17: 8353 | AA17: 3601 | AB17: 4752 | AC17: 1162 | AD17: 463 | AE17: 699 | AF17: 1703 | AG17: 631 | AH17: 1072 | AI17: 1823 | AJ17: 776 | AK17: 1047 | AL17: 1396 | AM17: 647 | AN17: 749 | AO17: 776 | AP17: 389 | AQ17: 387 | AR17: 690 | AS17: 324 | AT17: 366 | AU17: 803 | AV17: 371 | AW17: 432 | AX17: 568 | AY17: 211 | AZ17: 357 | BA17: 41 | BB17: 13 | BC17: 28 | BD17: 83 | BE17: 29 | BF17: 54 | BG17: 143 | BH17: 39 | BI17: 104 | BJ17: 138 | BK17: 60 | BL17: 78 | BM17: 119 | BN17: 51 | BO17: 68 | BP17: 32 | BQ17: 14 | BR17: 18 | BS17: 12 | BT17: 5 | BU17: 7 | BV17: 42 | BW17: 17 | BX17: 25 | BY17: 1 | BZ17: 0 | CA17: 1 | CB17: 2 | CC17: 1 | CD17: 1 | CE17: 2 | CF17: 1 | CG17: 1 | CH17: 10 | CI17: 7 | CJ17: 3 | CK17: 10 | CL17: 3 | CM17: 7 | CN17: 11 | CO17: 3 | CP17: 8 | CQ17: 6 | CR17: 2 | CS17: 4
A18: 彰化縣 Changhua County | B18: 21667 | C18: 8576 | D18: 13091 | E18: 4739 | F18: 1845 | G18: 2894 | H18: 6098 | I18: 2179 | J18: 3919 | K18: 4616 | L18: 1840 | M18: 2776 | N18: 2449 | O18: 1084 | P18: 1365 | Q18: 1317 | R18: 545 | S18: 772 | T18: 1221 | U18: 513 | V18: 708 | W18: 1227 | X18: 570 | Y18: 657 | Z18: 19814 | AA18: 7907 | AB18: 11907 | AC18: 4383 | AD18: 1733 | AE18: 2650 | AF18: 5546 | AG18: 1979 | AH18: 3567 | AI18: 4189 | AJ18: 1693 | AK18: 2496 | AL18: 2242 | AM18: 994 | AN18: 1248 | AO18: 1099 | AP18: 458 | AQ18: 641 | AR18: 1156 | AS18: 491 | AT18: 665 | AU18: 1199 | AV18: 559 | AW18: 640 | AX18: 2491 | AY18: 903 | AZ18: 1588 | BA18: 424 | BB18: 130 | BC18: 294 | BD18: 723 | BE18: 245 | BF18: 478 | BG18: 600 | BH18: 219 | BI18: 381 | BJ18: 318 | BK18: 140 | BL18: 178 | BM18: 304 | BN18: 121 | BO18: 183 | BP18: 84 | BQ18: 32 | BR18: 52 | BS18: 38 | BT18: 16 | BU18: 22 | BV18: 72 | BW18: 23 | BX18: 49 | BY18: 2 | BZ18: 0 | CA18: 2 | CB18: 4 | CC18: 0 | CD18: 4 | CE18: 9 | CF18: 5 | CG18: 4 | CH18: 8 | CI18: 1 | CJ18: 7 | CK18: 20 | CL18: 7 | CM18: 13 | CN18: 18 | CO18: 7 | CP18: 11 | CQ18: 11 | CR18: 3 | CS18: 8
A19: 南投縣 Nantou County | B19: 13824 | C19: 5698 | D19: 8126 | E19: 3967 | F19: 1494 | G19: 2473 | H19: 3227 | I19: 1225 | J19: 2002 | K19: 2473 | L19: 1035 | M19: 1438 | N19: 1660 | O19: 784 | P19: 876 | Q19: 987 | R19: 458 | S19: 529 | T19: 713 | U19: 320 | V19: 393 | W19: 797 | X19: 382 | Y19: 415 | Z19: 13242 | AA19: 5472 | AB19: 7770 | AC19: 3926 | AD19: 1483 | AE19: 2443 | AF19: 3104 | AG19: 1189 | AH19: 1915 | AI19: 2336 | AJ19: 976 | AK19: 1360 | AL19: 1520 | AM19: 726 | AN19: 794 | AO19: 895 | AP19: 415 | AQ19: 480 | AR19: 678 | AS19: 306 | AT19: 372 | AU19: 783 | AV19: 377 | AW19: 406 | AX19: 884 | AY19: 367 | AZ19: 517 | BA19: 68 | BB19: 20 | BC19: 48 | BD19: 180 | BE19: 58 | BF19: 122 | BG19: 213 | BH19: 91 | BI19: 122 | BJ19: 207 | BK19: 93 | BL19: 114 | BM19: 142 | BN19: 63 | BO19: 79 | BP19: 44 | BQ19: 25 | BR19: 19 | BS19: 30 | BT19: 17 | BU19: 13 | BV19: 110 | BW19: 38 | BX19: 72 | BY19: 0 | BZ19: 0 | CA19: 0 | CB19: 6 | CC19: 1 | CD19: 5 | CE19: 16 | CF19: 4 | CG19: 12 | CH19: 33 | CI19: 13 | CJ19: 20 | CK19: 21 | CL19: 9 | CM19: 12 | CN19: 21 | CO19: 5 | CP19: 16 | CQ19: 13 | CR19: 6 | CS19: 7
... A30: 連江縣 Lienchiang County | B30: 18 | C30: 10 | D30: 8 | E30: 6 | F30: 4 | G30: 2 | H30: 4 | I30: 2 | J30: 2 | K30: 3 | L30: 1 | M30: 2 | N30: 0 | O30: 0 | P30: 0 | Q30: 2 | R30: 2 | S30: 0 | T30: 3 | U30: 1 | V30: 2 | W30: 0 | X30: 0 | Y30: 0 | Z30: 15 | AA30: 8 | AB30: 7 | AC30: 4 | AD30: 3 | AE30: 1 | AF30: 4 | AG30: 2 | AH30: 2 | AI30: 2 | AJ30: 0 | AK30: 2 | AL30: 0 | AM30: 0 | AN30: 0 | AO30: 2 | AP30: 2 | AQ30: 0 | AR30: 3 | AS30: 1 | AT30: 2 | AU30: 0 | AV30: 0 | AW30: 0 | AX30: 3 | AY30: 2 | AZ30: 1 | BA30: 2 | BB30: 1 | BC30: 1 | BD30: 0 | BE30: 0 | BF30: 0 | BG30: 1 | BH30: 1 | BI30: 0 | BJ30: 0 | BK30: 0 | BL30: 0 | BM30: 0 | BN30: 0 | BO30: 0 | BP30: 0 | BQ30: 0 | BR30: 0 | BS30: 0 | BT30: 0 | BU30: 0 | BV30: 0 | BW30: 0 | BX30: 0 | BY30: 0 | BZ30: 0 | CA30: 0 | CB30: 0 | CC30: 0 | CD30: 0 | CE30: 0 | CF30: 0 | CG30: 0 | CH30: 0 | CI30: 0 | CJ30: 0 | CK30: 0 | CL30: 0 | CM30: 0 | CN30: 0 | CO30: 0 | CP30: 0 | CQ30: 0 | CR30: 0 | CS30: 0
A31: 資料來源：衛生福利部長期照顧司。
A32: 註：「總計」係全年中對於『居家服務』、『日間照顧』、『家庭托顧』無論是否使用單項服務或多項服務，最後皆以歸人計算。故總計不等於 『居家服務』＋『日間照顧』＋『家庭托顧』。
A33: Source: Department of Long-term care.
A35: 更新日期：2025/04/21

Sheet 112
A1: 長期照顧十年計畫2.0--照顧服務 Achievements of Ten-year Long Term Care Program 2.0 by Care Services
A2: 單位：人 Unit : Persons
A3: 民國112年, 2023
A4: 區域別 Locality | B4: 全年照顧服務人數-按長照需要等級分 | Z4: 全年照顧服務人數-按長照需要等級分 | AX4: 全年照顧服務人數-按長照需要等級分 | BV4: 全年照顧服務人數-按長照需要等級分
B5: 總計註 Total | Z5: 居家服務Home Care Services | AX5: 日間照顧服務Day Care Services | BV5: 家庭托顧 Family Support Services
B6: 合計 Total | E6: 第2級 CMS 2 | H6: 第3級 CMS 3 | K6: 第4級 CMS 4 | N6: 第5級 CMS 5 | Q6: 第6級 CMS 6 | T6: 第7級 CMS 7 | W6: 第8級 CMS 8 | Z6: 合計 Total | AC6: 第2級 CMS 2 | AF6: 第3級 CMS 3 | AI6: 第4級 CMS 4 | AL6: 第5級 CMS 5 | AO6: 第6級 CMS 6 | AR6: 第7級 CMS 7 | AU6: 第8級 CMS 8 | AX6: 合計 Total | BA6: 第2級 CMS 2 | BD6: 第3級 CMS 3 | BG6: 第4級 CMS 4 | BJ6: 第5級 CMS 5 | BM6: 第6級 CMS 6 | BP6: 第7級 CMS 7 | BS6: 第8級 CMS 8 | BV6: 合計 Total | BY6: 第2級 CMS 2 | CB6: 第3級 CMS 3 | CE6: 第4級 CMS 4 | CH6: 第5級 CMS 5 | CK6: 第6級 CMS 6 | CN6: 第7級 CMS 7 | CQ6: 第8級 CMS 8
B7: 計 Total | C7: 男 Male | D7: 女 Female | E7: 計 Total | F7: 男 Male | G7: 女 Female | H7: 計 Total | I7: 男 Male | J7: 女 Female | K7: 計 Total | L7: 男 Male | M7: 女 Female | N7: 計 Total | O7: 男 Male | P7: 女 Female | Q7: 計 Total | R7: 男 Male | S7: 女 Female | T7: 計 Total | U7: 男 Male | V7: 女 Female | W7: 計 Total | X7: 男 Male | Y7: 女 Female | Z7: 計 Total | AA7: 男 Male | AB7: 女 Female | AC7: 計 Total | AD7: 男 Male | AE7: 女 Female | AF7: 計 Total | AG7: 男 Male | AH7: 女 Female | AI7: 計 Total | AJ7: 男 Male | AK7: 女 Female | AL7: 計 Total | AM7: 男 Male | AN7: 女 Female | AO7: 計 Total | AP7: 男 Male | AQ7: 女 Female | AR7: 計 Total | AS7: 男 Male | AT7: 女 Female | AU7: 計 Total | AV7: 男 Male | AW7: 女 Female | AX7: 計 Total | AY7: 男 Male | AZ7: 女 Female | BA7: 計 Total | BB7: 男 Male | BC7: 女 Female | BD7: 計 Total | BE7: 男 Male | BF7: 女 Female | BG7: 計 Total | BH7: 男 Male | BI7: 女 Female | BJ7: 計 Total | BK7: 男 Male | BL7: 女 Female | BM7: 計 Total | BN7: 男 Male | BO7: 女 Female | BP7: 計 Total | BQ7: 男 Male | BR7: 女 Female | BS7: 計 Total | BT7: 男 Male | BU7: 女 Female | BV7: 計 Total | BW7: 男 Male | BX7: 女 Female | BY7: 計 Total | BZ7: 男 Male | CA7: 女 Female | CB7: 計 Total | CC7: 男 Male | CD7: 女 Female | CE7: 計 Total | CF7: 男 Male | CG7: 女 Female | CH7: 計 Total | CI7: 男 Male | CJ7: 女 Female | CK7: 計 Total | CL7: 男 Male | CM7: 女 Female | CN7: 計 Total | CO7: 男 Male | CP7: 女 Female | CQ7: 計 Total | CR7: 男 Male | CS7: 女 Female
A8: 總計Total | B8: 359290 | C8: 148703 | D8: 210587 | E8: 66034 | F8: 24389 | G8: 41645 | H8: 71400 | I8: 26421 | J8: 44979 | K8: 72935 | L8: 29737 | M8: 43198 | N8: 52329 | O8: 23798 | P8: 28531 | Q8: 32070 | R8: 14492 | S8: 17578 | T8: 31330 | U8: 14328 | V8: 17002 | W8: 33192 | X8: 15538 | Y8: 17654 | Z8: 334696 | AA8: 139931 | AB8: 194765 | AC8: 62946 | AD8: 23515 | AE8: 39431 | AF8: 66404 | AG8: 24873 | AH8: 41531 | AI8: 67188 | AJ8: 27748 | AK8: 39440 | AL8: 47744 | AM8: 21939 | AN8: 25805 | AO8: 27872 | AP8: 12804 | AQ8: 15068 | AR8: 29982 | AS8: 13780 | AT8: 16202 | AU8: 32560 | AV8: 15272 | AW8: 17288 | AX8: 37562 | AY8: 13878 | AZ8: 23684 | BA8: 4223 | BB8: 1254 | BC8: 2969 | BD8: 7327 | BE8: 2295 | BF8: 5032 | BG8: 8701 | BH8: 3088 | BI8: 5613 | BJ8: 7079 | BK8: 2948 | BL8: 4131 | BM8: 6485 | BN8: 2711 | BO8: 3774 | BP8: 2556 | BQ8: 1038 | BR8: 1518 | BS8: 1191 | BT8: 544 | BU8: 647 | BV8: 1586 | BW8: 673 | BX8: 913 | BY8: 42 | BZ8: 18 | CA8: 24 | CB8: 94 | CC8: 38 | CD8: 56 | CE8: 175 | CF8: 77 | CG8: 98 | CH8: 288 | CI8: 123 | CJ8: 165 | CK8: 357 | CL8: 146 | CM8: 211 | CN8: 313 | CO8: 142 | CP8: 171 | CQ8: 317 | CR8: 129 | CS8: 188
A9: 新北市 New Taipei City | B9: 44072 | C9: 18634 | D9: 25438 | E9: 8037 | F9: 2822 | G9: 5215 | H9: 8700 | I9: 3379 | J9: 5321 | K9: 8696 | L9: 3710 | M9: 4986 | N9: 6269 | O9: 3022 | P9: 3247 | Q9: 4186 | R9: 1889 | S9: 2297 | T9: 3913 | U9: 1822 | V9: 2091 | W9: 4271 | X9: 1990 | Y9: 2281 | Z9: 41715 | AA9: 17817 | AB9: 23898 | AC9: 7590 | AD9: 2703 | AE9: 4887 | AF9: 8159 | AG9: 3201 | AH9: 4958 | AI9: 8095 | AJ9: 3503 | AK9: 4592 | AL9: 5896 | AM9: 2856 | AN9: 3040 | AO9: 3852 | AP9: 1765 | AQ9: 2087 | AR9: 3874 | AS9: 1805 | AT9: 2069 | AU9: 4249 | AV9: 1984 | AW9: 2265 | AX9: 3977 | AY9: 1403 | AZ9: 2574 | BA9: 651 | BB9: 182 | BC9: 469 | BD9: 867 | BE9: 279 | BF9: 588 | BG9: 1000 | BH9: 343 | BI9: 657 | BJ9: 636 | BK9: 285 | BL9: 351 | BM9: 623 | BN9: 233 | BO9: 390 | BP9: 137 | BQ9: 51 | BR9: 86 | BS9: 63 | BT9: 30 | BU9: 33 | BV9: 45 | BW9: 12 | BX9: 33 | BY9: 2 | BZ9: 1 | CA9: 1 | CB9: 3 | CC9: 1 | CD9: 2 | CE9: 7 | CF9: 1 | CG9: 6 | CH9: 7 | CI9: 1 | CJ9: 6 | CK9: 13 | CL9: 5 | CM9: 8 | CN9: 8 | CO9: 3 | CP9: 5 | CQ9: 5 | CR9: 0 | CS9: 5
A10: 臺北市 Taipei City | B10: 23782 | C10: 9676 | D10: 14106 | E10: 2899 | F10: 914 | G10: 1985 | H10: 3868 | I10: 1372 | J10: 2496 | K10: 5655 | L10: 2212 | M10: 3443 | N10: 3400 | O10: 1599 | P10: 1801 | Q10: 2518 | R10: 1124 | S10: 1394 | T10: 2658 | U10: 1197 | V10: 1461 | W10: 2784 | X10: 1258 | Y10: 1526 | Z10: 22020 | AA10: 9071 | AB10: 12949 | AC10: 2732 | AD10: 869 | AE10: 1863 | AF10: 3521 | AG10: 1254 | AH10: 2267 | AI10: 5153 | AJ10: 2047 | AK10: 3106 | AL10: 3112 | AM10: 1489 | AN10: 1623 | AO10: 2161 | AP10: 988 | AQ10: 1173 | AR10: 2587 | AS10: 1179 | AT10: 1408 | AU10: 2754 | AV10: 1245 | AW10: 1509 | AX10: 2673 | AY10: 926 | AZ10: 1747 | BA10: 227 | BB10: 60 | BC10: 167 | BD10: 479 | BE10: 154 | BF10: 325 | BG10: 748 | BH10: 251 | BI10: 497 | BJ10: 444 | BK10: 172 | BL10: 272 | BM10: 567 | BN10: 212 | BO10: 355 | BP10: 140 | BQ10: 47 | BR10: 93 | BS10: 68 | BT10: 30 | BU10: 38 | BV10: 30 | BW10: 10 | BX10: 20 | BY10: 0 | BZ10: 0 | CA10: 0 | CB10: 4 | CC10: 1 | CD10: 3 | CE10: 3 | CF10: 0 | CG10: 3 | CH10: 2 | CI10: 0 | CJ10: 2 | CK10: 9 | CL10: 6 | CM10: 3 | CN10: 8 | CO10: 2 | CP10: 6 | CQ10: 4 | CR10: 1 | CS10: 3
A11: 桃園市 Taoyuan City | B11: 25455 | C11: 10779 | D11: 14676 | E11: 3627 | F11: 1280 | G11: 2347 | H11: 4266 | I11: 1577 | J11: 2689 | K11: 5150 | L11: 2065 | M11: 3085 | N11: 3729 | O11: 1760 | P11: 1969 | Q11: 2974 | R11: 1408 | S11: 1566 | T11: 2757 | U11: 1273 | V11: 1484 | W11: 2952 | X11: 1416 | Y11: 1536 | Z11: 23503 | AA11: 10100 | AB11: 13403 | AC11: 3414 | AD11: 1226 | AE11: 2188 | AF11: 3905 | AG11: 1457 | AH11: 2448 | AI11: 4667 | AJ11: 1909 | AK11: 2758 | AL11: 3362 | AM11: 1615 | AN11: 1747 | AO11: 2569 | AP11: 1252 | AQ11: 1317 | AR11: 2662 | AS11: 1236 | AT11: 1426 | AU11: 2924 | AV11: 1405 | AW11: 1519 | AX11: 2856 | AY11: 1059 | AZ11: 1797 | BA11: 274 | BB11: 69 | BC11: 205 | BD11: 484 | BE11: 163 | BF11: 321 | BG11: 688 | BH11: 233 | BI11: 455 | BJ11: 521 | BK11: 216 | BL11: 305 | BM11: 621 | BN11: 261 | BO11: 360 | BP11: 188 | BQ11: 82 | BR11: 106 | BS11: 80 | BT11: 35 | BU11: 45 | BV11: 34 | BW11: 15 | BX11: 19 | BY11: 1 | BZ11: 0 | CA11: 1 | CB11: 1 | CC11: 0 | CD11: 1 | CE11: 5 | CF11: 3 | CG11: 2 | CH11: 3 | CI11: 2 | CJ11: 1 | CK11: 10 | CL11: 3 | CM11: 7 | CN11: 8 | CO11: 3 | CP11: 5 | CQ11: 6 | CR11: 4 | CS11: 2
A12: 臺中市 Taichung City | B12: 44921 | C12: 18588 | D12: 26333 | E12: 8220 | F12: 2939 | G12: 5281 | H12: 8536 | I12: 3127 | J12: 5409 | K12: 8097 | L12: 3382 | M12: 4715 | N12: 7331 | O12: 3285 | P12: 4046 | Q12: 4283 | R12: 1900 | S12: 2383 | T12: 4134 | U12: 1884 | V12: 2250 | W12: 4320 | X12: 2071 | Y12: 2249 | Z12: 41304 | AA12: 17312 | AB12: 23992 | AC12: 7682 | AD12: 2788 | AE12: 4894 | AF12: 7828 | AG12: 2935 | AH12: 4893 | AI12: 7309 | AJ12: 3097 | AK12: 4212 | AL12: 6621 | AM12: 2979 | AN12: 3642 | AO12: 3711 | AP12: 1691 | AQ12: 2020 | AR12: 3931 | AS12: 1791 | AT12: 2140 | AU12: 4222 | AV12: 2031 | AW12: 2191 | AX12: 5507 | AY12: 1981 | AZ12: 3526 | BA12: 732 | BB12: 211 | BC12: 521 | BD12: 1050 | BE12: 281 | BF12: 769 | BG12: 1148 | BH12: 414 | BI12: 734 | BJ12: 1099 | BK12: 470 | BL12: 629 | BM12: 888 | BN12: 358 | BO12: 530 | BP12: 392 | BQ12: 162 | BR12: 230 | BS12: 198 | BT12: 85 | BU12: 113 | BV12: 136 | BW12: 74 | BX12: 62 | BY12: 4 | BZ12: 2 | CA12: 2 | CB12: 7 | CC12: 3 | CD12: 4 | CE12: 21 | CF12: 12 | CG12: 9 | CH12: 28 | CI12: 15 | CJ12: 13 | CK12: 32 | CL12: 14 | CM12: 18 | CN12: 28 | CO12: 20 | CP12: 8 | CQ12: 16 | CR12: 8 | CS12: 8
A13: 臺南市 Tainan City | B13: 36960 | C13: 14901 | D13: 22059 | E13: 5572 | F13: 2087 | G13: 3485 | H13: 6534 | I13: 2413 | J13: 4121 | K13: 7654 | L13: 2866 | M13: 4788 | N13: 5978 | O13: 2612 | P13: 3366 | Q13: 3485 | R13: 1490 | S13: 1995 | T13: 3916 | U13: 1710 | V13: 2206 | W13: 3821 | X13: 1723 | Y13: 2098 | Z13: 33754 | AA13: 13773 | AB13: 19981 | AC13: 5268 | AD13: 2004 | AE13: 3264 | AF13: 5993 | AG13: 2260 | AH13: 3733 | AI13: 6955 | AJ13: 2634 | AK13: 4321 | AL13: 5333 | AM13: 2354 | AN13: 2979 | AO13: 2865 | AP13: 1238 | AQ13: 1627 | AR13: 3656 | AS13: 1610 | AT13: 2046 | AU13: 3684 | AV13: 1673 | AW13: 2011 | AX13: 4930 | AY13: 1798 | AZ13: 3132 | BA13: 409 | BB13: 121 | BC13: 288 | BD13: 779 | BE13: 221 | BF13: 558 | BG13: 1058 | BH13: 368 | BI13: 690 | BJ13: 999 | BK13: 400 | BL13: 599 | BM13: 921 | BN13: 383 | BO13: 538 | BP13: 499 | BQ13: 182 | BR13: 317 | BS13: 265 | BT13: 123 | BU13: 142 | BV13: 116 | BW13: 36 | BX13: 80 | BY13: 0 | BZ13: 0 | CA13: 0 | CB13: 2 | CC13: 1 | CD13: 1 | CE13: 3 | CF13: 3 | CG13: 0 | CH13: 14 | CI13: 7 | CJ13: 7 | CK13: 31 | CL13: 5 | CM13: 26 | CN13: 29 | CO13: 9 | CP13: 20 | CQ13: 37 | CR13: 11 | CS13: 26
A14: 高雄市 Kaohsiung City | B14: 49014 | C14: 20023 | D14: 28991 | E14: 11592 | F14: 4196 | G14: 7396 | H14: 11476 | I14: 4315 | J14: 7161 | K14: 10347 | L14: 4350 | M14: 5997 | N14: 5600 | O14: 2580 | P14: 3020 | Q14: 2926 | R14: 1355 | S14: 1571 | T14: 3205 | U14: 1464 | V14: 1741 | W14: 3868 | X14: 1763 | Y14: 2105 | Z14: 45784 | AA14: 18845 | AB14: 26939 | AC14: 11061 | AD14: 4027 | AE14: 7034 | AF14: 10637 | AG14: 4039 | AH14: 6598 | AI14: 9527 | AJ14: 4038 | AK14: 5489 | AL14: 5132 | AM14: 2400 | AN14: 2732 | AO14: 2564 | AP14: 1198 | AQ14: 1366 | AR14: 3075 | AS14: 1411 | AT14: 1664 | AU14: 3788 | AV14: 1732 | AW14: 2056 | AX14: 5178 | AY14: 2006 | AZ14: 3172 | BA14: 746 | BB14: 252 | BC14: 494 | BD14: 1270 | BE14: 447 | BF14: 823 | BG14: 1321 | BH14: 515 | BI14: 806 | BJ14: 784 | BK14: 322 | BL14: 462 | BM14: 590 | BN14: 281 | BO14: 309 | BP14: 305 | BQ14: 115 | BR14: 190 | BS14: 162 | BT14: 74 | BU14: 88 | BV14: 166 | BW14: 68 | BX14: 98 | BY14: 7 | BZ14: 4 | CA14: 3 | CB14: 16 | CC14: 6 | CD14: 10 | CE14: 27 | CF14: 11 | CG14: 16 | CH14: 24 | CI14: 7 | CJ14: 17 | CK14: 24 | CL14: 8 | CM14: 16 | CN14: 29 | CO14: 17 | CP14: 12 | CQ14: 39 | CR14: 15 | CS14: 24
A15: 宜蘭縣 Yilan County | B15: 6163 | C15: 2549 | D15: 3614 | E15: 995 | F15: 350 | G15: 645 | H15: 1106 | I15: 359 | J15: 747 | K15: 1259 | L15: 506 | M15: 753 | N15: 973 | O15: 443 | P15: 530 | Q15: 618 | R15: 309 | S15: 309 | T15: 562 | U15: 270 | V15: 292 | W15: 650 | X15: 312 | Y15: 338 | Z15: 5133 | AA15: 2178 | AB15: 2955 | AC15: 907 | AD15: 332 | AE15: 575 | AF15: 915 | AG15: 313 | AH15: 602 | AI15: 1044 | AJ15: 439 | AK15: 605 | AL15: 752 | AM15: 353 | AN15: 399 | AO15: 409 | AP15: 207 | AQ15: 202 | AR15: 483 | AS15: 238 | AT15: 245 | AU15: 623 | AV15: 296 | AW15: 327 | AX15: 1280 | AY15: 474 | AZ15: 806 | BA15: 105 | BB15: 25 | BC15: 80 | BD15: 220 | BE15: 53 | BF15: 167 | BG15: 268 | BH15: 87 | BI15: 181 | BJ15: 279 | BK15: 116 | BL15: 163 | BM15: 260 | BN15: 126 | BO15: 134 | BP15: 107 | BQ15: 43 | BR15: 64 | BS15: 41 | BT15: 24 | BU15: 17 | BV15: 24 | BW15: 17 | BX15: 7 | BY15: 1 | BZ15: 0 | CA15: 1 | CB15: 0 | CC15: 0 | CD15: 0 | CE15: 2 | CF15: 1 | CG15: 1 | CH15: 5 | CI15: 3 | CJ15: 2 | CK15: 4 | CL15: 4 | CM15: 0 | CN15: 10 | CO15: 9 | CP15: 1 | CQ15: 2 | CR15: 0 | CS15: 2
A16: 新竹縣 Hsinchu County | B16: 5913 | C16: 2647 | D16: 3266 | E16: 464 | F16: 185 | G16: 279 | H16: 854 | I16: 323 | J16: 531 | K16: 1252 | L16: 531 | M16: 721 | N16: 1071 | O16: 516 | P16: 555 | Q16: 888 | R16: 420 | S16: 468 | T16: 743 | U16: 358 | V16: 385 | W16: 641 | X16: 314 | Y16: 327 | Z16: 5410 | AA16: 2461 | AB16: 2949 | AC16: 436 | AD16: 176 | AE16: 260 | AF16: 784 | AG16: 298 | AH16: 486 | AI16: 1143 | AJ16: 498 | AK16: 645 | AL16: 947 | AM16: 468 | AN16: 479 | AO16: 757 | AP16: 360 | AQ16: 397 | AR16: 711 | AS16: 351 | AT16: 360 | AU16: 632 | AV16: 310 | AW16: 322 | AX16: 693 | AY16: 280 | AZ16: 413 | BA16: 35 | BB16: 11 | BC16: 24 | BD16: 89 | BE16: 32 | BF16: 57 | BG16: 148 | BH16: 52 | BI16: 96 | BJ16: 164 | BK16: 65 | BL16: 99 | BM16: 186 | BN16: 91 | BO16: 95 | BP16: 49 | BQ16: 18 | BR16: 31 | BS16: 22 | BT16: 11 | BU16: 11 | BV16: 24 | BW16: 9 | BX16: 15 | BY16: 1 | BZ16: 0 | CA16: 1 | CB16: 0 | CC16: 0 | CD16: 0 | CE16: 2 | CF16: 1 | CG16: 1 | CH16: 3 | CI16: 1 | CJ16: 2 | CK16: 8 | CL16: 2 | CM16: 6 | CN16: 5 | CO16: 3 | CP16: 2 | CQ16: 5 | CR16: 2 | CS16: 3
A17: 苗栗縣 Miaoli County | B17: 8222 | C17: 3581 | D17: 4641 | E17: 1133 | F17: 452 | G17: 681 | H17: 1598 | I17: 597 | J17: 1001 | K17: 1635 | L17: 701 | M17: 934 | N17: 1494 | O17: 685 | P17: 809 | Q17: 903 | R17: 443 | S17: 460 | T17: 686 | U17: 344 | V17: 342 | W17: 773 | X17: 359 | Y17: 414 | Z17: 7814 | AA17: 3433 | AB17: 4381 | AC17: 1102 | AD17: 445 | AE17: 657 | AF17: 1530 | AG17: 575 | AH17: 955 | AI17: 1540 | AJ17: 665 | AK17: 875 | AL17: 1386 | AM17: 642 | AN17: 744 | AO17: 817 | AP17: 411 | AQ17: 406 | AR17: 672 | AS17: 339 | AT17: 333 | AU17: 767 | AV17: 356 | AW17: 411 | AX17: 539 | AY17: 209 | AZ17: 330 | BA17: 40 | BB17: 11 | BC17: 29 | BD17: 86 | BE17: 28 | BF17: 58 | BG17: 127 | BH17: 46 | BI17: 81 | BJ17: 138 | BK17: 63 | BL17: 75 | BM17: 111 | BN17: 46 | BO17: 65 | BP17: 26 | BQ17: 11 | BR17: 15 | BS17: 11 | BT17: 4 | BU17: 7 | BV17: 33 | BW17: 14 | BX17: 19 | BY17: 0 | BZ17: 0 | CA17: 0 | CB17: 4 | CC17: 2 | CD17: 2 | CE17: 5 | CF17: 4 | CG17: 1 | CH17: 10 | CI17: 5 | CJ17: 5 | CK17: 9 | CL17: 1 | CM17: 8 | CN17: 3 | CO17: 1 | CP17: 2 | CQ17: 2 | CR17: 1 | CS17: 1
A18: 彰化縣 Changhua County | B18: 20414 | C18: 8261 | D18: 12153 | E18: 3925 | F18: 1580 | G18: 2345 | H18: 5170 | I18: 1873 | J18: 3297 | K18: 4342 | L18: 1705 | M18: 2637 | N18: 2674 | O18: 1159 | P18: 1515 | Q18: 1546 | R18: 670 | S18: 876 | T18: 1393 | U18: 627 | V18: 766 | W18: 1364 | X18: 647 | Y18: 717 | Z18: 18913 | AA18: 7716 | AB18: 11197 | AC18: 3678 | AD18: 1499 | AE18: 2179 | AF18: 4795 | AG18: 1730 | AH18: 3065 | AI18: 3982 | AJ18: 1586 | AK18: 2396 | AL18: 2453 | AM18: 1071 | AN18: 1382 | AO18: 1332 | AP18: 587 | AQ18: 745 | AR18: 1336 | AS18: 606 | AT18: 730 | AU18: 1337 | AV18: 637 | AW18: 700 | AX18: 2082 | AY18: 770 | AZ18: 1312 | BA18: 307 | BB18: 99 | BC18: 208 | BD18: 522 | BE18: 187 | BF18: 335 | BG18: 496 | BH18: 174 | BI18: 322 | BJ18: 322 | BK18: 127 | BL18: 195 | BM18: 312 | BN18: 130 | BO18: 182 | BP18: 89 | BQ18: 39 | BR18: 50 | BS18: 34 | BT18: 14 | BU18: 20 | BV18: 75 | BW18: 24 | BX18: 51 | BY18: 0 | BZ18: 0 | CA18: 0 | CB18: 5 | CC18: 1 | CD18: 4 | CE18: 5 | CF18: 1 | CG18: 4 | CH18: 17 | CI18: 7 | CJ18: 10 | CK18: 13 | CL18: 5 | CM18: 8 | CN18: 20 | CO18: 6 | CP18: 14 | CQ18: 15 | CR18: 4 | CS18: 11
A19: 南投縣 Nantou County | B19: 13473 | C19: 5548 | D19: 7925 | E19: 3552 | F19: 1355 | G19: 2197 | H19: 2990 | I19: 1109 | J19: 1881 | K19: 2410 | L19: 1016 | M19: 1394 | N19: 1780 | O19: 807 | P19: 973 | Q19: 1047 | R19: 479 | S19: 568 | T19: 841 | U19: 383 | V19: 458 | W19: 853 | X19: 399 | Y19: 454 | Z19: 12908 | AA19: 5321 | AB19: 7587 | AC19: 3501 | AD19: 1339 | AE19: 2162 | AF19: 2876 | AG19: 1069 | AH19: 1807 | AI19: 2286 | AJ19: 968 | AK19: 1318 | AL19: 1648 | AM19: 747 | AN19: 901 | AO19: 953 | AP19: 439 | AQ19: 514 | AR19: 810 | AS19: 366 | AT19: 444 | AU19: 834 | AV19: 393 | AW19: 441 | AX19: 830 | AY19: 343 | AZ19: 487 | BA19: 77 | BB19: 29 | BC19: 48 | BD19: 175 | BE19: 59 | BF19: 116 | BG19: 184 | BH19: 70 | BI19: 114 | BJ19: 189 | BK19: 81 | BL19: 108 | BM19: 133 | BN19: 61 | BO19: 72 | BP19: 45 | BQ19: 30 | BR19: 15 | BS19: 27 | BT19: 13 | BU19: 14 | BV19: 121 | BW19: 48 | BX19: 73 | BY19: 1 | BZ19: 0 | CA19: 1 | CB19: 3 | CC19: 1 | CD19: 2 | CE19: 12 | CF19: 6 | CG19: 6 | CH19: 33 | CI19: 19 | CJ19: 14 | CK19: 32 | CL19: 13 | CM19: 19 | CN19: 23 | CO19: 6 | CP19: 17 | CQ19: 17 | CR19: 3 | CS19: 14
... A30: 連江縣 Lienchiang County | B30: 21 | C30: 10 | D30: 11 | E30: 9 | F30: 4 | G30: 5 | H30: 5 | I30: 2 | J30: 3 | K30: 3 | L30: 1 | M30: 2 | N30: 2 | O30: 1 | P30: 1 | Q30: 1 | R30: 1 | S30: 0 | T30: 0 | U30: 0 | V30: 0 | W30: 1 | X30: 1 | Y30: 0 | Z30: 16 | AA30: 7 | AB30: 9 | AC30: 6 | AD30: 3 | AE30: 3 | AF30: 5 | AG30: 2 | AH30: 3 | AI30: 3 | AJ30: 1 | AK30: 2 | AL30: 1 | AM30: 0 | AN30: 1 | AO30: 1 | AP30: 1 | AQ30: 0 | AR30: 0 | AS30: 0 | AT30: 0 | AU30: 0 | AV30: 0 | AW30: 0 | AX30: 5 | AY30: 3 | AZ30: 2 | BA30: 3 | BB30: 1 | BC30: 2 | BD30: 0 | BE30: 0 | BF30: 0 | BG30: 0 | BH30: 0 | BI30: 0 | BJ30: 1 | BK30: 1 | BL30: 0 | BM30: 0 | BN30: 0 | BO30: 0 | BP30: 0 | BQ30: 0 | BR30: 0 | BS30: 1 | BT30: 1 | BU30: 0 | BV30: 0 | BW30: 0 | BX30: 0 | BY30: 0 | BZ30: 0 | CA30: 0 | CB30: 0 | CC30: 0 | CD30: 0 | CE30: 0 | CF30: 0 | CG30: 0 | CH30: 0 | CI30: 0 | CJ30: 0 | CK30: 0 | CL30: 0 | CM30: 0 | CN30: 0 | CO30: 0 | CP30: 0 | CQ30: 0 | CR30: 0 | CS30: 0
A31: 資料來源：衛生福利部長期照顧司。
A32: 註：「總計」係全年中對於『居家服務』、『日間照顧』、『家庭托顧』無論是否使用單項服務或多項服務，最後皆以歸人計算。故總計不等於 『居家服務』＋『日間照顧』＋『家庭托顧』。
A33: Source: Department of Long-term care.
A35: 更新日期：2024/04/01

Sheet 111
A1: 長期照顧十年計畫2.0--照顧服務 Achievements of Ten-year Long Term Care Program 2.0 by Care Services
A2: 單位：人 Unit : Persons
A3: 民國111年, 2022
A4: 區域別 Locality | B4: 全年照顧服務人數-按長照需要等級分 | Z4: 全年照顧服務人數-按長照需要等級分 | AX4: 全年照顧服務人數-按長照需要等級分 | BV4: 全年照顧服務人數-按長照需要等級分
B5: 總計註 Total | Z5: 居家服務Home Care Services | AX5: 日間照顧服務Day Care Services | BV5: 家庭托顧 Family Support Services
B6: 合計 Total | E6: 第2級 CMS 2 | H6: 第3級 CMS 3 | K6: 第4級 CMS 4 | N6: 第5級 CMS 5 | Q6: 第6級 CMS 6 | T6: 第7級 CMS 7 | W6: 第8級 CMS 8 | Z6: 合計 Total | AC6: 第2級 CMS 2 | AF6: 第3級 CMS 3 | AI6: 第4級 CMS 4 | AL6: 第5級 CMS 5 | AO6: 第6級 CMS 6 | AR6: 第7級 CMS 7 | AU6: 第8級 CMS 8 | AX6: 合計 Total | BA6: 第2級 CMS 2 | BD6: 第3級 CMS 3 | BG6: 第4級 CMS 4 | BJ6: 第5級 CMS 5 | BM6: 第6級 CMS 6 | BP6: 第7級 CMS 7 | BS6: 第8級 CMS 8 | BV6: 合計 Total | BY6: 第2級 CMS 2 | CB6: 第3級 CMS 3 | CE6: 第4級 CMS 4 | CH6: 第5級 CMS 5 | CK6: 第6級 CMS 6 | CN6: 第7級 CMS 7 | CQ6: 第8級 CMS 8
B7: 計 Total | C7: 男 Male | D7: 女 Female | E7: 計 Total | F7: 男 Male | G7: 女 Female | H7: 計 Total | I7: 男 Male | J7: 女 Female | K7: 計 Total | L7: 男 Male | M7: 女 Female | N7: 計 Total | O7: 男 Male | P7: 女 Female | Q7: 計 Total | R7: 男 Male | S7: 女 Female | T7: 計 Total | U7: 男 Male | V7: 女 Female | W7: 計 Total | X7: 男 Male | Y7: 女 Female | Z7: 計 Total | AA7: 男 Male | AB7: 女 Female | AC7: 計 Total | AD7: 男 Male | AE7: 女 Female | AF7: 計 Total | AG7: 男 Male | AH7: 女 Female | AI7: 計 Total | AJ7: 男 Male | AK7: 女 Female | AL7: 計 Total | AM7: 男 Male | AN7: 女 Female | AO7: 計 Total | AP7: 男 Male | AQ7: 女 Female | AR7: 計 Total | AS7: 男 Male | AT7: 女 Female | AU7: 計 Total | AV7: 男 Male | AW7: 女 Female | AX7: 計 Total | AY7: 男 Male | AZ7: 女 Female | BA7: 計 Total | BB7: 男 Male | BC7: 女 Female | BD7: 計 Total | BE7: 男 Male | BF7: 女 Female | BG7: 計 Total | BH7: 男 Male | BI7: 女 Female | BJ7: 計 Total | BK7: 男 Male | BL7: 女 Female | BM7: 計 Total | BN7: 男 Male | BO7: 女 Female | BP7: 計 Total | BQ7: 男 Male | BR7: 女 Female | BS7: 計 Total | BT7: 男 Male | BU7: 女 Female | BV7: 計 Total | BW7: 男 Male | BX7: 女 Female | BY7: 計 Total | BZ7: 男 Male | CA7: 女 Female | CB7: 計 Total | CC7: 男 Male | CD7: 女 Female | CE7: 計 Total | CF7: 男 Male | CG7: 女 Female | CH7: 計 Total | CI7: 男 Male | CJ7: 女 Female | CK7: 計 Total | CL7: 男 Male | CM7: 女 Female | CN7: 計 Total | CO7: 男 Male | CP7: 女 Female | CQ7: 計 Total | CR7: 男 Male | CS7: 女 Female
A8: 總計Total | B8: 313399 | C8: 131672 | D8: 181727 | E8: 53126 | F8: 19835 | G8: 33291 | H8: 57884 | I8: 21500 | J8: 36384 | K8: 62787 | L8: 25808 | M8: 36979 | N8: 48001 | O8: 22047 | P8: 25954 | Q8: 31564 | R8: 14288 | S8: 17276 | T8: 29475 | U8: 13631 | V8: 15844 | W8: 30562 | X8: 14563 | Y8: 15999 | Z8: 293731 | AA8: 124591 | AB8: 169140 | AC8: 50835 | AD8: 19131 | AE8: 31704 | AF8: 54342 | AG8: 20421 | AH8: 33921 | AI8: 58268 | AJ8: 24226 | AK8: 34042 | AL8: 44046 | AM8: 20438 | AN8: 23608 | AO8: 27836 | AP8: 12821 | AQ8: 15015 | AR8: 28326 | AS8: 13197 | AT8: 15129 | AU8: 30078 | AV8: 14357 | AW8: 15721 | AX8: 29261 | AY8: 10867 | AZ8: 18394 | BA8: 3042 | BB8: 948 | BC8: 2094 | BD8: 5156 | BE8: 1634 | BF8: 3522 | BG8: 6554 | BH8: 2349 | BI8: 4205 | BJ8: 5821 | BK8: 2412 | BL8: 3409 | BM8: 5689 | BN8: 2254 | BO8: 3435 | BP8: 2076 | BQ8: 872 | BR8: 1204 | BS8: 923 | BT8: 398 | BU8: 525 | BV8: 1550 | BW8: 658 | BX8: 892 | BY8: 50 | BZ8: 26 | CA8: 24 | CB8: 92 | CC8: 29 | CD8: 63 | CE8: 169 | CF8: 70 | CG8: 99 | CH8: 284 | CI8: 126 | CJ8: 158 | CK8: 358 | CL8: 154 | CM8: 204 | CN8: 316 | CO8: 134 | CP8: 182 | CQ8: 281 | CR8: 119 | CS8: 162
A9: 新北市 New Taipei City | B9: 37207 | C9: 15929 | D9: 21278 | E9: 6228 | F9: 2189 | G9: 4039 | H9: 6448 | I9: 2485 | J9: 3963 | K9: 7512 | L9: 3182 | M9: 4330 | N9: 5616 | O9: 2704 | P9: 2912 | Q9: 4137 | R9: 1914 | S9: 2223 | T9: 3475 | U9: 1585 | V9: 1890 | W9: 3791 | X9: 1870 | Y9: 1921 | Z9: 35351 | AA9: 15309 | AB9: 20042 | AC9: 5877 | AD9: 2092 | AE9: 3785 | AF9: 6109 | AG9: 2386 | AH9: 3723 | AI9: 7027 | AJ9: 3019 | AK9: 4008 | AL9: 5286 | AM9: 2563 | AN9: 2723 | AO9: 3840 | AP9: 1812 | AQ9: 2028 | AR9: 3437 | AS9: 1572 | AT9: 1865 | AU9: 3775 | AV9: 1865 | AW9: 1910 | AX9: 2904 | AY9: 984 | AZ9: 1920 | BA9: 486 | BB9: 133 | BC9: 353 | BD9: 553 | BE9: 162 | BF9: 391 | BG9: 735 | BH9: 248 | BI9: 487 | BJ9: 502 | BK9: 214 | BL9: 288 | BM9: 506 | BN9: 182 | BO9: 324 | BP9: 81 | BQ9: 30 | BR9: 51 | BS9: 41 | BT9: 15 | BU9: 26 | BV9: 46 | BW9: 15 | BX9: 31 | BY9: 2 | BZ9: 2 | CA9: 0 | CB9: 2 | CC9: 1 | CD9: 1 | CE9: 8 | CF9: 2 | CG9: 6 | CH9: 6 | CI9: 1 | CJ9: 5 | CK9: 12 | CL9: 3 | CM9: 9 | CN9: 12 | CO9: 5 | CP9: 7 | CQ9: 4 | CR9: 1 | CS9: 3
A10: 臺北市 Taipei City | B10: 20333 | C10: 8354 | D10: 11979 | E10: 2397 | F10: 755 | G10: 1642 | H10: 3106 | I10: 1160 | J10: 1946 | K10: 4644 | L10: 1803 | M10: 2841 | N10: 2999 | O10: 1400 | P10: 1599 | Q10: 2225 | R10: 985 | S10: 1240 | T10: 2478 | U10: 1097 | V10: 1381 | W10: 2484 | X10: 1154 | Y10: 1330 | Z10: 18930 | AA10: 7869 | AB10: 11061 | AC10: 2263 | AD10: 715 | AE10: 1548 | AF10: 2837 | AG10: 1076 | AH10: 1761 | AI10: 4258 | AJ10: 1671 | AK10: 2587 | AL10: 2776 | AM10: 1312 | AN10: 1464 | AO10: 1910 | AP10: 866 | AQ10: 1044 | AR10: 2425 | AS10: 1086 | AT10: 1339 | AU10: 2461 | AV10: 1143 | AW10: 1318 | AX10: 2015 | AY10: 697 | AZ10: 1318 | BA10: 168 | BB10: 47 | BC10: 121 | BD10: 346 | BE10: 108 | BF10: 238 | BG10: 547 | BH10: 187 | BI10: 360 | BJ10: 322 | BK10: 125 | BL10: 197 | BM10: 474 | BN10: 170 | BO10: 304 | BP10: 108 | BQ10: 34 | BR10: 74 | BS10: 50 | BT10: 26 | BU10: 24 | BV10: 30 | BW10: 16 | BX10: 14 | BY10: 0 | BZ10: 0 | CA10: 0 | CB10: 2 | CC10: 1 | CD10: 1 | CE10: 2 | CF10: 1 | CG10: 1 | CH10: 4 | CI10: 3 | CJ10: 1 | CK10: 7 | CL10: 5 | CM10: 2 | CN10: 10 | CO10: 5 | CP10: 5 | CQ10: 5 | CR10: 1 | CS10: 4
A11: 桃園市 Taoyuan City | B11: 22005 | C11: 9506 | D11: 12499 | E11: 2739 | F11: 970 | G11: 1769 | H11: 3264 | I11: 1219 | J11: 2045 | K11: 4151 | L11: 1686 | M11: 2465 | N11: 3450 | O11: 1611 | P11: 1839 | Q11: 3033 | R11: 1435 | S11: 1598 | T11: 2637 | U11: 1255 | V11: 1382 | W11: 2731 | X11: 1330 | Y11: 1401 | Z11: 20493 | AA11: 8974 | AB11: 11519 | AC11: 2591 | AD11: 928 | AE11: 1663 | AF11: 3037 | AG11: 1143 | AH11: 1894 | AI11: 3754 | AJ11: 1571 | AK11: 2183 | AL11: 3178 | AM11: 1499 | AN11: 1679 | AO11: 2667 | AP11: 1293 | AQ11: 1374 | AR11: 2560 | AS11: 1225 | AT11: 1335 | AU11: 2706 | AV11: 1315 | AW11: 1391 | AX11: 2198 | AY11: 809 | AZ11: 1389 | BA11: 180 | BB11: 52 | BC11: 128 | BD11: 307 | BE11: 104 | BF11: 203 | BG11: 536 | BH11: 166 | BI11: 370 | BJ11: 400 | BK11: 163 | BL11: 237 | BM11: 569 | BN11: 235 | BO11: 334 | BP11: 149 | BQ11: 63 | BR11: 86 | BS11: 57 | BT11: 26 | BU11: 31 | BV11: 35 | BW11: 15 | BX11: 20 | BY11: 0 | BZ11: 0 | CA11: 0 | CB11: 2 | CC11: 2 | CD11: 0 | CE11: 3 | CF11: 1 | CG11: 2 | CH11: 2 | CI11: 1 | CJ11: 1 | CK11: 11 | CL11: 4 | CM11: 7 | CN11: 12 | CO11: 5 | CP11: 7 | CQ11: 5 | CR11: 2 | CS11: 3
A12: 臺中市 Taichung City | B12: 40818 | C12: 17231 | D12: 23587 | E12: 6684 | F12: 2442 | G12: 4242 | H12: 7146 | I12: 2616 | J12: 4530 | K12: 7391 | L12: 3118 | M12: 4273 | N12: 6889 | O12: 3137 | P12: 3752 | Q12: 4309 | R12: 1956 | S12: 2353 | T12: 4170 | U12: 1961 | V12: 2209 | W12: 4229 | X12: 2001 | Y12: 2228 | Z12: 37998 | AA12: 16219 | AB12: 21779 | AC12: 6309 | AD12: 2320 | AE12: 3989 | AF12: 6650 | AG12: 2476 | AH12: 4174 | AI12: 6779 | AJ12: 2897 | AK12: 3882 | AL12: 6293 | AM12: 2901 | AN12: 3392 | AO12: 3800 | AP12: 1756 | AQ12: 2044 | AR12: 4021 | AS12: 1902 | AT12: 2119 | AU12: 4146 | AV12: 1967 | AW12: 2179 | AX12: 4434 | AY12: 1652 | AZ12: 2782 | BA12: 517 | BB12: 175 | BC12: 342 | BD12: 755 | BE12: 232 | BF12: 523 | BG12: 906 | BH12: 321 | BI12: 585 | BJ12: 938 | BK12: 392 | BL12: 546 | BM12: 810 | BN12: 312 | BO12: 498 | BP12: 330 | BQ12: 150 | BR12: 180 | BS12: 178 | BT12: 70 | BU12: 108 | BV12: 126 | BW12: 72 | BX12: 54 | BY12: 5 | BZ12: 4 | CA12: 1 | CB12: 2 | CC12: 1 | CD12: 1 | CE12: 16 | CF12: 10 | CG12: 6 | CH12: 23 | CI12: 10 | CJ12: 13 | CK12: 41 | CL12: 24 | CM12: 17 | CN12: 23 | CO12: 15 | CP12: 8 | CQ12: 16 | CR12: 8 | CS12: 8
A13: 臺南市 Tainan City | B13: 31429 | C13: 12920 | D13: 18509 | E13: 4397 | F13: 1678 | G13: 2719 | H13: 5382 | I13: 1984 | J13: 3398 | K13: 6357 | L13: 2444 | M13: 3913 | N13: 5202 | O13: 2302 | P13: 2900 | Q13: 3156 | R13: 1371 | S13: 1785 | T13: 3490 | U13: 1526 | V13: 1964 | W13: 3445 | X13: 1615 | Y13: 1830 | Z13: 28915 | AA13: 12012 | AB13: 16903 | AC13: 4196 | AD13: 1622 | AE13: 2574 | AF13: 4989 | AG13: 1878 | AH13: 3111 | AI13: 5846 | AJ13: 2258 | AK13: 3588 | AL13: 4657 | AM13: 2066 | AN13: 2591 | AO13: 2638 | AP13: 1173 | AQ13: 1465 | AR13: 3246 | AS13: 1437 | AT13: 1809 | AU13: 3343 | AV13: 1578 | AW13: 1765 | AX13: 3784 | AY13: 1411 | AZ13: 2373 | BA13: 282 | BB13: 84 | BC13: 198 | BD13: 579 | BE13: 161 | BF13: 418 | BG13: 739 | BH13: 267 | BI13: 472 | BJ13: 787 | BK13: 331 | BL13: 456 | BM13: 780 | BN13: 313 | BO13: 467 | BP13: 430 | BQ13: 169 | BR13: 261 | BS13: 187 | BT13: 86 | BU13: 101 | BV13: 111 | BW13: 34 | BX13: 77 | BY13: 0 | BZ13: 0 | CA13: 0 | CB13: 1 | CC13: 0 | CD13: 1 | CE13: 3 | CF13: 1 | CG13: 2 | CH13: 14 | CI13: 6 | CJ13: 8 | CK13: 29 | CL13: 5 | CM13: 24 | CN13: 26 | CO13: 10 | CP13: 16 | CQ13: 38 | CR13: 12 | CS13: 26
A14: 高雄市 Kaohsiung City | B14: 41304 | C14: 17190 | D14: 24114 | E14: 9049 | F14: 3315 | G14: 5734 | H14: 9238 | I14: 3494 | J14: 5744 | K14: 8603 | L14: 3611 | M14: 4992 | N14: 5059 | O14: 2411 | P14: 2648 | Q14: 2790 | R14: 1341 | S14: 1449 | T14: 3032 | U14: 1397 | V14: 1635 | W14: 3533 | X14: 1621 | Y14: 1912 | Z14: 38868 | AA14: 16263 | AB14: 22605 | AC14: 8684 | AD14: 3193 | AE14: 5491 | AF14: 8658 | AG14: 3301 | AH14: 5357 | AI14: 7994 | AJ14: 3382 | AK14: 4612 | AL14: 4668 | AM14: 2242 | AN14: 2426 | AO14: 2470 | AP14: 1194 | AQ14: 1276 | AR14: 2915 | AS14: 1353 | AT14: 1562 | AU14: 3479 | AV14: 1598 | AW14: 1881 | AX14: 3805 | AY14: 1485 | AZ14: 2320 | BA14: 494 | BB14: 173 | BC14: 321 | BD14: 879 | BE14: 294 | BF14: 585 | BG14: 932 | BH14: 365 | BI14: 567 | BJ14: 604 | BK14: 258 | BL14: 346 | BM14: 534 | BN14: 244 | BO14: 290 | BP14: 243 | BQ14: 101 | BR14: 142 | BS14: 119 | BT14: 50 | BU14: 69 | BV14: 171 | BW14: 64 | BX14: 107 | BY14: 7 | BZ14: 3 | CA14: 4 | CB14: 20 | CC14: 3 | CD14: 17 | CE14: 20 | CF14: 10 | CG14: 10 | CH14: 33 | CI14: 13 | CJ14: 20 | CK14: 33 | CL14: 13 | CM14: 20 | CN14: 23 | CO14: 10 | CP14: 13 | CQ14: 35 | CR14: 12 | CS14: 23
A15: 宜蘭縣 Yilan County | B15: 5602 | C15: 2373 | D15: 3229 | E15: 779 | F15: 293 | G15: 486 | H15: 883 | I15: 324 | J15: 559 | K15: 1186 | L15: 473 | M15: 713 | N15: 929 | O15: 447 | P15: 482 | Q15: 654 | R15: 290 | S15: 364 | T15: 537 | U15: 258 | V15: 279 | W15: 634 | X15: 288 | Y15: 346 | Z15: 4750 | AA15: 2062 | AB15: 2688 | AC15: 718 | AD15: 281 | AE15: 437 | AF15: 745 | AG15: 286 | AH15: 459 | AI15: 1015 | AJ15: 422 | AK15: 593 | AL15: 716 | AM15: 349 | AN15: 367 | AO15: 465 | AP15: 212 | AQ15: 253 | AR15: 479 | AS15: 236 | AT15: 243 | AU15: 612 | AV15: 276 | AW15: 336 | AX15: 1066 | AY15: 397 | AZ15: 669 | BA15: 71 | BB15: 14 | BC15: 57 | BD15: 165 | BE15: 49 | BF15: 116 | BG15: 205 | BH15: 68 | BI15: 137 | BJ15: 253 | BK15: 120 | BL15: 133 | BM15: 248 | BN15: 96 | BO15: 152 | BP15: 85 | BQ15: 32 | BR15: 53 | BS15: 39 | BT15: 18 | BU15: 21 | BV15: 15 | BW15: 8 | BX15: 7 | BY15: 1 | BZ15: 0 | CA15: 1 | CB15: 0 | CC15: 0 | CD15: 0 | CE15: 1 | CF15: 1 | CG15: 0 | CH15: 3 | CI15: 1 | CJ15: 2 | CK15: 3 | CL15: 2 | CM15: 1 | CN15: 5 | CO15: 4 | CP15: 1 | CQ15: 2 | CR15: 0 | CS15: 2
A16: 新竹縣 Hsinchu County | B16: 5269 | C16: 2416 | D16: 2853 | E16: 357 | F16: 149 | G16: 208 | H16: 629 | I16: 229 | J16: 400 | K16: 1116 | L16: 481 | M16: 635 | N16: 928 | O16: 439 | P16: 489 | Q16: 924 | R16: 441 | S16: 483 | T16: 703 | U16: 372 | V16: 331 | W16: 612 | X16: 305 | Y16: 307 | Z16: 4818 | AA16: 2254 | AB16: 2564 | AC16: 339 | AD16: 146 | AE16: 193 | AF16: 580 | AG16: 214 | AH16: 366 | AI16: 1028 | AJ16: 451 | AK16: 577 | AL16: 815 | AM16: 404 | AN16: 411 | AO16: 784 | AP16: 377 | AQ16: 407 | AR16: 666 | AS16: 357 | AT16: 309 | AU16: 606 | AV16: 305 | AW16: 301 | AX16: 560 | AY16: 216 | AZ16: 344 | BA16: 20 | BB16: 3 | BC16: 17 | BD16: 61 | BE16: 18 | BF16: 43 | BG16: 108 | BH16: 37 | BI16: 71 | BJ16: 131 | BK16: 44 | BL16: 87 | BM16: 177 | BN16: 85 | BO16: 92 | BP16: 54 | BQ16: 24 | BR16: 30 | BS16: 9 | BT16: 5 | BU16: 4 | BV16: 24 | BW16: 7 | BX16: 17 | BY16: 0 | BZ16: 0 | CA16: 0 | CB16: 0 | CC16: 0 | CD16: 0 | CE16: 2 | CF16: 1 | CG16: 1 | CH16: 6 | CI16: 0 | CJ16: 6 | CK16: 4 | CL16: 2 | CM16: 2 | CN16: 8 | CO16: 3 | CP16: 5 | CQ16: 4 | CR16: 1 | CS16: 3
A17: 苗栗縣 Miaoli County | B17: 7233 | C17: 3176 | D17: 4057 | E17: 928 | F17: 378 | G17: 550 | H17: 1218 | I17: 444 | J17: 774 | K17: 1444 | L17: 615 | M17: 829 | N17: 1434 | O17: 663 | P17: 771 | Q17: 901 | R17: 415 | S17: 486 | T17: 654 | U17: 327 | V17: 327 | W17: 654 | X17: 334 | Y17: 320 | Z17: 6861 | AA17: 3039 | AB17: 3822 | AC17: 894 | AD17: 371 | AE17: 523 | AF17: 1165 | AG17: 427 | AH17: 738 | AI17: 1361 | AJ17: 583 | AK17: 778 | AL17: 1323 | AM17: 616 | AN17: 707 | AO17: 828 | AP17: 390 | AQ17: 438 | AR17: 639 | AS17: 319 | AT17: 320 | AU17: 651 | AV17: 333 | AW17: 318 | AX17: 469 | AY17: 179 | AZ17: 290 | BA17: 42 | BB17: 9 | BC17: 33 | BD17: 68 | BE17: 26 | BF17: 42 | BG17: 96 | BH17: 34 | BI17: 62 | BJ17: 136 | BK17: 61 | BL17: 75 | BM17: 91 | BN17: 34 | BO17: 57 | BP17: 25 | BQ17: 12 | BR17: 13 | BS17: 11 | BT17: 3 | BU17: 8 | BV17: 33 | BW17: 15 | BX17: 18 | BY17: 0 | BZ17: 0 | CA17: 0 | CB17: 3 | CC17: 1 | CD17: 2 | CE17: 1 | CF17: 1 | CG17: 0 | CH17: 11 | CI17: 4 | CJ17: 7 | CK17: 5 | CL17: 1 | CM17: 4 | CN17: 8 | CO17: 6 | CP17: 2 | CQ17: 5 | CR17: 2 | CS17: 3
A18: 彰化縣 Changhua County | B18: 18818 | C18: 7680 | D18: 11138 | E18: 3308 | F18: 1342 | G18: 1966 | H18: 4265 | I18: 1536 | J18: 2729 | K18: 3947 | L18: 1551 | M18: 2396 | N18: 2804 | O18: 1217 | P18: 1587 | Q18: 1674 | R18: 703 | S18: 971 | T18: 1443 | U18: 653 | V18: 790 | W18: 1377 | X18: 678 | Y18: 699 | Z18: 17661 | AA18: 7273 | AB18: 10388 | AC18: 3145 | AD18: 1278 | AE18: 1867 | AF18: 4005 | AG18: 1437 | AH18: 2568 | AI18: 3680 | AJ18: 1465 | AK18: 2215 | AL18: 2595 | AM18: 1145 | AN18: 1450 | AO18: 1490 | AP18: 644 | AQ18: 846 | AR18: 1390 | AS18: 634 | AT18: 756 | AU18: 1356 | AV18: 670 | AW18: 686 | AX18: 1563 | AY18: 568 | AZ18: 995 | BA18: 195 | BB18: 70 | BC18: 125 | BD18: 350 | BE18: 130 | BF18: 220 | BG18: 367 | BH18: 130 | BI18: 237 | BJ18: 295 | BK18: 106 | BL18: 189 | BM18: 257 | BN18: 89 | BO18: 168 | BP18: 72 | BQ18: 33 | BR18: 39 | BS18: 27 | BT18: 10 | BU18: 17 | BV18: 84 | BW18: 31 | BX18: 53 | BY18: 4 | BZ18: 3 | CA18: 1 | CB18: 5 | CC18: 2 | CD18: 3 | CE18: 9 | CF18: 2 | CG18: 7 | CH18: 20 | CI18: 9 | CJ18: 11 | CK18: 14 | CL18: 5 | CM18: 9 | CN18: 15 | CO18: 5 | CP18: 10 | CQ18: 17 | CR18: 5 | CS18: 12
A19: 南投縣 Nantou County | B19: 12478 | C19: 5186 | D19: 7292 | E19: 3210 | F19: 1212 | G19: 1998 | H19: 2611 | I19: 1001 | J19: 1610 | K19: 2241 | L19: 960 | M19: 1281 | N19: 1727 | O19: 789 | P19: 938 | Q19: 1021 | R19: 438 | S19: 583 | T19: 820 | U19: 362 | V19: 458 | W19: 848 | X19: 424 | Y19: 424 | Z19: 12006 | AA19: 4996 | AB19: 7010 | AC19: 3169 | AD19: 1198 | AE19: 1971 | AF19: 2524 | AG19: 971 | AH19: 1553 | AI19: 2134 | AJ19: 915 | AK19: 1219 | AL19: 1618 | AM19: 736 | AN19: 882 | AO19: 935 | AP19: 404 | AQ19: 531 | AR19: 793 | AS19: 354 | AT19: 439 | AU19: 833 | AV19: 418 | AW19: 415 | AX19: 648 | AY19: 275 | AZ19: 373 | BA19: 62 | BB19: 26 | BC19: 36 | BD19: 122 | BE19: 47 | BF19: 75 | BG19: 157 | BH19: 63 | BI19: 94 | BJ19: 138 | BK19: 64 | BL19: 74 | BM19: 112 | BN19: 47 | BO19: 65 | BP19: 33 | BQ19: 16 | BR19: 17 | BS19: 24 | BT19: 12 | BU19: 12 | BV19: 128 | BW19: 60 | BX19: 68 | BY19: 3 | BZ19: 2 | CA19: 1 | CB19: 4 | CC19: 0 | CD19: 4 | CE19: 15 | CF19: 9 | CG19: 6 | CH19: 34 | CI19: 18 | CJ19: 16 | CK19: 30 | CL19: 16 | CM19: 14 | CN19: 26 | CO19: 7 | CP19: 19 | CQ19: 16 | CR19: 8 | CS19: 8
... A30: 連江縣 Lienchiang County | B30: 20 | C30: 8 | D30: 12 | E30: 6 | F30: 2 | G30: 4 | H30: 6 | I30: 4 | J30: 2 | K30: 2 | L30: 0 | M30: 2 | N30: 3 | O30: 1 | P30: 2 | Q30: 1 | R30: 1 | S30: 0 | T30: 2 | U30: 0 | V30: 2 | W30: 0 | X30: 0 | Y30: 0 | Z30: 16 | AA30: 5 | AB30: 11 | AC30: 4 | AD30: 1 | AE30: 3 | AF30: 4 | AG30: 2 | AH30: 2 | AI30: 2 | AJ30: 0 | AK30: 2 | AL30: 3 | AM30: 1 | AN30: 2 | AO30: 1 | AP30: 1 | AQ30: 0 | AR30: 2 | AS30: 0 | AT30: 2 | AU30: 0 | AV30: 0 | AW30: 0 | AX30: 5 | AY30: 3 | AZ30: 2 | BA30: 3 | BB30: 1 | BC30: 2 | BD30: 2 | BE30: 2 | BF30: 0 | BG30: 0 | BH30: 0 | BI30: 0 | BJ30: 0 | BK30: 0 | BL30: 0 | BM30: 0 | BN30: 0 | BO30: 0 | BP30: 0 | BQ30: 0 | BR30: 0 | BS30: 0 | BT30: 0 | BU30: 0 | BV30: 0 | BW30: 0 | BX30: 0 | BY30: 0 | BZ30: 0 | CA30: 0 | CB30: 0 | CC30: 0 | CD30: 0 | CE30: 0 | CF30: 0 | CG30: 0 | CH30: 0 | CI30: 0 | CJ30: 0 | CK30: 0 | CL30: 0 | CM30: 0 | CN30: 0 | CO30: 0 | CP30: 0 | CQ30: 0 | CR30: 0 | CS30: 0
A31: 資料來源：衛生福利部長期照顧司。
A32: 註：「總計」係全年中對於『居家服務』、『日間照顧』、『家庭托顧』無論是否使用單項服務或多項服務，最後皆以歸人計算。故總計不等於 『居家服務』＋『日間照顧』＋『家庭托顧』。
A33: Source: Department of Long-term care.
A35: 更新日期：2023/3/31

Sheet 110
A1: 長期照顧十年計畫2.0--照顧服務 Achievements of Ten-year Long Term Care Program 2.0 by Care Services
A2: 單位：人 Unit : Persons
A3: 民國110年, 2021
A4: 區域別 Locality | B4: 全年照顧服務人數-按長照需要等級分 | Z4: 全年照顧服務人數-按長照需要等級分 | AX4: 全年照顧服務人數-按長照需要等級分 | BV4: 全年照顧服務人數-按長照需要等級分
B5: 總計註 Total | Z5: 居家服務Home Care Services | AX5: 日間照顧服務Day Care Services | BV5: 家庭托顧 Family Support Services
B6: 合計 Total | E6: 第2級 CMS 2 | H6: 第3級 CMS 3 | K6: 第4級 CMS 4 | N6: 第5級 CMS 5 | Q6: 第6級 CMS 6 | T6: 第7級 CMS 7 | W6: 第8級 CMS 8 | Z6: 合計 Total | AC6: 第2級 CMS 2 | AF6: 第3級 CMS 3 | AI6: 第4級 CMS 4 | AL6: 第5級 CMS 5 | AO6: 第6級 CMS 6 | AR6: 第7級 CMS 7 | AU6: 第8級 CMS 8 | AX6: 合計 Total | BA6: 第2級 CMS 2 | BD6: 第3級 CMS 3 | BG6: 第4級 CMS 4 | BJ6: 第5級 CMS 5 | BM6: 第6級 CMS 6 | BP6: 第7級 CMS 7 | BS6: 第8級 CMS 8 | BV6: 合計 Total | BY6: 第2級 CMS 2 | CB6: 第3級 CMS 3 | CE6: 第4級 CMS 4 | CH6: 第5級 CMS 5 | CK6: 第6級 CMS 6 | CN6: 第7級 CMS 7 | CQ6: 第8級 CMS 8
B7: 計 Total | C7: 男 Male | D7: 女 Female | E7: 計 Total | F7: 男 Male | G7: 女 Female | H7: 計 Total | I7: 男 Male | J7: 女 Female | K7: 計 Total | L7: 男 Male | M7: 女 Female | N7: 計 Total | O7: 男 Male | P7: 女 Female | Q7: 計 Total | R7: 男 Male | S7: 女 Female | T7: 計 Total | U7: 男 Male | V7: 女 Female | W7: 計 Total | X7: 男 Male | Y7: 女 Female | Z7: 計 Total | AA7: 男 Male | AB7: 女 Female | AC7: 計 Total | AD7: 男 Male | AE7: 女 Female | AF7: 計 Total | AG7: 男 Male | AH7: 女 Female | AI7: 計 Total | AJ7: 男 Male | AK7: 女 Female | AL7: 計 Total | AM7: 男 Male | AN7: 女 Female | AO7: 計 Total | AP7: 男 Male | AQ7: 女 Female | AR7: 計 Total | AS7: 男 Male | AT7: 女 Female | AU7: 計 Total | AV7: 男 Male | AW7: 女 Female | AX7: 計 Total | AY7: 男 Male | AZ7: 女 Female | BA7: 計 Total | BB7: 男 Male | BC7: 女 Female | BD7: 計 Total | BE7: 男 Male | BF7: 女 Female | BG7: 計 Total | BH7: 男 Male | BI7: 女 Female | BJ7: 計 Total | BK7: 男 Male | BL7: 女 Female | BM7: 計 Total | BN7: 男 Male | BO7: 女 Female | BP7: 計 Total | BQ7: 男 Male | BR7: 女 Female | BS7: 計 Total | BT7: 男 Male | BU7: 女 Female | BV7: 計 Total | BW7: 男 Male | BX7: 女 Female | BY7: 計 Total | BZ7: 男 Male | CA7: 女 Female | CB7: 計 Total | CC7: 男 Male | CD7: 女 Female | CE7: 計 Total | CF7: 男 Male | CG7: 女 Female | CH7: 計 Total | CI7: 男 Male | CJ7: 女 Female | CK7: 計 Total | CL7: 男 Male | CM7: 女 Female | CN7: 計 Total | CO7: 男 Male | CP7: 女 Female | CQ7: 計 Total | CR7: 男 Male | CS7: 女 Female
A8: 總計Total | B8: 264416 | C8: 111769 | D8: 152647 | E8: 44266 | F8: 16646 | G8: 27620 | H8: 46975 | I8: 17280 | J8: 29695 | K8: 53289 | L8: 22082 | M8: 31207 | N8: 42142 | O8: 19376 | P8: 22766 | Q8: 28166 | R8: 12754 | S8: 15412 | T8: 24472 | U8: 11499 | V8: 12973 | W8: 25106 | X8: 12132 | Y8: 12974 | Z8: 249936 | AA8: 106538 | AB8: 143398 | AC8: 42662 | AD8: 16160 | AE8: 26502 | AF8: 44567 | AG8: 16563 | AH8: 28004 | AI8: 49978 | AJ8: 20972 | AK8: 29006 | AL8: 39113 | AM8: 18117 | AN8: 20996 | AO8: 25189 | AP8: 11557 | AQ8: 13632 | AR8: 23673 | AS8: 11181 | AT8: 12492 | AU8: 24754 | AV8: 11988 | AW8: 12766 | AX8: 22959 | AY8: 8495 | AZ8: 14464 | BA8: 2199 | BB8: 675 | BC8: 1524 | BD8: 3635 | BE8: 1108 | BF8: 2527 | BG8: 5132 | BH8: 1792 | BI8: 3340 | BJ8: 4793 | BK8: 1968 | BL8: 2825 | BM8: 4926 | BN8: 1993 | BO8: 2933 | BP8: 1577 | BQ8: 648 | BR8: 929 | BS8: 697 | BT8: 311 | BU8: 386 | BV8: 1411 | BW8: 612 | BX8: 799 | BY8: 44 | BZ8: 16 | CA8: 28 | CB8: 84 | CC8: 33 | CD8: 51 | CE8: 153 | CF8: 59 | CG8: 94 | CH8: 280 | CI8: 117 | CJ8: 163 | CK8: 347 | CL8: 167 | CM8: 180 | CN8: 286 | CO8: 123 | CP8: 163 | CQ8: 217 | CR8: 97 | CS8: 120
A9: 新北市 New Taipei City | B9: 30998 | C9: 13358 | D9: 17640 | E9: 4894 | F9: 1708 | G9: 3186 | H9: 5002 | I9: 1875 | J9: 3127 | K9: 6489 | L9: 2835 | M9: 3654 | N9: 5105 | O9: 2464 | P9: 2641 | Q9: 3670 | R9: 1693 | S9: 1977 | T9: 2862 | U9: 1326 | V9: 1536 | W9: 2976 | X9: 1457 | Y9: 1519 | Z9: 29633 | AA9: 12906 | AB9: 16727 | AC9: 4657 | AD9: 1645 | AE9: 3012 | AF9: 4783 | AG9: 1810 | AH9: 2973 | AI9: 6137 | AJ9: 2720 | AK9: 3417 | AL9: 4825 | AM9: 2358 | AN9: 2467 | AO9: 3429 | AP9: 1604 | AQ9: 1825 | AR9: 2841 | AS9: 1320 | AT9: 1521 | AU9: 2961 | AV9: 1449 | AW9: 1512 | AX9: 2193 | AY9: 735 | AZ9: 1458 | BA9: 314 | BB9: 82 | BC9: 232 | BD9: 353 | BE9: 106 | BF9: 247 | BG9: 572 | BH9: 184 | BI9: 388 | BJ9: 432 | BK9: 163 | BL9: 269 | BM9: 417 | BN9: 160 | BO9: 257 | BP9: 68 | BQ9: 25 | BR9: 43 | BS9: 37 | BT9: 15 | BU9: 22 | BV9: 45 | BW9: 14 | BX9: 31 | BY9: 1 | BZ9: 1 | CA9: 0 | CB9: 2 | CC9: 0 | CD9: 2 | CE9: 7 | CF9: 1 | CG9: 6 | CH9: 8 | CI9: 2 | CJ9: 6 | CK9: 17 | CL9: 7 | CM9: 10 | CN9: 8 | CO9: 3 | CP9: 5 | CQ9: 2 | CR9: 0 | CS9: 2
A10: 臺北市 Taipei City | B10: 16991 | C10: 7071 | D10: 9920 | E10: 2028 | F10: 677 | G10: 1351 | H10: 2549 | I10: 940 | J10: 1609 | K10: 3876 | L10: 1528 | M10: 2348 | N10: 2499 | O10: 1157 | P10: 1342 | Q10: 1964 | R10: 884 | S10: 1080 | T10: 2076 | U10: 953 | V10: 1123 | W10: 1999 | X10: 932 | Y10: 1067 | Z10: 15953 | AA10: 6700 | AB10: 9253 | AC10: 1948 | AD10: 646 | AE10: 1302 | AF10: 2377 | AG10: 878 | AH10: 1499 | AI10: 3589 | AJ10: 1445 | AK10: 2144 | AL10: 2317 | AM10: 1085 | AN10: 1232 | AO10: 1708 | AP10: 779 | AQ10: 929 | AR10: 2033 | AS10: 942 | AT10: 1091 | AU10: 1981 | AV10: 925 | AW10: 1056 | AX10: 1461 | AY10: 501 | AZ10: 960 | BA10: 94 | BB10: 34 | BC10: 60 | BD10: 223 | BE10: 71 | BF10: 152 | BG10: 417 | BH10: 117 | BI10: 300 | BJ10: 245 | BK10: 93 | BL10: 152 | BM10: 378 | BN10: 149 | BO10: 229 | BP10: 69 | BQ10: 21 | BR10: 48 | BS10: 35 | BT10: 16 | BU10: 19 | BV10: 33 | BW10: 16 | BX10: 17 | BY10: 0 | BZ10: 0 | CA10: 0 | CB10: 2 | CC10: 1 | CD10: 1 | CE10: 5 | CF10: 2 | CG10: 3 | CH10: 4 | CI10: 2 | CJ10: 2 | CK10: 13 | CL10: 8 | CM10: 5 | CN10: 6 | CO10: 2 | CP10: 4 | CQ10: 3 | CR10: 1 | CS10: 2
A11: 桃園市 Taoyuan City | B11: 17731 | C11: 7834 | D11: 9897 | E11: 2189 | F11: 788 | G11: 1401 | H11: 2596 | I11: 986 | J11: 1610 | K11: 3213 | L11: 1367 | M11: 1846 | N11: 2973 | O11: 1406 | P11: 1567 | Q11: 2615 | R11: 1271 | S11: 1344 | T11: 2088 | U11: 978 | V11: 1110 | W11: 2057 | X11: 1038 | Y11: 1019 | Z11: 16688 | AA11: 7465 | AB11: 9223 | AC11: 2081 | AD11: 758 | AE11: 1323 | AF11: 2453 | AG11: 941 | AH11: 1512 | AI11: 2950 | AJ11: 1285 | AK11: 1665 | AL11: 2761 | AM11: 1319 | AN11: 1442 | AO11: 2363 | AP11: 1169 | AQ11: 1194 | AR11: 2040 | AS11: 962 | AT11: 1078 | AU11: 2040 | AV11: 1031 | AW11: 1009 | AX11: 1567 | AY11: 586 | AZ11: 981 | BA11: 143 | BB11: 39 | BC11: 104 | BD11: 208 | BE11: 72 | BF11: 136 | BG11: 356 | BH11: 115 | BI11: 241 | BJ11: 303 | BK11: 124 | BL11: 179 | BM11: 415 | BN11: 172 | BO11: 243 | BP11: 104 | BQ11: 41 | BR11: 63 | BS11: 38 | BT11: 23 | BU11: 15 | BV11: 30 | BW11: 8 | BX11: 22 | BY11: 1 | BZ11: 0 | CA11: 1 | CB11: 3 | CC11: 1 | CD11: 2 | CE11: 2 | CF11: 1 | CG11: 1 | CH11: 2 | CI11: 0 | CJ11: 2 | CK11: 13 | CL11: 3 | CM11: 10 | CN11: 7 | CO11: 3 | CP11: 4 | CQ11: 2 | CR11: 0 | CS11: 2
A12: 臺中市 Taichung City | B12: 35225 | C12: 14970 | D12: 20255 | E12: 5483 | F12: 2008 | G12: 3475 | H12: 5775 | I12: 2049 | J12: 3726 | K12: 6532 | L12: 2809 | M12: 3723 | N12: 6162 | O12: 2819 | P12: 3343 | Q12: 3908 | R12: 1789 | S12: 2119 | T12: 3586 | U12: 1730 | V12: 1856 | W12: 3779 | X12: 1766 | Y12: 2013 | Z12: 33262 | AA12: 14241 | AB12: 19021 | AC12: 5252 | AD12: 1937 | AE12: 3315 | AF12: 5478 | AG12: 1971 | AH12: 3507 | AI12: 6113 | AJ12: 2668 | AK12: 3445 | AL12: 5711 | AM12: 2609 | AN12: 3102 | AO12: 3514 | AP12: 1634 | AQ12: 1880 | AR12: 3470 | AS12: 1680 | AT12: 1790 | AU12: 3724 | AV12: 1742 | AW12: 1982 | AX12: 3430 | AY12: 1276 | AZ12: 2154 | BA12: 325 | BB12: 98 | BC12: 227 | BD12: 495 | BE12: 140 | BF12: 355 | BG12: 679 | BH12: 236 | BI12: 443 | BJ12: 775 | BK12: 332 | BL12: 443 | BM12: 707 | BN12: 285 | BO12: 422 | BP12: 297 | BQ12: 125 | BR12: 172 | BS12: 152 | BT12: 60 | BU12: 92 | BV12: 106 | BW12: 68 | BX12: 38 | BY12: 2 | BZ12: 1 | CA12: 1 | CB12: 3 | CC12: 0 | CD12: 3 | CE12: 13 | CF12: 8 | CG12: 5 | CH12: 16 | CI12: 12 | CJ12: 4 | CK12: 34 | CL12: 26 | CM12: 8 | CN12: 25 | CO12: 15 | CP12: 10 | CQ12: 13 | CR12: 6 | CS12: 7
A13: 臺南市 Tainan City | B13: 25963 | C13: 10589 | D13: 15374 | E13: 3719 | F13: 1462 | G13: 2257 | H13: 4549 | I13: 1631 | J13: 2918 | K13: 5302 | L13: 1983 | M13: 3319 | N13: 4291 | O13: 1867 | P13: 2424 | Q13: 2726 | R13: 1168 | S13: 1558 | T13: 2668 | U13: 1208 | V13: 1460 | W13: 2708 | X13: 1270 | Y13: 1438 | Z13: 24235 | AA13: 9963 | AB13: 14272 | AC13: 3599 | AD13: 1430 | AE13: 2169 | AF13: 4280 | AG13: 1554 | AH13: 2726 | AI13: 4937 | AJ13: 1871 | AK13: 3066 | AL13: 3924 | AM13: 1693 | AN13: 2231 | AO13: 2341 | AP13: 1019 | AQ13: 1322 | AR13: 2505 | AS13: 1145 | AT13: 1360 | AU13: 2649 | AV13: 1251 | AW13: 1398 | AX13: 2985 | AY13: 1122 | AZ13: 1863 | BA13: 192 | BB13: 54 | BC13: 138 | BD13: 415 | BE13: 118 | BF13: 297 | BG13: 625 | BH13: 211 | BI13: 414 | BJ13: 663 | BK13: 294 | BL13: 369 | BM13: 666 | BN13: 258 | BO13: 408 | BP13: 306 | BQ13: 136 | BR13: 170 | BS13: 118 | BT13: 51 | BU13: 67 | BV13: 92 | BW13: 33 | BX13: 59 | BY13: 0 | BZ13: 0 | CA13: 0 | CB13: 0 | CC13: 0 | CD13: 0 | CE13: 7 | CF13: 1 | CG13: 6 | CH13: 12 | CI13: 4 | CJ13: 8 | CK13: 20 | CL13: 8 | CM13: 12 | CN13: 25 | CO13: 10 | CP13: 15 | CQ13: 28 | CR13: 10 | CS13: 18
A14: 高雄市 Kaohsiung City | B14: 35586 | C14: 14990 | D14: 20596 | E14: 7928 | F14: 2984 | G14: 4944 | H14: 7830 | I14: 2946 | J14: 4884 | K14: 7182 | L14: 3028 | M14: 4154 | N14: 4461 | O14: 2171 | P14: 2290 | Q14: 2601 | R14: 1227 | S14: 1374 | T14: 2564 | U14: 1202 | V14: 1362 | W14: 3020 | X14: 1432 | Y14: 1588 | Z14: 33886 | AA14: 14359 | AB14: 19527 | AC14: 7673 | AD14: 2898 | AE14: 4775 | AF14: 7461 | AG14: 2824 | AH14: 4637 | AI14: 6750 | AJ14: 2877 | AK14: 3873 | AL14: 4167 | AM14: 2049 | AN14: 2118 | AO14: 2353 | AP14: 1112 | AQ14: 1241 | AR14: 2495 | AS14: 1178 | AT14: 1317 | AU14: 2987 | AV14: 1421 | AW14: 1566 | AX14: 2859 | AY14: 1114 | AZ14: 1745 | BA14: 371 | BB14: 126 | BC14: 245 | BD14: 609 | BE14: 214 | BF14: 395 | BG14: 702 | BH14: 266 | BI14: 436 | BJ14: 476 | BK14: 203 | BL14: 273 | BM14: 451 | BN14: 205 | BO14: 246 | BP14: 162 | BQ14: 61 | BR14: 101 | BS14: 88 | BT14: 39 | BU14: 49 | BV14: 164 | BW14: 61 | BX14: 103 | BY14: 9 | BZ14: 2 | CA14: 7 | CB14: 13 | CC14: 2 | CD14: 11 | CE14: 23 | CF14: 9 | CG14: 14 | CH14: 32 | CI14: 14 | CJ14: 18 | CK14: 35 | CL14: 13 | CM14: 22 | CN14: 26 | CO14: 10 | CP14: 16 | CQ14: 26 | CR14: 11 | CS14: 15
A15: 宜蘭縣 Yilan County | B15: 4766 | C15: 2040 | D15: 2726 | E15: 593 | F15: 229 | G15: 364 | H15: 644 | I15: 229 | J15: 415 | K15: 1050 | L15: 429 | M15: 621 | N15: 809 | O15: 365 | P15: 444 | Q15: 598 | R15: 276 | S15: 322 | T15: 505 | U15: 248 | V15: 257 | W15: 567 | X15: 264 | Y15: 303 | Z15: 4069 | AA15: 1786 | AB15: 2283 | AC15: 548 | AD15: 219 | AE15: 329 | AF15: 546 | AG15: 204 | AH15: 342 | AI15: 919 | AJ15: 384 | AK15: 535 | AL15: 640 | AM15: 297 | AN15: 343 | AO15: 423 | AP15: 205 | AQ15: 218 | AR15: 447 | AS15: 225 | AT15: 222 | AU15: 546 | AV15: 252 | AW15: 294 | AX15: 851 | AY15: 315 | AZ15: 536 | BA15: 54 | BB15: 12 | BC15: 42 | BD15: 115 | BE15: 33 | BF15: 82 | BG15: 154 | BH15: 56 | BI15: 98 | BJ15: 197 | BK15: 82 | BL15: 115 | BM15: 225 | BN15: 90 | BO15: 135 | BP15: 79 | BQ15: 27 | BR15: 52 | BS15: 27 | BT15: 15 | BU15: 12 | BV15: 9 | BW15: 5 | BX15: 4 | BY15: 0 | BZ15: 0 | CA15: 0 | CB15: 1 | CC15: 0 | CD15: 1 | CE15: 0 | CF15: 0 | CG15: 0 | CH15: 3 | CI15: 1 | CJ15: 2 | CK15: 2 | CL15: 2 | CM15: 0 | CN15: 1 | CO15: 0 | CP15: 1 | CQ15: 2 | CR15: 2 | CS15: 0
A16: 新竹縣 Hsinchu County | B16: 4466 | C16: 2026 | D16: 2440 | E16: 286 | F16: 130 | G16: 156 | H16: 488 | I16: 189 | J16: 299 | K16: 947 | L16: 386 | M16: 561 | N16: 798 | O16: 375 | P16: 423 | Q16: 851 | R16: 394 | S16: 457 | T16: 574 | U16: 284 | V16: 290 | W16: 522 | X16: 268 | Y16: 254 | Z16: 4062 | AA16: 1870 | AB16: 2192 | AC16: 270 | AD16: 125 | AE16: 145 | AF16: 453 | AG16: 182 | AH16: 271 | AI16: 875 | AJ16: 359 | AK16: 516 | AL16: 705 | AM16: 342 | AN16: 363 | AO16: 706 | AP16: 326 | AQ16: 380 | AR16: 540 | AS16: 271 | AT16: 269 | AU16: 513 | AV16: 265 | AW16: 248 | AX16: 550 | AY16: 224 | AZ16: 326 | BA16: 18 | BB16: 7 | BC16: 11 | BD16: 47 | BE16: 14 | BF16: 33 | BG16: 92 | BH16: 32 | BI16: 60 | BJ16: 128 | BK16: 44 | BL16: 84 | BM16: 191 | BN16: 93 | BO16: 98 | BP16: 60 | BQ16: 28 | BR16: 32 | BS16: 14 | BT16: 6 | BU16: 8 | BV16: 24 | BW16: 10 | BX16: 14 | BY16: 2 | BZ16: 1 | CA16: 1 | CB16: 1 | CC16: 1 | CD16: 0 | CE16: 1 | CF16: 1 | CG16: 0 | CH16: 4 | CI16: 1 | CJ16: 3 | CK16: 7 | CL16: 4 | CM16: 3 | CN16: 5 | CO16: 2 | CP16: 3 | CQ16: 4 | CR16: 0 | CS16: 4
A17: 苗栗縣 Miaoli County | B17: 6147 | C17: 2734 | D17: 3413 | E17: 759 | F17: 302 | G17: 457 | H17: 955 | I17: 354 | J17: 601 | K17: 1225 | L17: 536 | M17: 689 | N17: 1308 | O17: 611 | P17: 697 | Q17: 787 | R17: 349 | S17: 438 | T17: 568 | U17: 286 | V17: 282 | W17: 545 | X17: 296 | Y17: 249 | Z17: 5853 | AA17: 2623 | AB17: 3230 | AC17: 739 | AD17: 297 | AE17: 442 | AF17: 915 | AG17: 346 | AH17: 569 | AI17: 1164 | AJ17: 513 | AK17: 651 | AL17: 1223 | AM17: 578 | AN17: 645 | AO17: 716 | AP17: 317 | AQ17: 399 | AR17: 557 | AS17: 279 | AT17: 278 | AU17: 539 | AV17: 293 | AW17: 246 | AX17: 427 | AY17: 169 | AZ17: 258 | BA17: 27 | BB17: 9 | BC17: 18 | BD17: 55 | BE17: 15 | BF17: 40 | BG17: 68 | BH17: 27 | BI17: 41 | BJ17: 123 | BK17: 53 | BL17: 70 | BM17: 120 | BN17: 45 | BO17: 75 | BP17: 21 | BQ17: 13 | BR17: 8 | BS17: 13 | BT17: 7 | BU17: 6 | BV17: 25 | BW17: 12 | BX17: 13 | BY17: 0 | BZ17: 0 | CA17: 0 | CB17: 1 | CC17: 0 | CD17: 1 | CE17: 3 | CF17: 2 | CG17: 1 | CH17: 7 | CI17: 1 | CJ17: 6 | CK17: 8 | CL17: 3 | CM17: 5 | CN17: 5 | CO17: 5 | CP17: 0 | CQ17: 1 | CR17: 1 | CS17: 0
A18: 彰化縣 Changhua County | B18: 16303 | C18: 6572 | D18: 9731 | E18: 2751 | F18: 1060 | G18: 1691 | H18: 3259 | I18: 1130 | J18: 2129 | K18: 3460 | L18: 1337 | M18: 2123 | N18: 2692 | O18: 1141 | P18: 1551 | Q18: 1576 | R18: 693 | S18: 883 | T18: 1332 | U18: 606 | V18: 726 | W18: 1233 | X18: 605 | Y18: 628 | Z18: 15544 | AA18: 6312 | AB18: 9232 | AC18: 2653 | AD18: 1031 | AE18: 1622 | AF18: 3105 | AG18: 1083 | AH18: 2022 | AI18: 3278 | AJ18: 1273 | AK18: 2005 | AL18: 2556 | AM18: 1093 | AN18: 1463 | AO18: 1439 | AP18: 648 | AQ18: 791 | AR18: 1290 | AS18: 584 | AT18: 706 | AU18: 1223 | AV18: 600 | AW18: 623 | AX18: 1202 | AY18: 411 | AZ18: 791 | BA18: 136 | BB18: 37 | BC18: 99 | BD18: 225 | BE18: 71 | BF18: 154 | BG18: 290 | BH18: 101 | BI18: 189 | BJ18: 232 | BK18: 80 | BL18: 152 | BM18: 237 | BN18: 83 | BO18: 154 | BP18: 61 | BQ18: 29 | BR18: 32 | BS18: 21 | BT18: 10 | BU18: 11 | BV18: 63 | BW18: 21 | BX18: 42 | BY18: 0 | BZ18: 0 | CA18: 0 | CB18: 1 | CC18: 0 | CD18: 1 | CE18: 9 | CF18: 3 | CG18: 6 | CH18: 11 | CI18: 6 | CJ18: 5 | CK18: 15 | CL18: 4 | CM18: 11 | CN18: 19 | CO18: 5 | CP18: 14 | CQ18: 8 | CR18: 3 | CS18: 5
A19: 南投縣 Nantou County | B19: 10987 | C19: 4622 | D19: 6365 | E19: 2843 | F19: 1096 | G19: 1747 | H19: 2236 | I19: 849 | J19: 1387 | K19: 2011 | L19: 891 | M19: 1120 | N19: 1655 | O19: 749 | P19: 906 | Q19: 887 | R19: 376 | S19: 511 | T19: 718 | U19: 328 | V19: 390 | W19: 637 | X19: 333 | Y19: 304 | Z19: 10575 | AA19: 4459 | AB19: 6116 | AC19: 2793 | AD19: 1078 | AE19: 1715 | AF19: 2160 | AG19: 822 | AH19: 1338 | AI19: 1918 | AJ19: 850 | AK19: 1068 | AL19: 1551 | AM19: 710 | AN19: 841 | AO19: 829 | AP19: 351 | AQ19: 478 | AR19: 699 | AS19: 320 | AT19: 379 | AU19: 625 | AV19: 328 | AW19: 297 | AX19: 604 | AY19: 243 | AZ19: 361 | BA19: 66 | BB19: 24 | BC19: 42 | BD19: 99 | BE19: 35 | BF19: 64 | BG19: 134 | BH19: 55 | BI19: 79 | BJ19: 149 | BK19: 60 | BL19: 89 | BM19: 106 | BN19: 45 | BO19: 61 | BP19: 31 | BQ19: 15 | BR19: 16 | BS19: 19 | BT19: 9 | BU19: 10 | BV19: 127 | BW19: 55 | BX19: 72 | BY19: 4 | BZ19: 1 | CA19: 3 | CB19: 10 | CC19: 6 | CD19: 4 | CE19: 13 | CF19: 7 | CG19: 6 | CH19: 42 | CI19: 17 | CJ19: 25 | CK19: 26 | CL19: 12 | CM19: 14 | CN19: 20 | CO19: 6 | CP19: 14 | CQ19: 12 | CR19: 6 | CS19: 6
... A30: 連江縣 Lienchiang County | B30: 18 | C30: 9 | D30: 9 | E30: 10 | F30: 5 | G30: 5 | H30: 5 | I30: 3 | J30: 2 | K30: 0 | L30: 0 | M30: 0 | N30: 0 | O30: 0 | P30: 0 | Q30: 1 | R30: 1 | S30: 0 | T30: 1 | U30: 0 | V30: 1 | W30: 1 | X30: 0 | Y30: 1 | Z30: 13 | AA30: 5 | AB30: 8 | AC30: 6 | AD30: 2 | AE30: 4 | AF30: 4 | AG30: 2 | AH30: 2 | AI30: 0 | AJ30: 0 | AK30: 0 | AL30: 0 | AM30: 0 | AN30: 0 | AO30: 1 | AP30: 1 | AQ30: 0 | AR30: 1 | AS30: 0 | AT30: 1 | AU30: 1 | AV30: 0 | AW30: 1 | AX30: 5 | AY30: 4 | AZ30: 1 | BA30: 4 | BB30: 3 | BC30: 1 | BD30: 1 | BE30: 1 | BF30: 0 | BG30: 0 | BH30: 0 | BI30: 0 | BJ30: 0 | BK30: 0 | BL30: 0 | BM30: 0 | BN30: 0 | BO30: 0 | BP30: 0 | BQ30: 0 | BR30: 0 | BS30: 0 | BT30: 0 | BU30: 0 | BV30: 0 | BW30: 0 | BX30: 0 | BY30: 0 | BZ30: 0 | CA30: 0 | CB30: 0 | CC30: 0 | CD30: 0 | CE30: 0 | CF30: 0 | CG30: 0 | CH30: 0 | CI30: 0 | CJ30: 0 | CK30: 0 | CL30: 0 | CM30: 0 | CN30: 0 | CO30: 0 | CP30: 0 | CQ30: 0 | CR30: 0 | CS30: 0
A31: 資料來源：衛生福利部長期照顧司。
A32: 註：「總計」係全年中對於『居家服務』、『日間照顧』、『家庭托顧』無論是否使用單項服務或多項服務，最後皆以歸人計算。故總計不等於 『居家服務』＋『日間照顧』＋『家庭托顧』。
A33: Source: Department of Long-term care.
A35: 更新日期：2022/3/31

Sheet 居服歷年(98-109)
A1: 長期照顧十年計畫－居家服務 Achievements of Ten-year Long Term Care Program by Home Care Services
A3: 年(底)別 Year | B3: 服務單位數(個) Place | C3: (一) 期 底 服 務 員 人 數 Care Providers | L3: (二) 居 家 服 務 教 育 訓 練 | V3: (三)、居家服務成果 Achievements of Home Care Services
L4: 督 導 員Supervisor | T4: 照顧服務員Care Worker | V4: 期底服務個案人數 Persons Served | AH4: 本期服務人次(日) Service Person-times | AT4: 本期服務時數 Serviec Hours
C5: 合計 Total | F5: 專職服務 Full-time | H5: 兼職服務 Part-time | J5: 志願服務 Volunteer | L5: 合計 Subtotal | N5: 職前訓練Pre-work Training | P5: 成長訓練Development Training | R5: 進階訓練 Advanced Training | T5: 次數 Times | U5: 人數 Persons | V5: 合計 Total | Y5: 低收入 Low-income | AB5: 中低收入 Mid-income | AE5: 一般戶 General | AH5: 合計 Total | AK5: 低收入 Low-income | AN5: 中低收入 Mid-income | AQ5: 一般戶 General | AT5: 合計 Total | AW5: 低收入 Low-income
C6: 計 Subtotal | D6: 男 Male | E6: 女 Female | F6: 男 Male | G6: 女 Female | H6: 男 Male | I6: 女 Female | J6: 男 Male | K6: 女 Female | L6: 次數 | M6: 人數 | N6: 次數 | O6: 人數 | P6: 次數 | Q6: 人數 | R6: 次數 | S6: 人數 | V6: 計 Subtotal | W6: 男 Male | X6: 女 Female | Y6: 計 Subtotal | Z6: 男 Male | AA6: 女 Female | AB6: 計 Subtotal | AC6: 男 Male | AD6: 女 Female | AE6: 計 Subtotal | AF6: 男 Male | AG6: 女 Female | AH6: 計 Subtotal | AI6: 男 Male | AJ6: 女 Female | AK6: 計 Subtotal | AL6: 男 Male | AM6: 女 Female | AN6: 計 Subtotal | AO6: 男 Male | AP6: 女 Female | AQ6: 計 Subtotal | AR6: 男 Male | AS6: 女 Female | AT6: 計 Subtotal | AU6: 男 Male | AV6: 女 Female | AW6: 計 Subtotal
L7: Times | M7: Persons | N7: Times | O7: Persons | P7: Times | Q7: Persons | R7: Times | S7: Persons
A8: 98年, 2009 | B8: 127 | C8: 4794 | D8: 333 | E8: 4461 | F8: 154 | G8: 2250 | H8: 172 | I8: 2137 | J8: 7 | K8: 74 | L8: 157 | M8: 672 | N8: 30 | O8: 318 | P8: 82 | Q8: 136 | R8: 45 | S8: 218 | T8: 610 | U8: 10625 | V8: 22392 | W8: 9556 | X8: 12836 | Y8: 4983 | Z8: 2589 | AA8: 2394 | AB8: 4567 | AC8: 2058 | AD8: 2509 | AE8: 12842 | AF8: 4909 | AG8: 7933 | AH8: 2977808 | AI8: 1311436 | AJ8: 1666372 | AK8: 672571 | AL8: 346280 | AM8: 326291 | AN8: 655886 | AO8: 306452 | AP8: 349434 | AQ8: 1649351 | AR8: 658704 | AS8: 990647 | AT8: 5233455.6 | AU8: 2318292.3 | AV8: 2915163.3 | AW8: 1287881.5
A9: 99年, 2010 | B9: 132 | C9: 5591 | D9: 400 | E9: 5191 | F9: 260 | G9: 3391 | H9: 135 | I9: 1731 | J9: 5 | K9: 69 | L9: 240 | M9: 1036 | N9: 46 | O9: 529 | P9: 181 | Q9: 331 | R9: 13 | S9: 176 | T9: 902 | U9: 14703 | V9: 28398 | W9: 12084 | X9: 16314 | Y9: 5491 | Z9: 2878 | AA9: 2613 | AB9: 5249 | AC9: 2469 | AD9: 2780 | AE9: 17658 | AF9: 6737 | AG9: 10921 | AH9: 4076860 | AI9: 1764012 | AJ9: 2312848 | AK9: 864711 | AL9: 440249 | AM9: 424462 | AN9: 875942 | AO9: 414557 | AP9: 461385 | AQ9: 2336207 | AR9: 909206 | AS9: 1427001 | AT9: 7371916.5 | AU9: 3207475 | AV9: 4164441.5 | AW9: 1669729.1
A10: 100年, 2011 | B10: 144 | C10: 6353 | D10: 479 | E10: 5874 | F10: 314 | G10: 4092 | H10: 162 | I10: 1768 | J10: 3 | K10: 14 | L10: 269 | M10: 1875 | N10: 50 | O10: 824 | P10: 190 | Q10: 895 | R10: 29 | S10: 156 | T10: 932 | U10: 15985 | V10: 33193 | W10: 13947 | X10: 19246 | Y10: 7028 | Z10: 3621 | AA10: 3407 | AB10: 4984 | AC10: 2355 | AD10: 2629 | AE10: 21181 | AF10: 7971 | AG10: 13210 | AH10: 4749949 | AI10: 2055982 | AJ10: 2693967 | AK10: 1077860 | AL10: 550029 | AM10: 527831 | AN10: 823694 | AO10: 400600 | AP10: 423094 | AQ10: 2848395 | AR10: 1105353 | AS10: 1743042 | AT10: 9002334.7 | AU10: 3917101.4 | AV10: 5085233.3 | AW10: 2106391.9
A11: 101年, 2012 | B11: 149 | C11: 7118 | D11: 552 | E11: 6566 | F11: 350 | G11: 4476 | H11: 198 | I11: 2061 | J11: 4 | K11: 29 | L11: 75 | M11: 1121 | N11: 19 | O11: 414 | P11: 35 | Q11: 407 | R11: 21 | S11: 300 | T11: 319 | U11: 12155 | V11: 37994 | W11: 15753 | X11: 22241 | Y11: 8140 | Z11: 4075 | AA11: 4065 | AB11: 5102 | AC11: 2456 | AD11: 2646 | AE11: 24752 | AF11: 9222 | AG11: 15530 | AH11: 5595740 | AI11: 2404270 | AJ11: 3191470 | AK11: 1343844 | AL11: 666848 | AM11: 676996 | AN11: 810594 | AO11: 401490 | AP11: 409104 | AQ11: 3441302 | AR11: 1335932 | AS11: 2105370 | AT11: 10366734 | AU11: 4470667.9 | AV11: 5896066.3 | AW11: 2554583.4
A12: 102年, 2013 | B12: 162 | C12: 7463 | D12: 659 | E12: 6804 | F12: 462 | G12: 4652 | H12: 196 | I12: 2148 | J12: 1 | K12: 4 | L12: 67 | M12: 684 | N12: 17 | O12: 235 | P12: 30 | Q12: 274 | R12: 20 | S12: 175 | T12: 431 | U12: 13570 | V12: 41486 | W12: 17224 | X12: 24262 | Y12: 9005 | Z12: 4558 | AA12: 4447 | AB12: 5256 | AC12: 2560 | AD12: 2696 | AE12: 27225 | AF12: 10106 | AG12: 17119 | AH12: 6498195 | AI12: 2759773 | AJ12: 3738422 | AK12: 1562564 | AL12: 765413 | AM12: 797151 | AN12: 908773 | AO12: 450239 | AP12: 458534 | AQ12: 4026858 | AR12: 1544121 | AS12: 2482737 | AT12: 11553091 | AU12: 4964716.2 | AV12: 6588375.1 | AW12: 2877119.4
A13: 103年, 2014 | B13: 168 | C13: 7668 | D13: 579 | E13: 7089 | F13: 394 | G13: 4896 | H13: 184 | I13: 2184 | J13: 1 | K13: 9 | L13: 144 | M13: 986 | N13: 49 | O13: 494 | P13: 53 | Q13: 194 | R13: 42 | S13: 298 | T13: 724 | U13: 19365 | V13: 43584 | W13: 17969 | X13: 25615 | Y13: 9458 | Z13: 4768 | AA13: 4690 | AB13: 5509 | AC13: 2701 | AD13: 2808 | AE13: 28617 | AF13: 10500 | AG13: 18117 | AH13: 6904203 | AI13: 2892383 | AJ13: 4011820 | AK13: 1670324 | AL13: 818242 | AM13: 852082 | AN13: 903247 | AO13: 449419 | AP13: 453828 | AQ13: 4330632 | AR13: 1624722 | AS13: 2705910 | AT13: 11707321 | AU13: 4966056.2 | AV13: 6741265 | AW13: 2938230.6
A14: 104年, 2015 | B14: 181 | C14: 8368 | D14: 635 | E14: 7733 | F14: 422 | G14: 5337 | H14: 206 | I14: 2365 | J14: 7 | K14: 31 | L14: 138 | M14: 580 | N14: 70 | O14: 247 | P14: 51 | Q14: 159 | R14: 17 | S14: 174 | T14: 472 | U14: 12059 | V14: 46428 | W14: 18630 | X14: 27798 | Y14: 10128 | Z14: 5134 | AA14: 4994 | AB14: 5675 | AC14: 2720 | AD14: 2955 | AE14: 30625 | AF14: 10776 | AG14: 19849 | AH14: 7174484 | AI14: 2983757 | AJ14: 4190727 | AK14: 1762029 | AL14: 862706 | AM14: 899323 | AN14: 912105 | AO14: 451946 | AP14: 460159 | AQ14: 4500350 | AR14: 1669105 | AS14: 2831245 | AT14: 11851478 | AU14: 5069287.8 | AV14: 6782189.8 | AW14: 3073158.4
A15: 105年, 2016 | B15: 186 | C15: 8988 | D15: 738 | E15: 8250 | F15: 534 | G15: 5832 | H15: 199 | I15: 2350 | J15: 5 | K15: 68 | L15: 86 | M15: 650 | N15: 40 | O15: 295 | P15: 31 | Q15: 209 | R15: 15 | S15: 146 | T15: 428 | U15: 10899 | V15: 48962 | W15: 20157 | X15: 28805 | Y15: 10841 | Z15: 5496 | AA15: 5345 | AB15: 6022 | AC15: 2976 | AD15: 3046 | AE15: 32099 | AF15: 11685 | AG15: 20414 | AH15: 7859184 | AI15: 3253550 | AJ15: 4605634 | AK15: 1919593 | AL15: 947930 | AM15: 971663 | AN15: 1006104 | AO15: 496663 | AP15: 509441 | AQ15: 4933487 | AR15: 1808957 | AS15: 3124530 | AT15: 12617913 | AU15: 5307141.4 | AV15: 7310771.6 | AW15: 3233159.8
A16: 106年, 2017 | B16: 238 | C16: 9801 | D16: 847 | E16: 8954 | F16: 653 | G16: 6624 | H16: 181 | I16: 2246 | J16: 13 | K16: 84 | L16: 252 | M16: 1148 | N16: 194 | O16: 942 | P16: 28 | Q16: 160 | R16: 30 | S16: 46 | T16: 712 | U16: 14944 | V16: 56056 | W16: 23389 | X16: 32667 | Y16: 12235 | Z16: 6285 | AA16: 5950 | AB16: 7192 | AC16: 3539 | AD16: 3653 | AE16: 36629 | AF16: 13565 | AG16: 23064 | AH16: 8452801 | AI16: 3415406 | AJ16: 5037395 | AK16: 2010010 | AL16: 980120 | AM16: 1029890 | AN16: 1059086 | AO16: 514075 | AP16: 545011 | AQ16: 5383705 | AR16: 1921211 | AS16: 3462494 | AT16: 14115572 | AU16: 6345628.6 | AV16: 7769943.5 | AW16: 3267992.3
A18: 年(底)別 Year | B18: 居家服務人員 Care Providers | K18: 居家服務教育訓練 Education Training | Q18: 期底服務個案人數 Persons Served
Q19: 總計 | AC19: 65歲以上失能老人(不含50歲以上失智) | AO19: 55-64歲失能原住民(不含50歲以上失智) | AY19: 50歲以上失智(CDR 1分以上or身障資格為失智類)
B20: 合計 Total | E20: 督導員 Supervisor | H20: 照顧服務員 Care Worker | K20: 合計 Total | M20: 督導員 Supervisor | O20: 照顧服務員 Care Worker | Q20: 合計 | T20: 長照低收入戶 | W20: 長照中低收入戶 | Z20: 長照一般戶 | AC20: 合計 | AF20: 長照低收入戶 | AI20: 長照中低收入戶 | AL20: 長照一般戶 | AO20: 合計 | AR20: 長照低收入戶 | AU20: 長照中低收入戶 | AY20: 合計 | BB20: 長照低收入戶 | BE20: 長照中低收入戶 | BH20: 長照一般戶
B21: 計 Subtotal | C21: 男 Male | D21: 女 Female | E21: 計 Subtotal | F21: 男 Male | G21: 女 Female | H21: 計 Subtotal | I21: 男 Male | J21: 女 Female | K21: 次數 Times | L21: 人數 Persons | M21: 次數 Times | N21: 人數 Persons | O21: 次數 Times | P21: 人數 Persons | Q21: 計 Subtotal | R21: 男 Male | S21: 女 Female | T21: 計 Subtotal | U21: 男 Male | V21: 女 Female | W21: 計 Subtotal | X21: 男 Male | Y21: 女 Female | Z21: 計 Subtotal | AA21: 男 Male | AB21: 女 Female | AC21: 計 Subtotal | AD21: 男 Male | AE21: 女 Female | AF21: 計 Subtotal | AG21: 男 Male | AH21: 女 Female | AI21: 計 Subtotal | AJ21: 男 Male | AK21: 女 Female | AL21: 計 Subtotal | AM21: 男 Male | AN21: 女 Female | AO21: 計 Subtotal | AP21: 男 Male | AQ21: 女 Female | AR21: 計 Subtotal | AS21: 男 Male | AT21: 女 Female | AU21: 計 Subtotal | AV21: 男 Male | AW21: 女 Female | AX21: 女 Female | AY21: 計 Subtotal | AZ21: 男 Male | BA21: 女 Female | BB21: 計 Subtotal | BC21: 男 Male | BD21: 女 Female | BE21: 計 Subtotal | BF21: 男 Male | BG21: 女 Female | BH21: 計 Subtotal | BI21: 男 Male | BJ21: 女 Female
A22: 107年, 2018 | B22: 15007 | C22: 1610 | D22: 13397 | E22: 1469 | F22: 198 | G22: 1271 | H22: 13538 | I22: 1412 | J22: 12126 | K22: 2226 | L22: 58007 | M22: 784 | N22: 6983 | O22: 1442 | P22: 51024 | Q22: 96522 | R22: 40484 | S22: 56038 | T22: 23492 | U22: 11755 | V22: 11737 | W22: 11292 | X22: 5673 | Y22: 5619 | Z22: 61738 | AA22: 23056 | AB22: 38682 | AC22: 69823 | AD22: 26887 | AE22: 42936 | AF22: 14195 | AG22: 6499 | AH22: 7696 | AI22: 4859 | AJ22: 2320 | AK22: 2539 | AL22: 50769 | AM22: 18068 | AN22: 32701 | AO22: 2875 | AP22: 1486 | AQ22: 1389 | AR22: 1049 | AS22: 637 | AT22: 412 | AU22: 875 | AV22: 422 | AW22: 453 | AX22: 2653 | AY22: 6289 | AZ22: 2501 | BA22: 3788 | BB22: 1069 | BC22: 441 | BD22: 628 | BE22: 638 | BF22: 282 | BG22: 356 | BH22: 4582 | BI22: 1778 | BJ22: 2804
A24: 年(底)別 Year | B24: 期底服務個案人數 Persons Served | Z24: 本期服務個案人數 Persons Served
B25: 總計 | F25: 65歲以上老人 (含IADLs失能且獨居之老人) | J25: 65歲以上 領有身心障礙證明者 | N25: 64歲以下 領有身心障礙證明者 | R25: 55-64歲原住民 | V25: 50歲以上失智症者 | Z25: 總計 | AD25: 65歲以上老人 (含IADLs失能且獨居之老人) | AH25: 65歲以上 領有身心障礙證明者 | AL25: 64歲以下 領有身心障礙證明者 | AP25: 55-64歲原住民 | AT25: 50歲以上失智症者
B26: 合計 | C26: 長照低收入戶 | D26: 長照中低收入戶 | E26: 長照一般戶 | F26: 合計 | G26: 長照低收入戶 | H26: 長照中低收入戶 | I26: 長照一般戶 | J26: 合計 | K26: 長照低收入戶 | L26: 長照中低收入戶 | M26: 長照一般戶 | N26: 合計 | O26: 長照低收入戶 | P26: 長照中低收入戶 | Q26: 長照一般戶 | R26: 合計 | S26: 長照低收入戶 | T26: 長照中低收入戶 | U26: 長照一般戶 | V26: 合計 | W26: 長照低收入戶 | X26: 長照中低收入戶 | Y26: 長照一般戶 | Z26: 合計 | AA26: 長照低收入戶 | AB26: 長照中低收入戶 | AC26: 長照一般戶 | AD26: 合計 | AE26: 長照低收入戶 | AF26: 長照中低收入戶 | AG26: 長照一般戶 | AH26: 合計 | AI26: 長照低收入戶 | AJ26: 長照中低收入戶 | AK26: 長照一般戶 | AL26: 合計 | AM26: 長照低收入戶 | AN26: 長照中低收入戶 | AO26: 長照一般戶 | AP26: 合計 | AQ26: 長照低收入戶 | AR26: 長照中低收入戶 | AS26: 長照一般戶 | AT26: 合計 | AU26: 長照低收入戶 | AV26: 長照中低收入戶 | AW26: 長照一般戶
A28: 108年, 2019 | B28: 105470 | C28: 22103 | D28: 11989 | E28: 71378 | F28: 42599 | G28: 5968 | H28: 1107 | I28: 35524 | J28: 30299 | K28: 5880 | L28: 3058 | M28: 21361 | N28: 18434 | O28: 6799 | P28: 6052 | Q28: 5583 | R28: 956 | S28: 372 | T28: 264 | U28: 320 | V28: 13182 | W28: 3084 | X28: 1508 | Y28: 8590 | Z28: 193403 | AA28: 37067 | AB28: 19513 | AC28: 136823 | AD28: 82889 | AE28: 11047 | AF28: 2811 | AG28: 69031 | AH28: 56034 | AI28: 10308 | AJ28: 5232 | AK28: 40494 | AL28: 27983 | AM28: 10221 | AN28: 8805 | AO28: 8957 | AP28: 2680 | AQ28: 778 | AR28: 502 | AS28: 1400 | AT28: 23817 | AU28: 4713 | AV28: 2163 | AW28: 16941
A29: 109年, 2020 | B29: 158553 | C29: 30739 | D29: 17257 | E29: 110557 | F29: 73367 | G29: 10527 | H29: 3923 | I29: 58917 | J29: 40057 | K29: 7049 | L29: 3391 | M29: 29617 | N29: 24298 | O29: 7941 | P29: 6360 | Q29: 9997 | R29: 4240 | S29: 1374 | T29: 1565 | U29: 1301 | V29: 16591 | W29: 3848 | X29: 2018 | Y29: 10725 | Z29: 248565 | AA29: 46247 | AB29: 24267 | AC29: 178051 | AD29: 111049 | AE29: 15159 | AF29: 5382 | AG29: 90508 | AH29: 68249 | AI29: 11615 | AJ29: 5392 | AK29: 51242 | AL29: 37515 | AM29: 12465 | AN29: 9209 | AO29: 15841 | AP29: 5605 | AQ29: 1734 | AR29: 1960 | AS29: 1911 | AT29: 26147 | AU29: 5274 | AV29: 2324 | AW29: 18549
A30: 資料來源：直轄市、縣﹝市﹞政府。
A31: Source: County and Government.
A32: 附註：1.長照2.0於106年6月開始實施，擴大服務對象，致107年服務人數大幅增加。 2.「期底服務個案人數」：屬靜態資料，係指期底現有服務個案之人數(不含已結案者)。以108年資料為例，係指108年12月31日仍在案之人數。 3.「本期服務個案人數」：屬動態資料，係指某區間內有使用服務人口中歸人統計。例如：某個案一年共使用服務24次，則服務人數計1人。
A33: 更新日期：2021/4/30

Sheet 居服109
A1: 長期照顧十年計畫－居家服務 Achievements of Ten-year Long Term Care Program by Home Care Services
A2: 民國109年, 2020 | B2: =SUM(G7,K7,O7,S7,W7) -> 158553 | C2: =IF(C7=SUM(C10,C13,C16,C19,C22,C25,C28,C31,C34,C37,C40,C43,C46,C49,C52,C55,C58,C61,C64,C67,C70,C73),"","*") | D2: =IF(D7=SUM(D10,D13,D16,D19,D22,D25,D28,D31,D34,D37,D40,D43,D46,D49,D52,D55,D58,D61,D64,D67,D70,D73),"","*") | E2: =IF(E7=SUM(E10,E13,E16,E19,E22,E25,E28,E31,E34,E37,E40,E43,E46,E49,E52,E55,E58,E61,E64,E67,E70,E73),"","*") | F2: =IF(F7=SUM(F10,F13,F16,F19,F22,F25,F28,F31,F34,F37,F40,F43,F46,F49,F52,F55,F58,F61,F64,F67,F70,F73),"","*") | G2: =IF(G7=SUM(G10,G13,G16,G19,G22,G25,G28,G31,G34,G37,G40,G43,G46,G49,G52,G55,G58,G61,G64,G67,G70,G73),"","*") | H2: =IF(H7=SUM(H10,H13,H16,H19,H22,H25,H28,H31,H34,H37,H40,H43,H46,H49,H52,H55,H58,H61,H64,H67,H70,H73),"","*") | I2: =IF(I7=SUM(I10,I13,I16,I19,I22,I25,I28,I31,I34,I37,I40,I43,I46,I49,I52,I55,I58,I61,I64,I67,I70,I73),"","*") | J2: =IF(J7=SUM(J10,J13,J16,J19,J22,J25,J28,J31,J34,J37,J40,J43,J46,J49,J52,J55,J58,J61,J64,J67,J70,J73),"","*") | ... AX2: =IF(AX7=SUM(AX10,AX13,AX16,AX19,AX22,AX25,AX28,AX31,AX34,AX37,AX40,AX43,AX46,AX49,AX52,AX55,AX58,AX61,AX64,AX67,AX70,AX73),"","*")
A3: 區域別 Locality | C3: 期底服務個案人數 Persons Served | AA3: 本期服務個案人數 Persons Served
C4: 總計 | G4: 65歲以上老人 (含IADLs失能且獨居之老人) | K4: 65歲以上 領有身心障礙證明者 | O4: 64歲以下 領有身心障礙證明者 | S4: 55-64歲原住民 | W4: 50歲以上失智症者 | AA4: 總計 | AE4: 65歲以上老人 (含IADLs失能且獨居之老人) | AI4: 65歲以上 領有身心障礙證明者 | AM4: 64歲以下 領有身心障礙證明者 | AQ4: 55-64歲原住民 | AU4: 50歲以上失智症者
C5: 合計 | D5: 長照低收入戶 | E5: 長照中低收入戶 | F5: 長照一般戶 | G5: 合計 | H5: 長照低收入戶 | I5: 長照中低收入戶 | J5: 長照一般戶 | K5: 合計 | L5: 長照低收入戶 | M5: 長照中低收入戶 | N5: 長照一般戶 | O5: 合計 | P5: 長照低收入戶 | Q5: 長照中低收入戶 | R5: 長照一般戶 | S5: 合計 | T5: 長照低收入戶 | U5: 長照中低收入戶 | V5: 長照一般戶 | W5: 合計 | X5: 長照低收入戶 | Y5: 長照中低收入戶 | Z5: 長照一般戶 | AA5: 合計 | AB5: 長照低收入戶 | AC5: 長照中低收入戶 | AD5: 長照一般戶 | AE5: 合計 | AF5: 長照低收入戶 | AG5: 長照中低收入戶 | AH5: 長照一般戶 | AI5: 合計 | AJ5: 長照低收入戶 | AK5: 長照中低收入戶 | AL5: 長照一般戶 | AM5: 合計 | AN5: 長照低收入戶 | AO5: 長照中低收入戶 | AP5: 長照一般戶 | AQ5: 合計 | AR5: 長照低收入戶 | AS5: 長照中低收入戶 | AT5: 長照一般戶 | AU5: 合計 | AV5: 長照低收入戶 | AW5: 長照中低收入戶 | AX5: 長照一般戶
A7: 總計 | B7: 計Total | C7: 158553 | D7: 30739 | E7: 17257 | F7: 110557 | G7: 73367 | H7: 10527 | I7: 3923 | J7: 58917 | K7: 40057 | L7: 7049 | M7: 3391 | N7: 29617 | O7: 24298 | P7: 7941 | Q7: 6360 | R7: 9997 | S7: 4240 | T7: 1374 | U7: 1565 | V7: 1301 | W7: 16591 | X7: 3848 | Y7: 2018 | Z7: 10725 | AA7: 248565 | AB7: 46247 | AC7: 24267 | AD7: 178051 | AE7: 111049 | AF7: 15159 | AG7: 5382 | AH7: 90508 | AI7: 68249 | AJ7: 11615 | AK7: 5392 | AL7: 51242 | AM7: 37515 | AN7: 12465 | AO7: 9209 | AP7: 15841 | AQ7: 5605 | AR7: 1734 | AS7: 1960 | AT7: 1911 | AU7: 26147 | AV7: 5274 | AW7: 2324 | AX7: 18549
A8: Total | B8: 男Male | C8: 66520 | D8: 16182 | E8: 8777 | F8: 41561 | G8: 26063 | H8: 4640 | I8: 1809 | J8: 19614 | K8: 17568 | L8: 3537 | M8: 1652 | N8: 12379 | O8: 13636 | P8: 5098 | Q8: 3541 | R8: 4997 | S8: 2545 | T8: 961 | U8: 908 | V8: 676 | W8: 6708 | X8: 1946 | Y8: 867 | Z8: 3895 | AA8: 105461 | AB8: 24296 | AC8: 12280 | AD8: 68885 | AE8: 40548 | AF8: 6814 | AG8: 2484 | AH8: 31250 | AI8: 30338 | AJ8: 5868 | AK8: 2624 | AL8: 21846 | AM8: 20986 | AN8: 7927 | AO8: 5054 | AP8: 8005 | AQ8: 3276 | AR8: 1194 | AS8: 1124 | AT8: 958 | AU8: 10313 | AV8: 2493 | AW8: 994 | AX8: 6826
B9: 女Female | C9: 92033 | D9: 14557 | E9: 8480 | F9: 68996 | G9: 47304 | H9: 5887 | I9: 2114 | J9: 39303 | K9: 22489 | L9: 3512 | M9: 1739 | N9: 17238 | O9: 10662 | P9: 2843 | Q9: 2819 | R9: 5000 | S9: 1695 | T9: 413 | U9: 657 | V9: 625 | W9: 9883 | X9: 1902 | Y9: 1151 | Z9: 6830 | AA9: 143104 | AB9: 21951 | AC9: 11987 | AD9: 109166 | AE9: 70501 | AF9: 8345 | AG9: 2898 | AH9: 59258 | AI9: 37911 | AJ9: 5747 | AK9: 2768 | AL9: 29396 | AM9: 16529 | AN9: 4538 | AO9: 4155 | AP9: 7836 | AQ9: 2329 | AR9: 540 | AS9: 836 | AT9: 953 | AU9: 15834 | AV9: 2781 | AW9: 1330 | AX9: 11723
A10: 新 北 市 | B10: 計Total | C10: 14571 | D10: 2047 | E10: 1721 | F10: 10803 | G10: 5921 | H10: 525 | I10: 48 | J10: 5348 | K10: 3694 | L10: 507 | M10: 378 | N10: 2809 | O10: 2759 | P10: 631 | Q10: 1038 | R10: 1090 | S10: 31 | T10: 8 | U10: 9 | V10: 14 | W10: 2166 | X10: 376 | Y10: 248 | Z10: 1542 | AA10: 28329 | AB10: 3881 | AC10: 3087 | AD10: 21361 | AE10: 9561 | AF10: 804 | AG10: 82 | AH10: 8675 | AI10: 9116 | AJ10: 1211 | AK10: 816 | AL10: 7089 | AM10: 4867 | AN10: 1148 | AO10: 1722 | AP10: 1997 | AQ10: 55 | AR10: 14 | AS10: 16 | AT10: 25 | AU10: 4730 | AV10: 704 | AW10: 451 | AX10: 3575
A11: New Taipei City | B11: 男Male | C11: 6245 | D11: 1028 | E11: 902 | F11: 4315 | G11: 1933 | H11: 189 | I11: 19 | J11: 1725 | K11: 1808 | L11: 262 | M11: 204 | N11: 1342 | O11: 1623 | P11: 428 | Q11: 573 | R11: 622 | S11: 13 | T11: 2 | U11: 4 | V11: 7 | W11: 868 | X11: 147 | Y11: 102 | Z11: 619 | AA11: 12182 | AB11: 1911 | AC11: 1577 | AD11: 8694 | AE11: 3363 | AF11: 304 | AG11: 32 | AH11: 3027 | AI11: 4258 | AJ11: 577 | AK11: 423 | AL11: 3258 | AM11: 2777 | AN11: 741 | AO11: 929 | AP11: 1107 | AQ11: 23 | AR11: 6 | AS11: 5 | AT11: 12 | AU11: 1761 | AV11: 283 | AW11: 188 | AX11: 1290
B12: 女Female | C12: 8326 | D12: 1019 | E12: 819 | F12: 6488 | G12: 3988 | H12: 336 | I12: 29 | J12: 3623 | K12: 1886 | L12: 245 | M12: 174 | N12: 1467 | O12: 1136 | P12: 203 | Q12: 465 | R12: 468 | S12: 18 | T12: 6 | U12: 5 | V12: 7 | W12: 1298 | X12: 229 | Y12: 146 | Z12: 923 | AA12: 16147 | AB12: 1970 | AC12: 1510 | AD12: 12667 | AE12: 6198 | AF12: 500 | AG12: 50 | AH12: 5648 | AI12: 4858 | AJ12: 634 | AK12: 393 | AL12: 3831 | AM12: 2090 | AN12: 407 | AO12: 793 | AP12: 890 | AQ12: 32 | AR12: 8 | AS12: 11 | AT12: 13 | AU12: 2969 | AV12: 421 | AW12: 263 | AX12: 2285
A13: 臺 北 市 | B13: 計Total | C13: 8626 | D13: 1593 | E13: 281 | F13: 6752 | G13: 3776 | H13: 466 | I13: 23 | J13: 3287 | K13: 2137 | L13: 388 | M13: 74 | N13: 1675 | O13: 1107 | P13: 436 | Q13: 110 | R13: 561 | S13: 6 | T13: 2 | U13: 1 | V13: 3 | W13: 1600 | X13: 301 | Y13: 73 | Z13: 1226 | AA13: 19572 | AB13: 3499 | AC13: 592 | AD13: 15481 | AE13: 8572 | AF13: 1047 | AG13: 51 | AH13: 7474 | AI13: 4939 | AJ13: 866 | AK13: 166 | AL13: 3907 | AM13: 2376 | AN13: 915 | AO13: 234 | AP13: 1227 | AQ13: 12 | AR13: 4 | AS13: 2 | AT13: 6 | AU13: 3673 | AV13: 667 | AW13: 139 | AX13: 2867
A14: Taipei City | B14: 男Male | C14: 3549 | D14: 807 | E14: 148 | F14: 2594 | G14: 1249 | H14: 196 | I14: 10 | J14: 1043 | K14: 1050 | L14: 216 | M14: 37 | N14: 797 | O14: 653 | P14: 277 | Q14: 65 | R14: 311 | S14: 1 | T14: 0 | U14: 0 | V14: 1 | W14: 596 | X14: 118 | Y14: 36 | Z14: 442 | AA14: 8254 | AB14: 1818 | AC14: 292 | AD14: 6144 | AE14: 2983 | AF14: 479 | AG14: 18 | AH14: 2486 | AI14: 2443 | AJ14: 479 | AK14: 77 | AL14: 1887 | AM14: 1383 | AN14: 573 | AO14: 132 | AP14: 678 | AQ14: 2 | AR14: 1 | AS14: 0 | AT14: 1 | AU14: 1443 | AV14: 286 | AW14: 65 | AX14: 1092
B15: 女Female | C15: 5077 | D15: 786 | E15: 133 | F15: 4158 | G15: 2527 | H15: 270 | I15: 13 | J15: 2244 | K15: 1087 | L15: 172 | M15: 37 | N15: 878 | O15: 454 | P15: 159 | Q15: 45 | R15: 250 | S15: 5 | T15: 2 | U15: 1 | V15: 2 | W15: 1004 | X15: 183 | Y15: 37 | Z15: 784 | AA15: 11318 | AB15: 1681 | AC15: 300 | AD15: 9337 | AE15: 5589 | AF15: 568 | AG15: 33 | AH15: 4988 | AI15: 2496 | AJ15: 387 | AK15: 89 | AL15: 2020 | AM15: 993 | AN15: 342 | AO15: 102 | AP15: 549 | AQ15: 10 | AR15: 3 | AS15: 2 | AT15: 5 | AU15: 2230 | AV15: 381 | AW15: 74 | AX15: 1775
A16: 桃 園 市 | B16: 計Total | C16: 9126 | D16: 1662 | E16: 1231 | F16: 6233 | G16: 3932 | H16: 516 | I16: 99 | J16: 3317 | K16: 2165 | L16: 374 | M16: 252 | N16: 1539 | O16: 1723 | P16: 500 | Q16: 663 | R16: 560 | S16: 96 | T16: 28 | U16: 27 | V16: 41 | W16: 1210 | X16: 244 | Y16: 190 | Z16: 776 | AA16: 10849 | AB16: 1851 | AC16: 1364 | AD16: 7634 | AE16: 4818 | AF16: 595 | AG16: 117 | AH16: 4106 | AI16: 2581 | AJ16: 417 | AK16: 278 | AL16: 1886 | AM16: 1911 | AN16: 532 | AO16: 725 | AP16: 654 | AQ16: 105 | AR16: 28 | AS16: 31 | AT16: 46 | AU16: 1434 | AV16: 279 | AW16: 213 | AX16: 942
A17: Taoyuan City | B17: 男Male | C17: 4048 | D17: 863 | E17: 645 | F17: 2540 | G17: 1471 | H17: 214 | I17: 49 | J17: 1208 | K17: 1037 | L17: 187 | M17: 132 | N17: 718 | O17: 1004 | P17: 324 | Q17: 376 | R17: 304 | S17: 46 | T17: 22 | U17: 11 | V17: 13 | W17: 490 | X17: 116 | Y17: 77 | Z17: 297 | AA17: 4875 | AB17: 974 | AC17: 719 | AD17: 3182 | AE17: 1842 | AF17: 246 | AG17: 57 | AH17: 1539 | AI17: 1254 | AJ17: 220 | AK17: 150 | AL17: 884 | AM17: 1126 | AN17: 350 | AO17: 408 | AP17: 368 | AQ17: 49 | AR17: 22 | AS17: 12 | AT17: 15 | AU17: 604 | AV17: 136 | AW17: 92 | AX17: 376
B18: 女Female | C18: 5078 | D18: 799 | E18: 586 | F18: 3693 | G18: 2461 | H18: 302 | I18: 50 | J18: 2109 | K18: 1128 | L18: 187 | M18: 120 | N18: 821 | O18: 719 | P18: 176 | Q18: 287 | R18: 256 | S18: 50 | T18: 6 | U18: 16 | V18: 28 | W18: 720 | X18: 128 | Y18: 113 | Z18: 479 | AA18: 5974 | AB18: 877 | AC18: 645 | AD18: 4452 | AE18: 2976 | AF18: 349 | AG18: 60 | AH18: 2567 | AI18: 1327 | AJ18: 197 | AK18: 128 | AL18: 1002 | AM18: 785 | AN18: 182 | AO18: 317 | AP18: 286 | AQ18: 56 | AR18: 6 | AS18: 19 | AT18: 31 | AU18: 830 | AV18: 143 | AW18: 121 | AX18: 566
A19: 臺 中 市 | B19: 計Total | C19: 19564 | D19: 5415 | E19: 1174 | F19: 12975 | G19: 8129 | H19: 1155 | I19: 175 | J19: 6799 | K19: 5145 | L19: 1363 | M19: 387 | N19: 3395 | O19: 3568 | P19: 2020 | Q19: 424 | R19: 1124 | S19: 73 | T19: 35 | U19: 15 | V19: 23 | W19: 2649 | X19: 842 | Y19: 173 | Z19: 1634 | AA19: 42645 | AB19: 11324 | AC19: 2409 | AD19: 28912 | AE19: 17883 | AF19: 2450 | AG19: 359 | AH19: 15074 | AI19: 11410 | AJ19: 2895 | AK19: 799 | AL19: 7716 | AM19: 7395 | AN19: 4126 | AO19: 852 | AP19: 2417 | AQ19: 149 | AR19: 67 | AS19: 26 | AT19: 56 | AU19: 5808 | AV19: 1786 | AW19: 373 | AX19: 3649
A20: Taichung City | B20: 男Male | C20: 8341 | D20: 2771 | E20: 566 | F20: 5004 | G20: 2674 | H20: 439 | I20: 54 | J20: 2181 | K20: 2504 | L20: 697 | M20: 196 | N20: 1611 | O20: 2057 | P20: 1232 | Q20: 235 | R20: 590 | S20: 39 | T20: 20 | U20: 9 | V20: 10 | W20: 1067 | X20: 383 | Y20: 72 | Z20: 612 | AA20: 18379 | AB20: 5812 | AC20: 1169 | AD20: 11398 | AE20: 6035 | AF20: 936 | AG20: 111 | AH20: 4988 | AI20: 5625 | AJ20: 1504 | AK20: 410 | AL20: 3711 | AM20: 4267 | AN20: 2505 | AO20: 470 | AP20: 1292 | AQ20: 79 | AR20: 37 | AS20: 15 | AT20: 27 | AU20: 2373 | AV20: 830 | AW20: 163 | AX20: 1380
B21: 女Female | C21: 11223 | D21: 2644 | E21: 608 | F21: 7971 | G21: 5455 | H21: 716 | I21: 121 | J21: 4618 | K21: 2641 | L21: 666 | M21: 191 | N21: 1784 | O21: 1511 | P21: 788 | Q21: 189 | R21: 534 | S21: 34 | T21: 15 | U21: 6 | V21: 13 | W21: 1582 | X21: 459 | Y21: 101 | Z21: 1022 | AA21: 24266 | AB21: 5512 | AC21: 1240 | AD21: 17514 | AE21: 11848 | AF21: 1514 | AG21: 248 | AH21: 10086 | AI21: 5785 | AJ21: 1391 | AK21: 389 | AL21: 4005 | AM21: 3128 | AN21: 1621 | AO21: 382 | AP21: 1125 | AQ21: 70 | AR21: 30 | AS21: 11 | AT21: 29 | AU21: 3435 | AV21: 956 | AW21: 210 | AX21: 2269
A22: 臺 南 市 | B22: 計Total | C22: 13615 | D22: 2002 | E22: 1701 | F22: 9912 | G22: 6261 | H22: 639 | I22: 112 | J22: 5510 | K22: 3589 | L22: 491 | M22: 495 | N22: 2603 | O22: 1835 | P22: 498 | Q22: 812 | R22: 525 | S22: 10 | T22: 3 | U22: 2 | V22: 5 | W22: 1920 | X22: 371 | Y22: 280 | Z22: 1269 | AA22: 22906 | AB22: 3205 | AC22: 2642 | AD22: 17059 | AE22: 9339 | AF22: 946 | AG22: 168 | AH22: 8225 | AI22: 7807 | AJ22: 1090 | AK22: 961 | AL22: 5756 | AM22: 2997 | AN22: 877 | AO22: 1290 | AP22: 830 | AQ22: 16 | AR22: 5 | AS22: 4 | AT22: 7 | AU22: 2747 | AV22: 287 | AW22: 219 | AX22: 2241
A23: Tainan City | B23: 男Male | C23: 5439 | D23: 1023 | E23: 835 | F23: 3581 | G23: 2064 | H23: 240 | I23: 29 | J23: 1795 | K23: 1564 | L23: 249 | M23: 238 | N23: 1077 | O23: 1099 | P23: 347 | Q23: 457 | R23: 295 | S23: 2 | T23: 0 | U23: 1 | V23: 1 | W23: 710 | X23: 187 | Y23: 110 | Z23: 413 | AA23: 9242 | AB23: 1641 | AC23: 1279 | AD23: 6322 | AE23: 3200 | AF23: 398 | AG23: 42 | AH23: 2760 | AI23: 3291 | AJ23: 524 | AK23: 448 | AL23: 2319 | AM23: 1764 | AN23: 603 | AO23: 702 | AP23: 459 | AQ23: 5 | AR23: 0 | AS23: 3 | AT23: 2 | AU23: 982 | AV23: 116 | AW23: 84 | AX23: 782
B24: 女Female | C24: 8176 | D24: 979 | E24: 866 | F24: 6331 | G24: 4197 | H24: 399 | I24: 83 | J24: 3715 | K24: 2025 | L24: 242 | M24: 257 | N24: 1526 | O24: 736 | P24: 151 | Q24: 355 | R24: 230 | S24: 8 | T24: 3 | U24: 1 | V24: 4 | W24: 1210 | X24: 184 | Y24: 170 | Z24: 856 | AA24: 13664 | AB24: 1564 | AC24: 1363 | AD24: 10737 | AE24: 6139 | AF24: 548 | AG24: 126 | AH24: 5465 | AI24: 4516 | AJ24: 566 | AK24: 513 | AL24: 3437 | AM24: 1233 | AN24: 274 | AO24: 588 | AP24: 371 | AQ24: 11 | AR24: 5 | AS24: 1 | AT24: 5 | AU24: 1765 | AV24: 171 | AW24: 135 | AX24: 1459
A25: 高 雄 市 | B25: 計Total | C25: 36108 | D25: 7374 | E25: 4447 | F25: 24287 | G25: 19532 | H25: 4061 | I25: 2424 | J25: 13047 | K25: 8346 | L25: 1411 | M25: 273 | N25: 6662 | O25: 5297 | P25: 1061 | Q25: 601 | R25: 3635 | S25: 2855 | T25: 822 | U25: 1135 | V25: 898 | W25: 78 | X25: 19 | Y25: 14 | Z25: 45 | AA25: 49437 | AB25: 9162 | AC25: 5633 | AD25: 34642 | AE25: 26730 | AF25: 5050 | AG25: 3079 | AH25: 18601 | AI25: 11831 | AJ25: 1806 | AK25: 358 | AL25: 9667 | AM25: 7234 | AN25: 1302 | AO25: 785 | AP25: 5147 | AQ25: 3541 | AR25: 982 | AS25: 1391 | AT25: 1168 | AU25: 101 | AV25: 22 | AW25: 20 | AX25: 59
A26: Kaohsiung City | B26: 男Male | C26: 14973 | D26: 3523 | E26: 2299 | F26: 9151 | G26: 8052 | H26: 1927 | I26: 1228 | J26: 4897 | K26: 2763 | L26: 501 | M26: 92 | N26: 2170 | O26: 2413 | P26: 527 | Q26: 304 | R26: 1582 | S26: 1706 | T26: 554 | U26: 669 | V26: 483 | W26: 39 | X26: 14 | Y26: 6 | Z26: 19 | AA26: 20894 | AB26: 4417 | AC26: 2918 | AD26: 13559 | AE26: 11240 | AF26: 2420 | AG26: 1570 | AH26: 7250 | AI26: 4125 | AJ26: 666 | AK26: 129 | AL26: 3330 | AM26: 3361 | AN26: 656 | AO26: 398 | AP26: 2307 | AQ26: 2122 | AR26: 660 | AS26: 814 | AT26: 648 | AU26: 46 | AV26: 15 | AW26: 7 | AX26: 24
B27: 女Female | C27: 21135 | D27: 3851 | E27: 2148 | F27: 15136 | G27: 11480 | H27: 2134 | I27: 1196 | J27: 8150 | K27: 5583 | L27: 910 | M27: 181 | N27: 4492 | O27: 2884 | P27: 534 | Q27: 297 | R27: 2053 | S27: 1149 | T27: 268 | U27: 466 | V27: 415 | W27: 39 | X27: 5 | Y27: 8 | Z27: 26 | AA27: 28543 | AB27: 4745 | AC27: 2715 | AD27: 21083 | AE27: 15490 | AF27: 2630 | AG27: 1509 | AH27: 11351 | AI27: 7706 | AJ27: 1140 | AK27: 229 | AL27: 6337 | AM27: 3873 | AN27: 646 | AO27: 387 | AP27: 2840 | AQ27: 1419 | AR27: 322 | AS27: 577 | AT27: 520 | AU27: 55 | AV27: 7 | AW27: 13 | AX27: 35
A28: 宜蘭縣 | B28: 計Total | C28: 2373 | D28: 455 | E28: 262 | F28: 1656 | G28: 859 | H28: 114 | I28: 14 | J28: 731 | K28: 806 | L28: 138 | M28: 73 | N28: 595 | O28: 351 | P28: 116 | Q28: 121 | R28: 114 | S28: 28 | T28: 14 | U28: 7 | V28: 7 | W28: 329 | X28: 73 | Y28: 47 | Z28: 209 | AA28: 4472 | AB28: 878 | AC28: 485 | AD28: 3109 | AE28: 1567 | AF28: 212 | AG28: 21 | AH28: 1334 | AI28: 1539 | AJ28: 277 | AK28: 138 | AL28: 1124 | AM28: 671 | AN28: 216 | AO28: 225 | AP28: 230 | AQ28: 51 | AR28: 27 | AS28: 12 | AT28: 12 | AU28: 644 | AV28: 146 | AW28: 89 | AX28: 409
A29: Yilan County | B29: 男Male | C29: 1035 | D29: 255 | E29: 133 | F29: 647 | G29: 288 | H29: 52 | I29: 5 | J29: 231 | K29: 390 | L29: 75 | M29: 36 | N29: 279 | O29: 214 | P29: 84 | Q29: 72 | R29: 58 | S29: 19 | T29: 13 | U29: 4 | V29: 2 | W29: 124 | X29: 31 | Y29: 16 | Z29: 77 | AA29: 1952 | AB29: 491 | AC29: 254 | AD29: 1207 | AE29: 534 | AF29: 96 | AG29: 8 | AH29: 430 | AI29: 734 | AJ29: 155 | AK29: 74 | AL29: 505 | AM29: 403 | AN29: 153 | AO29: 136 | AP29: 114 | AQ29: 34 | AR29: 25 | AS29: 7 | AT29: 2 | AU29: 247 | AV29: 62 | AW29: 29 | AX29: 156
B30: 女Female | C30: 1338 | D30: 200 | E30: 129 | F30: 1009 | G30: 571 | H30: 62 | I30: 9 | J30: 500 | K30: 416 | L30: 63 | M30: 37 | N30: 316 | O30: 137 | P30: 32 | Q30: 49 | R30: 56 | S30: 9 | T30: 1 | U30: 3 | V30: 5 | W30: 205 | X30: 42 | Y30: 31 | Z30: 132 | AA30: 2520 | AB30: 387 | AC30: 231 | AD30: 1902 | AE30: 1033 | AF30: 116 | AG30: 13 | AH30: 904 | AI30: 805 | AJ30: 122 | AK30: 64 | AL30: 619 | AM30: 268 | AN30: 63 | AO30: 89 | AP30: 116 | AQ30: 17 | AR30: 2 | AS30: 5 | AT30: 10 | AU30: 397 | AV30: 84 | AW30: 60 | AX30: 253
A31: 新竹縣 | B31: 計Total | C31: 1836 | D31: 287 | E31: 211 | F31: 1338 | G31: 818 | H31: 83 | I31: 11 | J31: 724 | K31: 458 | L31: 72 | M31: 43 | N31: 343 | O31: 293 | P31: 67 | Q31: 114 | R31: 112 | S31: 32 | T31: 11 | U31: 11 | V31: 10 | W31: 235 | X31: 54 | Y31: 32 | Z31: 149 | AA31: 3137 | AB31: 464 | AC31: 332 | AD31: 2341 | AE31: 1383 | AF31: 137 | AG31: 27 | AH31: 1219 | AI31: 848 | AJ31: 139 | AK31: 83 | AL31: 626 | AM31: 530 | AN31: 136 | AO31: 187 | AP31: 207 | AQ31: 61 | AR31: 22 | AS31: 19 | AT31: 20 | AU31: 315 | AV31: 30 | AW31: 16 | AX31: 269
A32: Hsinchu County | B32: 男Male | C32: 805 | D32: 171 | E32: 110 | F32: 524 | G32: 280 | H32: 37 | I32: 8 | J32: 235 | K32: 227 | L32: 42 | M32: 18 | N32: 167 | O32: 177 | P32: 49 | Q32: 66 | R32: 62 | S32: 15 | T32: 10 | U32: 3 | V32: 2 | W32: 106 | X32: 33 | Y32: 15 | Z32: 58 | AA32: 1392 | AB32: 265 | AC32: 174 | AD32: 953 | AE32: 490 | AF32: 58 | AG32: 18 | AH32: 414 | AI32: 442 | AJ32: 82 | AK32: 38 | AL32: 322 | AM32: 306 | AN32: 93 | AO32: 102 | AP32: 111 | AQ32: 28 | AR32: 19 | AS32: 5 | AT32: 4 | AU32: 126 | AV32: 13 | AW32: 11 | AX32: 102
B33: 女Female | C33: 1031 | D33: 116 | E33: 101 | F33: 814 | G33: 538 | H33: 46 | I33: 3 | J33: 489 | K33: 231 | L33: 30 | M33: 25 | N33: 176 | O33: 116 | P33: 18 | Q33: 48 | R33: 50 | S33: 17 | T33: 1 | U33: 8 | V33: 8 | W33: 129 | X33: 21 | Y33: 17 | Z33: 91 | AA33: 1745 | AB33: 199 | AC33: 158 | AD33: 1388 | AE33: 893 | AF33: 79 | AG33: 9 | AH33: 805 | AI33: 406 | AJ33: 57 | AK33: 45 | AL33: 304 | AM33: 224 | AN33: 43 | AO33: 85 | AP33: 96 | AQ33: 33 | AR33: 3 | AS33: 14 | AT33: 16 | AU33: 189 | AV33: 17 | AW33: 5 | AX33: 167
A34: 苗栗縣 | B34: 計Total | C34: 3366 | D34: 503 | E34: 445 | F34: 2418 | G34: 1329 | H34: 99 | I34: 26 | J34: 1204 | K34: 916 | L34: 119 | M34: 118 | N34: 679 | O34: 510 | P34: 169 | Q34: 198 | R34: 143 | S34: 15 | T34: 1 | U34: 8 | V34: 6 | W34: 596 | X34: 115 | Y34: 95 | Z34: 386 | AA34: 5627 | AB34: 774 | AC34: 680 | AD34: 4173 | AE34: 2083 | AF34: 140 | AG34: 40 | AH34: 1903 | AI34: 2036 | AJ34: 253 | AK34: 237 | AL34: 1546 | AM34: 959 | AN34: 332 | AO34: 352 | AP34: 275 | AQ34: 25 | AR34: 3 | AS34: 11 | AT34: 11 | AU34: 524 | AV34: 46 | AW34: 40 | AX34: 438
A35: Miaoli County | B35: 男Male | C35: 1505 | D35: 314 | E35: 244 | F35: 947 | G35: 457 | H35: 41 | I35: 8 | J35: 408 | K35: 461 | L35: 78 | M35: 62 | N35: 321 | O35: 312 | P35: 125 | Q35: 119 | R35: 68 | S35: 9 | T35: 1 | U35: 6 | V35: 2 | W35: 266 | X35: 69 | Y35: 49 | Z35: 148 | AA35: 2525 | AB35: 488 | AC35: 361 | AD35: 1676 | AE35: 740 | AF35: 60 | AG35: 16 | AH35: 664 | AI35: 993 | AJ35: 166 | AK35: 120 | AL35: 707 | AM35: 564 | AN35: 240 | AO35: 194 | AP35: 130 | AQ35: 13 | AR35: 1 | AS35: 8 | AT35: 4 | AU35: 215 | AV35: 21 | AW35: 23 | AX35: 171
B36: 女Female | C36: 1861 | D36: 189 | E36: 201 | F36: 1471 | G36: 872 | H36: 58 | I36: 18 | J36: 796 | K36: 455 | L36: 41 | M36: 56 | N36: 358 | O36: 198 | P36: 44 | Q36: 79 | R36: 75 | S36: 6 | T36: 0 | U36: 2 | V36: 4 | W36: 330 | X36: 46 | Y36: 46 | Z36: 238 | AA36: 3102 | AB36: 286 | AC36: 319 | AD36: 2497 | AE36: 1343 | AF36: 80 | AG36: 24 | AH36: 1239 | AI36: 1043 | AJ36: 87 | AK36: 117 | AL36: 839 | AM36: 395 | AN36: 92 | AO36: 158 | AP36: 145 | AQ36: 12 | AR36: 2 | AS36: 3 | AT36: 7 | AU36: 309 | AV36: 25 | AW36: 17 | AX36: 267
A37: 彰化縣 | B37: 計Total | C37: 9547 | D37: 1583 | E37: 1026 | F37: 6938 | G37: 4550 | H37: 425 | I37: 85 | J37: 4040 | K37: 2392 | L37: 330 | M37: 269 | N37: 1793 | O37: 1426 | P37: 544 | Q37: 500 | R37: 382 | S37: 4 | T37: 1 | U37: 0 | V37: 3 | W37: 1175 | X37: 283 | Y37: 172 | Z37: 720 | AA37: 9547 | AB37: 1583 | AC37: 1026 | AD37: 6938 | AE37: 4550 | AF37: 425 | AG37: 85 | AH37: 4040 | AI37: 2392 | AJ37: 330 | AK37: 269 | AL37: 1793 | AM37: 1426 | AN37: 544 | AO37: 500 | AP37: 382 | AQ37: 4 | AR37: 1 | AS37: 0 | AT37: 3 | AU37: 1175 | AV37: 283 | AW37: 172 | AX37: 720
A38: Changhua County | B38: 男Male | C38: 3789 | D38: 843 | E38: 492 | F38: 2454 | G38: 1371 | H38: 151 | I38: 26 | J38: 1194 | K38: 1100 | L38: 183 | M38: 132 | N38: 785 | O38: 829 | P38: 358 | Q38: 261 | R38: 210 | S38: 3 | T38: 0 | U38: 0 | V38: 3 | W38: 486 | X38: 151 | Y38: 73 | Z38: 262 | AA38: 3789 | AB38: 843 | AC38: 492 | AD38: 2454 | AE38: 1371 | AF38: 151 | AG38: 26 | AH38: 1194 | AI38: 1100 | AJ38: 183 | AK38: 132 | AL38: 785 | AM38: 829 | AN38: 358 | AO38: 261 | AP38: 210 | AQ38: 3 | AR38: 0 | AS38: 0 | AT38: 3 | AU38: 486 | AV38: 151 | AW38: 73 | AX38: 262
B39: 女Female | C39: 5758 | D39: 740 | E39: 534 | F39: 4484 | G39: 3179 | H39: 274 | I39: 59 | J39: 2846 | K39: 1292 | L39: 147 | M39: 137 | N39: 1008 | O39: 597 | P39: 186 | Q39: 239 | R39: 172 | S39: 1 | T39: 1 | U39: 0 | V39: 0 | W39: 689 | X39: 132 | Y39: 99 | Z39: 458 | AA39: 5758 | AB39: 740 | AC39: 534 | AD39: 4484 | AE39: 3179 | AF39: 274 | AG39: 59 | AH39: 2846 | AI39: 1292 | AJ39: 147 | AK39: 137 | AL39: 1008 | AM39: 597 | AN39: 186 | AO39: 239 | AP39: 172 | AQ39: 1 | AR39: 1 | AS39: 0 | AT39: 0 | AU39: 689 | AV39: 132 | AW39: 99 | AX39: 458
A40: 南投縣 | B40: 計Total | C40: 6196 | D40: 1043 | E40: 721 | F40: 4432 | G40: 2973 | H40: 315 | I40: 89 | J40: 2569 | K40: 1649 | L40: 293 | M40: 181 | N40: 1175 | O40: 783 | P40: 256 | Q40: 318 | R40: 209 | S40: 98 | T40: 21 | U40: 35 | V40: 42 | W40: 693 | X40: 158 | Y40: 98 | Z40: 437 | AA40: 6196 | AB40: 1043 | AC40: 721 | AD40: 4432 | AE40: 2973 | AF40: 315 | AG40: 89 | AH40: 2569 | AI40: 1649 | AJ40: 293 | AK40: 181 | AL40: 1175 | AM40: 783 | AN40: 256 | AO40: 318 | AP40: 209 | AQ40: 98 | AR40: 21 | AS40: 35 | AT40: 42 | AU40: 693 | AV40: 158 | AW40: 98 | AX40: 437
A41: Nantou County | B41: 男Male | C41: 2598 | D41: 583 | E41: 379 | F41: 1636 | G41: 972 | H41: 128 | I41: 32 | J41: 812 | K41: 782 | L41: 168 | M41: 88 | N41: 526 | O41: 493 | P41: 177 | Q41: 198 | R41: 118 | S41: 60 | T41: 19 | U41: 20 | V41: 21 | W41: 291 | X41: 91 | Y41: 41 | Z41: 159 | AA41: 2598 | AB41: 583 | AC41: 379 | AD41: 1636 | AE41: 972 | AF41: 128 | AG41: 32 | AH41: 812 | AI41: 782 | AJ41: 168 | AK41: 88 | AL41: 526 | AM41: 493 | AN41: 177 | AO41: 198 | AP41: 118 | AQ41: 60 | AR41: 19 | AS41: 20 | AT41: 21 | AU41: 291 | AV41: 91 | AW41: 41 | AX41: 159
B42: 女Female | C42: 3598 | D42: 460 | E42: 342 | F42: 2796 | G42: 2001 | H42: 187 | I42: 57 | J42: 1757 | K42: 867 | L42: 125 | M42: 93 | N42: 649 | O42: 290 | P42: 79 | Q42: 120 | R42: 91 | S42: 38 | T42: 2 | U42: 15 | V42: 21 | W42: 402 | X42: 67 | Y42: 57 | Z42: 278 | AA42: 3598 | AB42: 460 | AC42: 342 | AD42: 2796 | AE42: 2001 | AF42: 187 | AG42: 57 | AH42: 1757 | AI42: 867 | AJ42: 125 | AK42: 93 | AL42: 649 | AM42: 290 | AN42: 79 | AO42: 120 | AP42: 91 | AQ42: 38 | AR42: 2 | AS42: 15 | AT42: 21 | AU42: 402 | AV42: 67 | AW42: 57 | AX42: 278
A43: 雲林縣 | B43: 計Total | C43: 3928 | D43: 683 | E43: 350 | F43: 2895 | G43: 1699 | H43: 170 | I43: 26 | J43: 1503 | K43: 1176 | L43: 199 | M43: 87 | N43: 890 | O43: 485 | P43: 190 | Q43: 179 | R43: 116 | S43: 1 | T43: 0 | U43: 1 | V43: 0 | W43: 567 | X43: 124 | Y43: 57 | Z43: 386 | AA43: 6167 | AB43: 1003 | AC43: 562 | AD43: 4602 | AE43: 2733 | AF43: 273 | AG43: 34 | AH43: 2426 | AI43: 1852 | AJ43: 293 | AK43: 139 | AL43: 1420 | AM43: 745 | AN43: 260 | AO43: 301 | AP43: 184 | AQ43: 3 | AR43: 0 | AS43: 1 | AT43: 2 | AU43: 834 | AV43: 177 | AW43: 87 | AX43: 570
A44: Yunlin County | B44: 男Male | C44: 1587 | D44: 387 | E44: 189 | F44: 1011 | G44: 533 | H44: 72 | I44: 9 | J44: 452 | K44: 520 | L44: 109 | M44: 47 | N44: 364 | O44: 310 | P44: 133 | Q44: 108 | R44: 69 | S44: 0 | T44: 0 | U44: 0 | V44: 0 | W44: 224 | X44: 73 | Y44: 25 | Z44: 126 | AA44: 2454 | AB44: 559 | AC44: 291 | AD44: 1604 | AE44: 846 | AF44: 121 | AG44: 12 | AH44: 713 | AI44: 834 | AJ44: 161 | AK44: 76 | AL44: 597 | AM44: 457 | AN44: 181 | AO44: 169 | AP44: 107 | AQ44: 0 | AR44: 0 | AS44: 0 | AT44: 0 | AU44: 317 | AV44: 96 | AW44: 34 | AX44: 187
B45: 女Female | C45: 2341 | D45: 296 | E45: 161 | F45: 1884 | G45: 1166 | H45: 98 | I45: 17 | J45: 1051 | K45: 656 | L45: 90 | M45: 40 | N45: 526 | O45: 175 | P45: 57 | Q45: 71 | R45: 47 | S45: 1 | T45: 0 | U45: 1 | V45: 0 | W45: 343 | X45: 51 | Y45: 32 | Z45: 260 | AA45: 3713 | AB45: 444 | AC45: 271 | AD45: 2998 | AE45: 1887 | AF45: 152 | AG45: 22 | AH45: 1713 | AI45: 1018 | AJ45: 132 | AK45: 63 | AL45: 823 | AM45: 288 | AN45: 79 | AO45: 132 | AP45: 77 | AQ45: 3 | AR45: 0 | AS45: 1 | AT45: 2 | AU45: 517 | AV45: 81 | AW45: 53 | AX45: 383
A46: 嘉義縣 | B46: 計Total | C46: 4781 | D46: 799 | E46: 552 | F46: 3430 | G46: 2074 | H46: 220 | I46: 48 | J46: 1806 | K46: 1350 | L46: 267 | M46: 100 | N46: 983 | O46: 572 | P46: 168 | Q46: 270 | R46: 134 | S46: 8 | T46: 0 | U46: 6 | V46: 2 | W46: 777 | X46: 144 | Y46: 128 | Z46: 505 | AA46: 8194 | AB46: 1240 | AC46: 854 | AD46: 6100 | AE46: 3417 | AF46: 360 | AG46: 75 | AH46: 2982 | AI46: 2555 | AJ46: 450 | AK46: 198 | AL46: 1907 | AM46: 1071 | AN46: 321 | AO46: 505 | AP46: 245 | AQ46: 17 | AR46: 2 | AS46: 9 | AT46: 6 | AU46: 1134 | AV46: 107 | AW46: 67 | AX46: 960
A47: Chiayi County | B47: 男Male | C47: 1972 | D47: 468 | E47: 282 | F47: 1222 | G47: 679 | H47: 94 | I47: 15 | J47: 570 | K47: 614 | L47: 151 | M47: 48 | N47: 415 | O47: 362 | P47: 137 | Q47: 159 | R47: 66 | S47: 3 | T47: 0 | U47: 2 | V47: 1 | W47: 314 | X47: 86 | Y47: 58 | Z47: 170 | AA47: 3367 | AB47: 710 | AC47: 444 | AD47: 2213 | AE47: 1155 | AF47: 159 | AG47: 25 | AH47: 971 | AI47: 1154 | AJ47: 258 | AK47: 89 | AL47: 807 | AM47: 667 | AN47: 251 | AO47: 297 | AP47: 119 | AQ47: 10 | AR47: 2 | AS47: 4 | AT47: 4 | AU47: 381 | AV47: 40 | AW47: 29 | AX47: 312
B48: 女Female | C48: 2809 | D48: 331 | E48: 270 | F48: 2208 | G48: 1395 | H48: 126 | I48: 33 | J48: 1236 | K48: 736 | L48: 116 | M48: 52 | N48: 568 | O48: 210 | P48: 31 | Q48: 111 | R48: 68 | S48: 5 | T48: 0 | U48: 4 | V48: 1 | W48: 463 | X48: 58 | Y48: 70 | Z48: 335 | AA48: 4827 | AB48: 530 | AC48: 410 | AD48: 3887 | AE48: 2262 | AF48: 201 | AG48: 50 | AH48: 2011 | AI48: 1401 | AJ48: 192 | AK48: 109 | AL48: 1100 | AM48: 404 | AN48: 70 | AO48: 208 | AP48: 126 | AQ48: 7 | AR48: 0 | AS48: 5 | AT48: 2 | AU48: 753 | AV48: 67 | AW48: 38 | AX48: 648
A49: 屏東縣 | B49: 計Total | C49: 10001 | D49: 2074 | E49: 1201 | F49: 6726 | G49: 4485 | H49: 545 | I49: 122 | J49: 3818 | K49: 2632 | L49: 507 | M49: 339 | N49: 1786 | O49: 1424 | P49: 604 | Q49: 486 | R49: 334 | S49: 213 | T49: 71 | U49: 66 | V49: 76 | W49: 1247 | X49: 347 | Y49: 188 | Z49: 712 | AA49: 12017 | AB49: 2474 | AC49: 1462 | AD49: 8081 | AE49: 6058 | AF49: 902 | AG49: 335 | AH49: 4821 | AI49: 2965 | AJ49: 587 | AK49: 392 | AL49: 1986 | AM49: 1820 | AN49: 729 | AO49: 584 | AP49: 507 | AQ49: 528 | AR49: 142 | AS49: 94 | AT49: 292 | AU49: 646 | AV49: 114 | AW49: 57 | AX49: 475
A50: Pingtung County | B50: 男Male | C50: 4111 | D50: 1185 | E50: 580 | F50: 2346 | G50: 1372 | H50: 206 | I50: 29 | J50: 1137 | K50: 1230 | L50: 291 | M50: 165 | N50: 774 | O50: 875 | P50: 436 | Q50: 265 | R50: 174 | S50: 130 | T50: 56 | U50: 39 | V50: 35 | W50: 504 | X50: 196 | Y50: 82 | Z50: 226 | AA50: 5139 | AB50: 1422 | AC50: 716 | AD50: 3001 | AE50: 2186 | AF50: 420 | AG50: 127 | AH50: 1639 | AI50: 1345 | AJ50: 331 | AK50: 192 | AL50: 822 | AM50: 1103 | AN50: 515 | AO50: 325 | AP50: 263 | AQ50: 241 | AR50: 96 | AS50: 52 | AT50: 93 | AU50: 264 | AV50: 60 | AW50: 20 | AX50: 184
B51: 女Female | C51: 5890 | D51: 889 | E51: 621 | F51: 4380 | G51: 3113 | H51: 339 | I51: 93 | J51: 2681 | K51: 1402 | L51: 216 | M51: 174 | N51: 1012 | O51: 549 | P51: 168 | Q51: 221 | R51: 160 | S51: 83 | T51: 15 | U51: 27 | V51: 41 | W51: 743 | X51: 151 | Y51: 106 | Z51: 486 | AA51: 6878 | AB51: 1052 | AC51: 746 | AD51: 5080 | AE51: 3872 | AF51: 482 | AG51: 208 | AH51: 3182 | AI51: 1620 | AJ51: 256 | AK51: 200 | AL51: 1164 | AM51: 717 | AN51: 214 | AO51: 259 | AP51: 244 | AQ51: 287 | AR51: 46 | AS51: 42 | AT51: 199 | AU51: 382 | AV51: 54 | AW51: 37 | AX51: 291
A52: 臺東縣 | B52: 計Total | C52: 2727 | D52: 835 | E52: 253 | F52: 1639 | G52: 1054 | H52: 153 | I52: 15 | J52: 886 | K52: 757 | L52: 190 | M52: 80 | N52: 487 | O52: 411 | P52: 251 | Q52: 83 | R52: 77 | S52: 206 | T52: 111 | U52: 41 | V52: 54 | W52: 299 | X52: 130 | Y52: 34 | Z52: 135 | AA52: 2727 | AB52: 835 | AC52: 253 | AD52: 1639 | AE52: 1054 | AF52: 153 | AG52: 15 | AH52: 886 | AI52: 757 | AJ52: 190 | AK52: 80 | AL52: 487 | AM52: 411 | AN52: 251 | AO52: 83 | AP52: 77 | AQ52: 206 | AR52: 111 | AS52: 41 | AT52: 54 | AU52: 299 | AV52: 130 | AW52: 34 | AX52: 135
A53: Taitung County | B53: 男Male | C53: 1266 | D53: 552 | E53: 132 | F53: 582 | G53: 342 | H53: 71 | I53: 4 | J53: 267 | K53: 346 | L53: 117 | M53: 35 | N53: 194 | O53: 288 | P53: 191 | Q53: 51 | R53: 46 | S53: 139 | T53: 91 | U53: 21 | V53: 27 | W53: 151 | X53: 82 | Y53: 21 | Z53: 48 | AA53: 1266 | AB53: 552 | AC53: 132 | AD53: 582 | AE53: 342 | AF53: 71 | AG53: 4 | AH53: 267 | AI53: 346 | AJ53: 117 | AK53: 35 | AL53: 194 | AM53: 288 | AN53: 191 | AO53: 51 | AP53: 46 | AQ53: 139 | AR53: 91 | AS53: 21 | AT53: 27 | AU53: 151 | AV53: 82 | AW53: 21 | AX53: 48
B54: 女Female | C54: 1461 | D54: 283 | E54: 121 | F54: 1057 | G54: 712 | H54: 82 | I54: 11 | J54: 619 | K54: 411 | L54: 73 | M54: 45 | N54: 293 | O54: 123 | P54: 60 | Q54: 32 | R54: 31 | S54: 67 | T54: 20 | U54: 20 | V54: 27 | W54: 148 | X54: 48 | Y54: 13 | Z54: 87 | AA54: 1461 | AB54: 283 | AC54: 121 | AD54: 1057 | AE54: 712 | AF54: 82 | AG54: 11 | AH54: 619 | AI54: 411 | AJ54: 73 | AK54: 45 | AL54: 293 | AM54: 123 | AN54: 60 | AO54: 32 | AP54: 31 | AQ54: 67 | AR54: 20 | AS54: 20 | AT54: 27 | AU54: 148 | AV54: 48 | AW54: 13 | AX54: 87
A55: 花蓮縣 | B55: 計Total | C55: 6442 | D55: 1487 | E55: 998 | F55: 3957 | G55: 3466 | H55: 806 | I55: 544 | J55: 2116 | K55: 1244 | L55: 162 | M55: 36 | N55: 1046 | O55: 918 | P55: 186 | Q55: 142 | R55: 590 | S55: 560 | T55: 245 | U55: 200 | V55: 115 | W55: 254 | X55: 88 | Y55: 76 | Z55: 90 | AA55: 9213 | AB55: 1924 | AC55: 1338 | AD55: 5951 | AE55: 4951 | AF55: 1054 | AG55: 727 | AH55: 3170 | AI55: 1861 | AJ55: 220 | AK55: 48 | AL55: 1593 | AM55: 1314 | AN55: 232 | AO55: 191 | AP55: 891 | AQ55: 730 | AR55: 304 | AS55: 267 | AT55: 159 | AU55: 357 | AV55: 114 | AW55: 105 | AX55: 138
A56: Hualien County | B56: 男Male | C56: 2893 | D56: 916 | E56: 502 | F56: 1475 | G56: 1545 | H56: 495 | I56: 269 | J56: 781 | K56: 420 | L56: 83 | M56: 11 | N56: 326 | O56: 427 | P56: 102 | Q56: 64 | R56: 261 | S56: 359 | T56: 173 | U56: 119 | V56: 67 | W56: 142 | X56: 63 | Y56: 39 | Z56: 40 | AA56: 4105 | AB56: 1198 | AC56: 677 | AD56: 2230 | AE56: 2193 | AF56: 652 | AG56: 362 | AH56: 1179 | AI56: 643 | AJ56: 116 | AK56: 15 | AL56: 512 | AM56: 602 | AN56: 133 | AO56: 85 | AP56: 384 | AQ56: 467 | AR56: 215 | AS56: 158 | AT56: 94 | AU56: 200 | AV56: 82 | AW56: 57 | AX56: 61
B57: 女Female | C57: 3549 | D57: 571 | E57: 496 | F57: 2482 | G57: 1921 | H57: 311 | I57: 275 | J57: 1335 | K57: 824 | L57: 79 | M57: 25 | N57: 720 | O57: 491 | P57: 84 | Q57: 78 | R57: 329 | S57: 201 | T57: 72 | U57: 81 | V57: 48 | W57: 112 | X57: 25 | Y57: 37 | Z57: 50 | AA57: 5108 | AB57: 726 | AC57: 661 | AD57: 3721 | AE57: 2758 | AF57: 402 | AG57: 365 | AH57: 1991 | AI57: 1218 | AJ57: 104 | AK57: 33 | AL57: 1081 | AM57: 712 | AN57: 99 | AO57: 106 | AP57: 507 | AQ57: 263 | AR57: 89 | AS57: 109 | AT57: 65 | AU57: 157 | AV57: 32 | AW57: 48 | AX57: 77
A58: 澎湖縣 | B58: 計Total | C58: 948 | D58: 165 | E58: 83 | F58: 700 | G58: 479 | H58: 45 | I58: 1 | J58: 433 | K58: 264 | L58: 45 | M58: 23 | N58: 196 | O58: 118 | P58: 47 | Q58: 41 | R58: 30 | S58: 2 | T58: 1 | U58: 1 | V58: 0 | W58: 85 | X58: 27 | Y58: 17 | Z58: 41 | AA58: 1764 | AB58: 272 | AC58: 141 | AD58: 1351 | AE58: 897 | AF58: 78 | AG58: 4 | AH58: 815 | AI58: 480 | AJ58: 69 | AK58: 38 | AL58: 373 | AM58: 172 | AN58: 67 | AO58: 66 | AP58: 39 | AQ58: 2 | AR58: 1 | AS58: 1 | AT58: 0 | AU58: 213 | AV58: 57 | AW58: 32 | AX58: 124
A59: Penghu County | B59: 男Male | C59: 370 | D59: 104 | E59: 44 | F59: 222 | G59: 139 | H59: 19 | I59: 0 | J59: 120 | K59: 113 | L59: 29 | M59: 10 | N59: 74 | O59: 77 | P59: 36 | Q59: 27 | R59: 14 | S59: 0 | T59: 0 | U59: 0 | V59: 0 | W59: 41 | X59: 20 | Y59: 7 | Z59: 14 | AA59: 666 | AB59: 170 | AC59: 70 | AD59: 426 | AE59: 258 | AF59: 36 | AG59: 0 | AH59: 222 | AI59: 202 | AJ59: 42 | AK59: 17 | AL59: 143 | AM59: 110 | AN59: 53 | AO59: 40 | AP59: 17 | AQ59: 0 | AR59: 0 | AS59: 0 | AT59: 0 | AU59: 96 | AV59: 39 | AW59: 13 | AX59: 44
B60: 女Female | C60: 578 | D60: 61 | E60: 39 | F60: 478 | G60: 340 | H60: 26 | I60: 1 | J60: 313 | K60: 151 | L60: 16 | M60: 13 | N60: 122 | O60: 41 | P60: 11 | Q60: 14 | R60: 16 | S60: 2 | T60: 1 | U60: 1 | V60: 0 | W60: 44 | X60: 7 | Y60: 10 | Z60: 27 | AA60: 1098 | AB60: 102 | AC60: 71 | AD60: 925 | AE60: 639 | AF60: 42 | AG60: 4 | AH60: 593 | AI60: 278 | AJ60: 27 | AK60: 21 | AL60: 230 | AM60: 62 | AN60: 14 | AO60: 26 | AP60: 22 | AQ60: 2 | AR60: 1 | AS60: 1 | AT60: 0 | AU60: 117 | AV60: 18 | AW60: 19 | AX60: 80
A61: 基隆市 | B61: 計Total | C61: 1471 | D61: 286 | E61: 276 | F61: 909 | G61: 556 | H61: 75 | I61: 32 | J61: 449 | K61: 426 | L61: 79 | M61: 83 | N61: 264 | O61: 276 | P61: 80 | Q61: 121 | R61: 75 | S61: 0 | T61: 0 | U61: 0 | V61: 0 | W61: 213 | X61: 52 | Y61: 40 | Z61: 121 | AA61: 1764 | AB61: 327 | AC61: 314 | AD61: 1123 | AE61: 700 | AF61: 91 | AG61: 35 | AH61: 574 | AI61: 503 | AJ61: 93 | AK61: 98 | AL61: 312 | AM61: 313 | AN61: 86 | AO61: 134 | AP61: 93 | AQ61: 0 | AR61: 0 | AS61: 0 | AT61: 0 | AU61: 248 | AV61: 57 | AW61: 47 | AX61: 144
A62: Keelung City | B62: 男Male | C62: 616 | D62: 149 | E62: 132 | F62: 335 | G62: 150 | H62: 21 | I62: 5 | J62: 124 | K62: 211 | L62: 45 | M62: 47 | N62: 119 | O62: 169 | P62: 56 | Q62: 68 | R62: 45 | S62: 0 | T62: 0 | U62: 0 | V62: 0 | W62: 86 | X62: 27 | Y62: 12 | Z62: 47 | AA62: 739 | AB62: 171 | AC62: 153 | AD62: 415 | AE62: 207 | AF62: 28 | AG62: 7 | AH62: 172 | AI62: 243 | AJ62: 53 | AK62: 53 | AL62: 137 | AM62: 190 | AN62: 61 | AO62: 77 | AP62: 52 | AQ62: 0 | AR62: 0 | AS62: 0 | AT62: 0 | AU62: 99 | AV62: 29 | AW62: 16 | AX62: 54
B63: 女Female | C63: 855 | D63: 137 | E63: 144 | F63: 574 | G63: 406 | H63: 54 | I63: 27 | J63: 325 | K63: 215 | L63: 34 | M63: 36 | N63: 145 | O63: 107 | P63: 24 | Q63: 53 | R63: 30 | S63: 0 | T63: 0 | U63: 0 | V63: 0 | W63: 127 | X63: 25 | Y63: 28 | Z63: 74 | AA63: 1025 | AB63: 156 | AC63: 161 | AD63: 708 | AE63: 493 | AF63: 63 | AG63: 28 | AH63: 402 | AI63: 260 | AJ63: 40 | AK63: 45 | AL63: 175 | AM63: 123 | AN63: 25 | AO63: 57 | AP63: 41 | AQ63: 0 | AR63: 0 | AS63: 0 | AT63: 0 | AU63: 149 | AV63: 28 | AW63: 31 | AX63: 90
A64: 新竹市 | B64: 計Total | C64: 1227 | D64: 185 | E64: 145 | F64: 897 | G64: 483 | H64: 43 | I64: 8 | J64: 432 | K64: 352 | L64: 44 | M64: 46 | N64: 262 | O64: 197 | P64: 58 | Q64: 63 | R64: 76 | S64: 2 | T64: 0 | U64: 0 | V64: 2 | W64: 193 | X64: 40 | Y64: 28 | Z64: 125 | AA64: 1600 | AB64: 239 | AC64: 189 | AD64: 1172 | AE64: 649 | AF64: 55 | AG64: 18 | AH64: 576 | AI64: 454 | AJ64: 64 | AK64: 59 | AL64: 331 | AM64: 239 | AN64: 68 | AO64: 75 | AP64: 96 | AQ64: 2 | AR64: 0 | AS64: 0 | AT64: 2 | AU64: 256 | AV64: 52 | AW64: 37 | AX64: 167
A65: Hsinchu City | B65: 男Male | C65: 543 | D65: 108 | E65: 74 | F65: 361 | G65: 159 | H65: 16 | I65: 4 | J65: 139 | K65: 182 | L65: 24 | M65: 24 | N65: 134 | O65: 114 | P65: 41 | Q65: 35 | R65: 38 | S65: 1 | T65: 0 | U65: 0 | V65: 1 | W65: 87 | X65: 27 | Y65: 11 | Z65: 49 | AA65: 687 | AB65: 135 | AC65: 92 | AD65: 460 | AE65: 211 | AF65: 19 | AG65: 11 | AH65: 181 | AI65: 229 | AJ65: 35 | AK65: 28 | AL65: 166 | AM65: 137 | AN65: 50 | AO65: 40 | AP65: 47 | AQ65: 1 | AR65: 0 | AS65: 0 | AT65: 1 | AU65: 109 | AV65: 31 | AW65: 13 | AX65: 65
B66: 女Female | C66: 684 | D66: 77 | E66: 71 | F66: 536 | G66: 324 | H66: 27 | I66: 4 | J66: 293 | K66: 170 | L66: 20 | M66: 22 | N66: 128 | O66: 83 | P66: 17 | Q66: 28 | R66: 38 | S66: 1 | T66: 0 | U66: 0 | V66: 1 | W66: 106 | X66: 13 | Y66: 17 | Z66: 76 | AA66: 913 | AB66: 104 | AC66: 97 | AD66: 712 | AE66: 438 | AF66: 36 | AG66: 7 | AH66: 395 | AI66: 225 | AJ66: 29 | AK66: 31 | AL66: 165 | AM66: 102 | AN66: 18 | AO66: 35 | AP66: 49 | AQ66: 1 | AR66: 0 | AS66: 0 | AT66: 1 | AU66: 147 | AV66: 21 | AW66: 24 | AX66: 102
A67: 嘉義市 | B67: 計Total | C67: 1568 | D67: 244 | E67: 175 | F67: 1149 | G67: 705 | H67: 71 | I67: 21 | J67: 613 | K67: 410 | L67: 64 | M67: 54 | N67: 292 | O67: 196 | P67: 54 | Q67: 73 | R67: 69 | S67: 0 | T67: 0 | U67: 0 | V67: 0 | W67: 257 | X67: 55 | Y67: 27 | Z67: 175 | AA67: 1568 | AB67: 244 | AC67: 175 | AD67: 1149 | AE67: 705 | AF67: 71 | AG67: 21 | AH67: 613 | AI67: 410 | AJ67: 64 | AK67: 54 | AL67: 292 | AM67: 196 | AN67: 54 | AO67: 73 | AP67: 69 | AQ67: 0 | AR67: 0 | AS67: 0 | AT67: 0 | AU67: 257 | AV67: 55 | AW67: 27 | AX67: 175
A68: Chiayi City | B68: 男Male | C68: 637 | D68: 123 | E68: 86 | F68: 428 | G68: 244 | H68: 32 | I68: 6 | J68: 206 | K68: 186 | L68: 27 | M68: 30 | N68: 129 | O68: 109 | P68: 35 | Q68: 35 | R68: 39 | S68: 0 | T68: 0 | U68: 0 | V68: 0 | W68: 98 | X68: 29 | Y68: 15 | Z68: 54 | AA68: 637 | AB68: 123 | AC68: 86 | AD68: 428 | AE68: 244 | AF68: 32 | AG68: 6 | AH68: 206 | AI68: 186 | AJ68: 27 | AK68: 30 | AL68: 129 | AM68: 109 | AN68: 35 | AO68: 35 | AP68: 39 | AQ68: 0 | AR68: 0 | AS68: 0 | AT68: 0 | AU68: 98 | AV68: 29 | AW68: 15 | AX68: 54
B69: 女Female | C69: 931 | D69: 121 | E69: 89 | F69: 721 | G69: 461 | H69: 39 | I69: 15 | J69: 407 | K69: 224 | L69: 37 | M69: 24 | N69: 163 | O69: 87 | P69: 19 | Q69: 38 | R69: 30 | S69: 0 | T69: 0 | U69: 0 | V69: 0 | W69: 159 | X69: 26 | Y69: 12 | Z69: 121 | AA69: 931 | AB69: 121 | AC69: 89 | AD69: 721 | AE69: 461 | AF69: 39 | AG69: 15 | AH69: 407 | AI69: 224 | AJ69: 37 | AK69: 24 | AL69: 163 | AM69: 87 | AN69: 19 | AO69: 38 | AP69: 30 | AQ69: 0 | AR69: 0 | AS69: 0 | AT69: 0 | AU69: 159 | AV69: 26 | AW69: 12 | AX69: 121
A70: 金門縣 | B70: 計Total | C70: 524 | D70: 16 | E70: 3 | F70: 505 | G70: 282 | H70: 1 | I70: 0 | J70: 281 | K70: 149 | L70: 6 | M70: 0 | N70: 143 | O70: 46 | P70: 5 | Q70: 2 | R70: 39 | S70: 0 | T70: 0 | U70: 0 | V70: 0 | W70: 47 | X70: 4 | Y70: 1 | Z70: 42 | AA70: 824 | AB70: 24 | AC70: 7 | AD70: 793 | AE70: 421 | AF70: 1 | AG70: 0 | AH70: 420 | AI70: 263 | AJ70: 8 | AK70: 0 | AL70: 255 | AM70: 82 | AN70: 13 | AO70: 6 | AP70: 63 | AQ70: 0 | AR70: 0 | AS70: 0 | AT70: 0 | AU70: 58 | AV70: 2 | AW70: 1 | AX70: 55
A71: Kinmen County | B71: 男Male | C71: 195 | D71: 8 | E71: 2 | F71: 185 | G71: 88 | H71: 0 | I71: 0 | J71: 88 | K71: 60 | L71: 3 | M71: 0 | N71: 57 | O71: 30 | P71: 3 | Q71: 2 | R71: 25 | S71: 0 | T71: 0 | U71: 0 | V71: 0 | W71: 17 | X71: 2 | Y71: 0 | Z71: 15 | AA71: 316 | AB71: 12 | AC71: 4 | AD71: 300 | AE71: 135 | AF71: 0 | AG71: 0 | AH71: 135 | AI71: 109 | AJ71: 4 | AK71: 0 | AL71: 105 | AM71: 49 | AN71: 8 | AO71: 4 | AP71: 37 | AQ71: 0 | AR71: 0 | AS71: 0 | AT71: 0 | AU71: 23 | AV71: 0 | AW71: 0 | AX71: 23
B72: 女Female | C72: 329 | D72: 8 | E72: 1 | F72: 320 | G72: 194 | H72: 1 | I72: 0 | J72: 193 | K72: 89 | L72: 3 | M72: 0 | N72: 86 | O72: 16 | P72: 2 | Q72: 0 | R72: 14 | S72: 0 | T72: 0 | U72: 0 | V72: 0 | W72: 30 | X72: 2 | Y72: 1 | Z72: 27 | AA72: 508 | AB72: 12 | AC72: 3 | AD72: 493 | AE72: 286 | AF72: 1 | AG72: 0 | AH72: 285 | AI72: 154 | AJ72: 4 | AK72: 0 | AL72: 150 | AM72: 33 | AN72: 5 | AO72: 2 | AP72: 26 | AQ72: 0 | AR72: 0 | AS72: 0 | AT72: 0 | AU72: 35 | AV72: 2 | AW72: 1 | AX72: 32
A73: 連江縣 | B73: 計Total | C73: 8 | D73: 1 | E73: 1 | F73: 6 | G73: 4 | H73: 0 | I73: 0 | J73: 4 | K73: 0 | L73: 0 | M73: 0 | N73: 0 | O73: 3 | P73: 0 | Q73: 1 | R73: 2 | S73: 0 | T73: 0 | U73: 0 | V73: 0 | W73: 1 | X73: 1 | Y73: 0 | Z73: 0 | AA73: 10 | AB73: 1 | AC73: 1 | AD73: 8 | AE73: 5 | AF73: 0 | AG73: 0 | AH73: 5 | AI73: 1 | AJ73: 0 | AK73: 0 | AL73: 1 | AM73: 3 | AN73: 0 | AO73: 1 | AP73: 2 | AQ73: 0 | AR73: 0 | AS73: 0 | AT73: 0 | AU73: 1 | AV73: 1 | AW73: 0 | AX73: 0
A74: Lienchiang County | B74: 男Male | C74: 3 | D74: 1 | E74: 1 | F74: 1 | G74: 1 | H74: 0 | I74: 0 | J74: 1 | K74: 0 | L74: 0 | M74: 0 | N74: 0 | O74: 1 | P74: 0 | Q74: 1 | R74: 0 | S74: 0 | T74: 0 | U74: 0 | V74: 0 | W74: 1 | X74: 1 | Y74: 0 | Z74: 0 | AA74: 3 | AB74: 1 | AC74: 1 | AD74: 1 | AE74: 1 | AF74: 0 | AG74: 0 | AH74: 1 | AI74: 0 | AJ74: 0 | AK74: 0 | AL74: 0 | AM74: 1 | AN74: 0 | AO74: 1 | AP74: 0 | AQ74: 0 | AR74: 0 | AS74: 0 | AT74: 0 | AU74: 1 | AV74: 1 | AW74: 0 | AX74: 0
B75: 女Female | C75: 5 | D75: 0 | E75: 0 | F75: 5 | G75: 3 | H75: 0 | I75: 0 | J75: 3 | K75: 0 | L75: 0 | M75: 0 | N75: 0 | O75: 2 | P75: 0 | Q75: 0 | R75: 2 | S75: 0 | T75: 0 | U75: 0 | V75: 0 | W75: 0 | X75: 0 | Y75: 0 | Z75: 0 | AA75: 7 | AB75: 0 | AC75: 0 | AD75: 7 | AE75: 4 | AF75: 0 | AG75: 0 | AH75: 4 | AI75: 1 | AJ75: 0 | AK75: 0 | AL75: 1 | AM75: 2 | AN75: 0 | AO75: 0 | AP75: 2 | AQ75: 0 | AR75: 0 | AS75: 0 | AT75: 0 | AU75: 0 | AV75: 0 | AW75: 0 | AX75: 0
A76: 資料來源：直轄市、縣﹝市﹞政府。
A77: 備註：「服務個案人數」中個案具有多重身分時，認定優先順序，依序為『50歲以上失智者』、『55-64歲原住民』、『65歲以下領有身心障礙證明者』、『65歲以上領有身心障礙證明者』、『65歲以上老人(含IADLs失能且獨居老人)』。
A78: Source: County and Government.
A80: 更新日期：2021/4/30
A82: 總計 | B82: 計Total | C82: 105470 | D82: 22103 | E82: 11989 | F82: 71378 | G82: 42599 | H82: 5968 | I82: 1107 | J82: 35524 | K82: 30299 | L82: 5880 | M82: 3058 | N82: 21361 | O82: 18434 | P82: 6799 | Q82: 6052 | R82: 5583 | S82: 956 | T82: 372 | U82: 264 | V82: 320 | W82: 13182 | X82: 3084 | Y82: 1508 | Z82: 8590 | AA82: 193657 | AB82: 37124 | AC82: 19559 | AD82: 136974 | AE82: 82944 | AF82: 11060 | AG82: 2814 | AH82: 69070 | AI82: 56154 | AJ82: 10326 | AK82: 5258 | AL82: 40570 | AM82: 28025 | AN82: 10241 | AO82: 8818 | AP82: 8966 | AQ82: 2681 | AR82: 778 | AS82: 502 | AT82: 1401 | AU82: 23853 | AV82: 4719 | AW82: 2167 | AX82: 16967
A83: Total | B83: 男Male | C83: 44463 | D83: 11681 | E83: 6001 | F83: 26781 | G83: 13828 | H83: 2335 | I83: 390 | J83: 11103 | K83: 14008 | L83: 3077 | M83: 1495 | N83: 9436 | O83: 10816 | P83: 4495 | Q83: 3332 | R83: 2989 | S83: 575 | T83: 283 | U83: 145 | V83: 147 | W83: 5236 | X83: 1491 | Y83: 639 | Z83: 3106 | AA83: 82010 | AB83: 19230 | AC83: 9747 | AD83: 53033 | AE83: 28995 | AF83: 4517 | AG83: 1146 | AH83: 23332 | AI83: 26035 | AJ83: 5404 | AK83: 2568 | AL83: 18063 | AM83: 16365 | AN83: 6674 | AO83: 4873 | AP83: 4818 | AQ83: 1275 | AR83: 515 | AS83: 235 | AT83: 525 | AU83: 9340 | AV83: 2120 | AW83: 925 | AX83: 6295
B84: 女Female | C84: 61007 | D84: 10422 | E84: 5988 | F84: 44597 | G84: 28771 | H84: 3633 | I84: 717 | J84: 24421 | K84: 16291 | L84: 2803 | M84: 1563 | N84: 11925 | O84: 7618 | P84: 2304 | Q84: 2720 | R84: 2594 | S84: 381 | T84: 89 | U84: 119 | V84: 173 | W84: 7946 | X84: 1593 | Y84: 869 | Z84: 5484 | AA84: 111394 | AB84: 17837 | AC84: 9766 | AD84: 83791 | AE84: 53894 | AF84: 6530 | AG84: 1665 | AH84: 45699 | AI84: 29999 | AJ84: 4904 | AK84: 2664 | AL84: 22431 | AM84: 11618 | AN84: 3547 | AO84: 3932 | AP84: 4139 | AQ84: 1406 | AR84: 263 | AS84: 267 | AT84: 876 | AU84: 14477 | AV84: 2593 | AW84: 1238 | AX84: 10646
A85: 新 北 市 | B85: 計Total | C85: 10762 | D85: 1705 | E85: 1434 | F85: 7623 | G85: 3783 | H85: 375 | I85: 41 | J85: 3367 | K85: 2995 | L85: 434 | M85: 295 | N85: 2266 | O85: 2396 | P85: 600 | Q85: 902 | R85: 894 | S85: 22 | T85: 4 | U85: 10 | V85: 8 | W85: 1566 | X85: 292 | Y85: 186 | Z85: 1088 | AA85: 24401 | AB85: 3332 | AC85: 2743 | AD85: 18326 | AE85: 11755 | AF85: 1309 | AG85: 589 | AH85: 9857 | AI85: 5486 | AJ85: 765 | AK85: 526 | AL85: 4195 | AM85: 3857 | AN85: 988 | AO85: 1442 | AP85: 1427 | AQ85: 31 | AR85: 9 | AS85: 10 | AT85: 12 | AU85: 3272 | AV85: 261 | AW85: 176 | AX85: 2835
A86: New Taipei City | B86: 男Male | C86: 4628 | D86: 854 | E86: 744 | F86: 3030 | G86: 1211 | H86: 123 | I86: 16 | J86: 1072 | K86: 1429 | L86: 215 | M86: 168 | N86: 1046 | O86: 1373 | P86: 402 | Q86: 480 | R86: 491 | S86: 7 | T86: 2 | U86: 2 | V86: 3 | W86: 608 | X86: 112 | Y86: 78 | Z86: 418 | AA86: 10644 | AB86: 1607 | AC86: 1416 | AD86: 7621 | AE86: 4675 | AF86: 539 | AG86: 300 | AH86: 3836 | AI86: 2572 | AJ86: 354 | AK86: 273 | AL86: 1945 | AM86: 2178 | AN86: 624 | AO86: 769 | AP86: 785 | AQ86: 13 | AR86: 4 | AS86: 2 | AT86: 7 | AU86: 1206 | AV86: 86 | AW86: 72 | AX86: 1048
B87: 女Female | C87: 6134 | D87: 851 | E87: 690 | F87: 4593 | G87: 2572 | H87: 252 | I87: 25 | J87: 2295 | K87: 1566 | L87: 219 | M87: 127 | N87: 1220 | O87: 1023 | P87: 198 | Q87: 422 | R87: 403 | S87: 15 | T87: 2 | U87: 8 | V87: 5 | W87: 958 | X87: 180 | Y87: 108 | Z87: 670 | AA87: 13757 | AB87: 1725 | AC87: 1327 | AD87: 10705 | AE87: 7080 | AF87: 770 | AG87: 289 | AH87: 6021 | AI87: 2914 | AJ87: 411 | AK87: 253 | AL87: 2250 | AM87: 1679 | AN87: 364 | AO87: 673 | AP87: 642 | AQ87: 18 | AR87: 5 | AS87: 8 | AT87: 5 | AU87: 2066 | AV87: 175 | AW87: 104 | AX87: 1787
A88: 臺 北 市 | B88: 計Total | C88: 6219 | D88: 1355 | E88: 204 | F88: 4660 | G88: 2430 | H88: 375 | I88: 14 | J88: 2041 | K88: 1757 | L88: 369 | M88: 58 | N88: 1330 | O88: 910 | P88: 372 | Q88: 87 | R88: 451 | S88: 4 | T88: 1 | U88: 0 | V88: 3 | W88: 1118 | X88: 238 | Y88: 45 | Z88: 835 | AA88: 14081 | AB88: 2935 | AC88: 445 | AD88: 10701 | AE88: 5498 | AF88: 834 | AG88: 34 | AH88: 4630 | AI88: 4034 | AJ88: 810 | AK88: 136 | AL88: 3088 | AM88: 1874 | AN88: 757 | AO88: 177 | AP88: 940 | AQ88: 8 | AR88: 2 | AS88: 0 | AT88: 6 | AU88: 2667 | AV88: 532 | AW88: 98 | AX88: 2037
A89: Taipei City | B89: 男Male | C89: 2601 | D89: 719 | E89: 94 | F89: 1788 | G89: 799 | H89: 175 | I89: 3 | J89: 621 | K89: 870 | L89: 210 | M89: 27 | N89: 633 | O89: 507 | P89: 233 | Q89: 47 | R89: 227 | S89: 1 | T89: 0 | U89: 0 | V89: 1 | W89: 424 | X89: 101 | Y89: 17 | Z89: 306 | AA89: 6034 | AB89: 1575 | AC89: 209 | AD89: 4250 | AE89: 1877 | AF89: 391 | AG89: 8 | AH89: 1478 | AI89: 2026 | AJ89: 478 | AK89: 73 | AL89: 1475 | AM89: 1064 | AN89: 479 | AO89: 94 | AP89: 491 | AQ89: 1 | AR89: 0 | AS89: 0 | AT89: 1 | AU89: 1066 | AV89: 227 | AW89: 34 | AX89: 805
B90: 女Female | C90: 3618 | D90: 636 | E90: 110 | F90: 2872 | G90: 1631 | H90: 200 | I90: 11 | J90: 1420 | K90: 887 | L90: 159 | M90: 31 | N90: 697 | O90: 403 | P90: 139 | Q90: 40 | R90: 224 | S90: 3 | T90: 1 | U90: 0 | V90: 2 | W90: 694 | X90: 137 | Y90: 28 | Z90: 529 | AA90: 8047 | AB90: 1360 | AC90: 236 | AD90: 6451 | AE90: 3621 | AF90: 443 | AG90: 26 | AH90: 3152 | AI90: 2008 | AJ90: 332 | AK90: 63 | AL90: 1613 | AM90: 810 | AN90: 278 | AO90: 83 | AP90: 449 | AQ90: 7 | AR90: 2 | AS90: 0 | AT90: 5 | AU90: 1601 | AV90: 305 | AW90: 64 | AX90: 1232
A91: 桃 園 市 | B91: 計Total | C91: 6300 | D91: 1272 | E91: 924 | F91: 4104 | G91: 2482 | H91: 377 | I91: 65 | J91: 2040 | K91: 1657 | L91: 311 | M91: 189 | N91: 1157 | O91: 1288 | P91: 387 | Q91: 523 | R91: 378 | S91: 72 | T91: 25 | U91: 16 | V91: 31 | W91: 801 | X91: 172 | Y91: 131 | Z91: 498 | AA91: 7621 | AB91: 1433 | AC91: 1031 | AD91: 5157 | AE91: 3075 | AF91: 434 | AG91: 74 | AH91: 2567 | AI91: 2038 | AJ91: 355 | AK91: 211 | AL91: 1472 | AM91: 1439 | AN91: 423 | AO91: 577 | AP91: 439 | AQ91: 77 | AR91: 26 | AS91: 18 | AT91: 33 | AU91: 992 | AV91: 195 | AW91: 151 | AX91: 646
A92: Taoyuan City | B92: 男Male | C92: 2832 | D92: 674 | E92: 478 | F92: 1680 | G92: 894 | H92: 158 | I92: 31 | J92: 705 | K92: 818 | L92: 169 | M92: 101 | N92: 548 | O92: 742 | P92: 250 | Q92: 283 | R92: 209 | S92: 38 | T92: 19 | U92: 5 | V92: 14 | W92: 340 | X92: 78 | Y92: 58 | Z92: 204 | AA92: 3435 | AB92: 761 | AC92: 541 | AD92: 2133 | AE92: 1128 | AF92: 185 | AG92: 35 | AH92: 908 | AI92: 1003 | AJ92: 192 | AK92: 113 | AL92: 698 | AM92: 837 | AN92: 275 | AO92: 317 | AP92: 245 | AQ92: 39 | AR92: 19 | AS92: 6 | AT92: 14 | AU92: 428 | AV92: 90 | AW92: 70 | AX92: 268
B93: 女Female | C93: 3468 | D93: 598 | E93: 446 | F93: 2424 | G93: 1588 | H93: 219 | I93: 34 | J93: 1335 | K93: 839 | L93: 142 | M93: 88 | N93: 609 | O93: 546 | P93: 137 | Q93: 240 | R93: 169 | S93: 34 | T93: 6 | U93: 11 | V93: 17 | W93: 461 | X93: 94 | Y93: 73 | Z93: 294 | AA93: 4186 | AB93: 672 | AC93: 490 | AD93: 3024 | AE93: 1947 | AF93: 249 | AG93: 39 | AH93: 1659 | AI93: 1035 | AJ93: 163 | AK93: 98 | AL93: 774 | AM93: 602 | AN93: 148 | AO93: 260 | AP93: 194 | AQ93: 38 | AR93: 7 | AS93: 12 | AT93: 19 | AU93: 564 | AV93: 105 | AW93: 81 | AX93: 378
A94: 臺 中 市 | B94: 計Total | C94: 13480 | D94: 4126 | E94: 887 | F94: 8467 | G94: 5060 | H94: 892 | I94: 100 | J94: 4068 | K94: 3858 | L94: 1048 | M94: 306 | N94: 2504 | O94: 2686 | P94: 1533 | Q94: 347 | R94: 806 | S94: 51 | T94: 23 | U94: 9 | V94: 19 | W94: 1825 | X94: 630 | Y94: 125 | Z94: 1070 | AA94: 29414 | AB94: 8338 | AC94: 1886 | AD94: 19190 | AE94: 10929 | AF94: 1784 | AG94: 230 | AH94: 8915 | AI94: 8895 | AJ94: 2166 | AK94: 641 | AL94: 6088 | AM94: 5452 | AN94: 3050 | AO94: 725 | AP94: 1677 | AQ94: 110 | AR94: 47 | AS94: 16 | AT94: 47 | AU94: 4028 | AV94: 1291 | AW94: 274 | AX94: 2463
A95: Taichung City | B95: 男Male | C95: 5749 | D95: 2057 | E95: 423 | F95: 3269 | G95: 1623 | H95: 317 | I95: 27 | J95: 1279 | K95: 1827 | L95: 528 | M95: 149 | N95: 1150 | O95: 1529 | P95: 914 | Q95: 189 | R95: 426 | S95: 27 | T95: 11 | U95: 5 | V95: 11 | W95: 743 | X95: 287 | Y95: 53 | Z95: 403 | AA95: 12708 | AB95: 4201 | AC95: 903 | AD95: 7604 | AE95: 3606 | AF95: 645 | AG95: 62 | AH95: 2899 | AI95: 4266 | AJ95: 1118 | AK95: 309 | AL95: 2839 | AM95: 3120 | AN95: 1829 | AO95: 402 | AP95: 889 | AQ95: 57 | AR95: 21 | AS95: 10 | AT95: 26 | AU95: 1659 | AV95: 588 | AW95: 120 | AX95: 951
B96: 女Female | C96: 7731 | D96: 2069 | E96: 464 | F96: 5198 | G96: 3437 | H96: 575 | I96: 73 | J96: 2789 | K96: 2031 | L96: 520 | M96: 157 | N96: 1354 | O96: 1157 | P96: 619 | Q96: 158 | R96: 380 | S96: 24 | T96: 12 | U96: 4 | V96: 8 | W96: 1082 | X96: 343 | Y96: 72 | Z96: 667 | AA96: 16706 | AB96: 4137 | AC96: 983 | AD96: 11586 | AE96: 7323 | AF96: 1139 | AG96: 168 | AH96: 6016 | AI96: 4629 | AJ96: 1048 | AK96: 332 | AL96: 3249 | AM96: 2332 | AN96: 1221 | AO96: 323 | AP96: 788 | AQ96: 53 | AR96: 26 | AS96: 6 | AT96: 21 | AU96: 2369 | AV96: 703 | AW96: 154 | AX96: 1512
A97: 臺 南 市 | B97: 計Total | C97: 10123 | D97: 1631 | E97: 1339 | F97: 7153 | G97: 4214 | H97: 471 | I97: 65 | J97: 3678 | K97: 2939 | L97: 425 | M97: 399 | N97: 2115 | O97: 1456 | P97: 425 | Q97: 659 | R97: 372 | S97: 5 | T97: 1 | U97: 2 | V97: 2 | W97: 1509 | X97: 309 | Y97: 214 | Z97: 986 | AA97: 17008 | AB97: 2491 | AC97: 1994 | AD97: 12523 | AE97: 6920 | AF97: 732 | AG97: 93 | AH97: 6095 | AI97: 5305 | AJ97: 804 | AK97: 664 | AL97: 3837 | AM97: 2417 | AN97: 717 | AO97: 1031 | AP97: 669 | AQ97: 12 | AR97: 4 | AS97: 4 | AT97: 4 | AU97: 2354 | AV97: 234 | AW97: 202 | AX97: 1918
A98: Tainan City | B98: 男Male | C98: 4078 | D98: 848 | E98: 662 | F98: 2568 | G98: 1379 | H98: 203 | I98: 15 | J98: 1161 | K98: 1255 | L98: 196 | M98: 179 | N98: 880 | O98: 862 | P98: 296 | Q98: 365 | R98: 201 | S98: 2 | T98: 0 | U98: 1 | V98: 1 | W98: 580 | X98: 153 | Y98: 102 | Z98: 325 | AA98: 6857 | AB98: 1276 | AC98: 1009 | AD98: 4572 | AE98: 2306 | AF98: 317 | AG98: 20 | AH98: 1969 | AI98: 2273 | AJ98: 381 | AK98: 313 | AL98: 1579 | AM98: 1432 | AN98: 488 | AO98: 591 | AP98: 353 | AQ98: 2 | AR98: 0 | AS98: 1 | AT98: 1 | AU98: 844 | AV98: 90 | AW98: 84 | AX98: 670
B99: 女Female | C99: 6045 | D99: 783 | E99: 677 | F99: 4585 | G99: 2835 | H99: 268 | I99: 50 | J99: 2517 | K99: 1684 | L99: 229 | M99: 220 | N99: 1235 | O99: 594 | P99: 129 | Q99: 294 | R99: 171 | S99: 3 | T99: 1 | U99: 1 | V99: 1 | W99: 929 | X99: 156 | Y99: 112 | Z99: 661 | AA99: 10151 | AB99: 1215 | AC99: 985 | AD99: 7951 | AE99: 4614 | AF99: 415 | AG99: 73 | AH99: 4126 | AI99: 3032 | AJ99: 423 | AK99: 351 | AL99: 2258 | AM99: 985 | AN99: 229 | AO99: 440 | AP99: 316 | AQ99: 10 | AR99: 4 | AS99: 3 | AT99: 3 | AU99: 1510 | AV99: 144 | AW99: 118 | AX99: 1248
A100: 高 雄 市 | B100: 計Total | C100: 15083 | D100: 3363 | E100: 1856 | F100: 9864 | G100: 6682 | H100: 1254 | I100: 252 | J100: 5176 | K100: 4310 | L100: 957 | M100: 438 | N100: 2915 | O100: 2923 | P100: 944 | Q100: 1061 | R100: 918 | S100: 75 | T100: 16 | U100: 17 | V100: 42 | W100: 1093 | X100: 192 | Y100: 88 | Z100: 813 | AA100: 27668 | AB100: 6404 | AC100: 3436 | AD100: 17828 | AE100: 10514 | AF100: 1976 | AG100: 278 | AH100: 8260 | AI100: 8393 | AJ100: 1839 | AK100: 809 | AL100: 5745 | AM100: 4537 | AN100: 1480 | AO100: 1719 | AP100: 1338 | AQ100: 86 | AR100: 19 | AS100: 19 | AT100: 48 | AU100: 4138 | AV100: 1090 | AW100: 611 | AX100: 2437
A101: Kaohsiung City | B101: 男Male | C101: 6364 | D101: 1606 | E101: 952 | F101: 3806 | G101: 2292 | H101: 448 | I101: 116 | J101: 1728 | K101: 1966 | L101: 472 | M101: 211 | N101: 1283 | O101: 1683 | P101: 609 | Q101: 578 | R101: 496 | S101: 40 | T101: 11 | U101: 11 | V101: 18 | W101: 383 | X101: 66 | Y101: 36 | Z101: 281 | AA101: 11700 | AB101: 3079 | AC101: 1806 | AD101: 6815 | AE101: 3431 | AF101: 679 | AG101: 107 | AH101: 2645 | AI101: 3839 | AJ101: 903 | AK101: 386 | AL101: 2550 | AM101: 2729 | AN101: 993 | AO101: 1005 | AP101: 731 | AQ101: 51 | AR101: 17 | AS101: 10 | AT101: 24 | AU101: 1650 | AV101: 487 | AW101: 298 | AX101: 865
B102: 女Female | C102: 8719 | D102: 1757 | E102: 904 | F102: 6058 | G102: 4390 | H102: 806 | I102: 136 | J102: 3448 | K102: 2344 | L102: 485 | M102: 227 | N102: 1632 | O102: 1240 | P102: 335 | Q102: 483 | R102: 422 | S102: 35 | T102: 5 | U102: 6 | V102: 24 | W102: 710 | X102: 126 | Y102: 52 | Z102: 532 | AA102: 15968 | AB102: 3325 | AC102: 1630 | AD102: 11013 | AE102: 7083 | AF102: 1297 | AG102: 171 | AH102: 5615 | AI102: 4554 | AJ102: 936 | AK102: 423 | AL102: 3195 | AM102: 1808 | AN102: 487 | AO102: 714 | AP102: 607 | AQ102: 35 | AR102: 2 | AS102: 9 | AT102: 24 | AU102: 2488 | AV102: 603 | AW102: 313 | AX102: 1572
A103: 宜蘭縣 | B103: 計Total | C103: 1722 | D103: 369 | E103: 219 | F103: 1134 | G103: 509 | H103: 80 | I103: 30 | J103: 399 | K103: 658 | L103: 135 | M103: 52 | N103: 471 | O103: 269 | P103: 81 | Q103: 96 | R103: 92 | S103: 21 | T103: 14 | U103: 3 | V103: 4 | W103: 265 | X103: 59 | Y103: 38 | Z103: 168 | AA103: 3899 | AB103: 796 | AC103: 405 | AD103: 2698 | AE103: 1208 | AF103: 163 | AG103: 17 | AH103: 1028 | AI103: 1490 | AJ103: 293 | AK103: 111 | AL103: 1086 | AM103: 590 | AN103: 176 | AO103: 201 | AP103: 213 | AQ103: 47 | AR103: 36 | AS103: 4 | AT103: 7 | AU103: 564 | AV103: 128 | AW103: 72 | AX103: 364
...

Sheet 居服108
A1: 長期照顧十年計畫－居家服務 Achievements of Ten-year Long Term Care Program by Home Care Services
A2: 民國108年, 2019 | N2: =IF(N7=SUM(N10,N13,N16,N19,N22,N25,N28,N31,N34,N37,N40,N43,N46,N49,N52,N55,N58,N61,N64,N67,N70,N73),"","*") | O2: =IF(O7=SUM(O10,O13,O16,O19,O22,O25,O28,O31,O34,O37,O40,O43,O46,O49,O52,O55,O58,O61,O64,O67,O70,O73),"","*") | P2: =IF(P7=SUM(P10,P13,P16,P19,P22,P25,P28,P31,P34,P37,P40,P43,P46,P49,P52,P55,P58,P61,P64,P67,P70,P73),"","*") | Q2: =IF(Q7=SUM(Q10,Q13,Q16,Q19,Q22,Q25,Q28,Q31,Q34,Q37,Q40,Q43,Q46,Q49,Q52,Q55,Q58,Q61,Q64,Q67,Q70,Q73),"","*") | R2: =IF(R7=SUM(R10,R13,R16,R19,R22,R25,R28,R31,R34,R37,R40,R43,R46,R49,R52,R55,R58,R61,R64,R67,R70,R73),"","*") | S2: =IF(S7=SUM(S10,S13,S16,S19,S22,S25,S28,S31,S34,S37,S40,S43,S46,S49,S52,S55,S58,S61,S64,S67,S70,S73),"","*") | T2: =IF(T7=SUM(T10,T13,T16,T19,T22,T25,T28,T31,T34,T37,T40,T43,T46,T49,T52,T55,T58,T61,T64,T67,T70,T73),"","*") | U2: =IF(U7=SUM(U10,U13,U16,U19,U22,U25,U28,U31,U34,U37,U40,U43,U46,U49,U52,U55,U58,U61,U64,U67,U70,U73),"","*") | ... BI2: =IF(BI7=SUM(BI10,BI13,BI16,BI19,BI22,BI25,BI28,BI31,BI34,BI37,BI40,BI43,BI46,BI49,BI52,BI55,BI58,BI61,BI64,BI67,BI70,BI73),"","*")
A3: 區域別 Locality | C3: 總計 Total | D3: 居家服務督導員 Care Worker | E3: 居家照顧服務人員 Care Providers | H3: 教育訓練 | N3: 期底服務個案人數 Persons Served | AL3: 本期服務個案人數 Persons Served
E4: 合計 | F4: 專職服務 (每週40小時) Full-time | G4: 兼職人員 Part-time | H4: 合計 Total | J4: 居家服務督導員教育訓練 Supervisor | L4: 照顧服務員訓練 Care Worker | N4: 總計 | R4: 65歲以上老人 (含IADLs失能且獨居之老人) | V4: 65歲以上 領有身心障礙證明者 | Z4: 64歲以下 領有身心障礙證明者 | AD4: 55-64歲原住民 | AH4: 50歲以上失智症者 | AL4: 總計 | AP4: 65歲以上老人 (含IADLs失能且獨居之老人) | AT4: 65歲以上 領有身心障礙證明者 | AX4: 64歲以下 領有身心障礙證明者 | BB4: 55-64歲原住民 | BF4: 50歲以上失智症者
N5: 合計 | O5: 長照低收入戶 | P5: 長照中低收入戶 | Q5: 長照一般戶 | R5: 合計 | S5: 長照低收入戶 | T5: 長照中低收入戶 | U5: 長照一般戶 | V5: 合計 | W5: 長照低收入戶 | X5: 長照中低收入戶 | Y5: 長照一般戶 | Z5: 合計 | AA5: 長照低收入戶 | AB5: 長照中低收入戶 | AC5: 長照一般戶 | AD5: 合計 | AE5: 長照低收入戶 | AF5: 長照中低收入戶 | AG5: 長照一般戶 | AH5: 合計 | AI5: 長照低收入戶 | AJ5: 長照中低收入戶 | AK5: 長照一般戶 | AL5: 合計 | AM5: 長照低收入戶 | AN5: 長照中低收入戶 | AO5: 長照一般戶 | AP5: 合計 | AQ5: 長照低收入戶 | AR5: 長照中低收入戶 | AS5: 長照一般戶 | AT5: 合計 | AU5: 長照低收入戶 | AV5: 長照中低收入戶 | AW5: 長照一般戶 | AX5: 合計 | AY5: 長照低收入戶 | AZ5: 長照中低收入戶 | BA5: 長照一般戶 | BB5: 合計 | BC5: 長照低收入戶 | BD5: 長照中低收入戶 | BE5: 長照一般戶 | BF5: 合計 | BG5: 長照低收入戶 | BH5: 長照中低收入戶 | BI5: 長照一般戶
H6: 場次 Times | I6: 人數 Persons | J6: 場次 Times | K6: 人數 Persons | L6: 場次 Times | M6: 人數 Persons
A7: 總計 | B7: 計Total | C7: 21306 | D7: 2175 | E7: 19131 | F7: 11270 | G7: 7861 | H7: 2219 | I7: 32033 | J7: 324 | K7: 1041 | L7: 1895 | M7: 30992 | N7: 105470 | O7: 22103 | P7: 11989 | Q7: 71378 | R7: 42599 | S7: 5968 | T7: 1107 | U7: 35524 | V7: 30299 | W7: 5880 | X7: 3058 | Y7: 21361 | Z7: 18434 | AA7: 6799 | AB7: 6052 | AC7: 5583 | AD7: 956 | AE7: 372 | AF7: 264 | AG7: 320 | AH7: 13182 | AI7: 3084 | AJ7: 1508 | AK7: 8590 | AL7: 193403 | AM7: 37067 | AN7: 19513 | AO7: 136823 | AP7: 82889 | AQ7: 11047 | AR7: 2811 | AS7: 69031 | AT7: 56034 | AU7: 10308 | AV7: 5232 | AW7: 40494 | AX7: 27983 | AY7: 10221 | AZ7: 8805 | BA7: 8957 | BB7: 2680 | BC7: 778 | BD7: 502 | BE7: 1400 | BF7: 23817 | BG7: 4713 | BH7: 2163 | BI7: 16941
A8: Total | B8: 男Male | C8: 2882 | D8: 329 | E8: 2553 | F8: 1571 | G8: 982 | N8: 44463 | O8: 11681 | P8: 6001 | Q8: 26781 | R8: 13828 | S8: 2335 | T8: 390 | U8: 11103 | V8: 14008 | W8: 3077 | X8: 1495 | Y8: 9436 | Z8: 10816 | AA8: 4495 | AB8: 3332 | AC8: 2989 | AD8: 575 | AE8: 283 | AF8: 145 | AG8: 147 | AH8: 5236 | AI8: 1491 | AJ8: 639 | AK8: 3106 | AL8: 82009 | AM8: 19230 | AN8: 9747 | AO8: 53032 | AP8: 28995 | AQ8: 4517 | AR8: 1146 | AS8: 23332 | AT8: 26035 | AU8: 5404 | AV8: 2568 | AW8: 18063 | AX8: 16365 | AY8: 6674 | AZ8: 4873 | BA8: 4818 | BB8: 1274 | BC8: 515 | BD8: 235 | BE8: 524 | BF8: 9340 | BG8: 2120 | BH8: 925 | BI8: 6295
B9: 女Female | C9: 18424 | D9: 1846 | E9: 16578 | F9: 9699 | G9: 6879 | N9: 61007 | O9: 10422 | P9: 5988 | Q9: 44597 | R9: 28771 | S9: 3633 | T9: 717 | U9: 24421 | V9: 16291 | W9: 2803 | X9: 1563 | Y9: 11925 | Z9: 7618 | AA9: 2304 | AB9: 2720 | AC9: 2594 | AD9: 381 | AE9: 89 | AF9: 119 | AG9: 173 | AH9: 7946 | AI9: 1593 | AJ9: 869 | AK9: 5484 | AL9: 111394 | AM9: 17837 | AN9: 9766 | AO9: 83791 | AP9: 53894 | AQ9: 6530 | AR9: 1665 | AS9: 45699 | AT9: 29999 | AU9: 4904 | AV9: 2664 | AW9: 22431 | AX9: 11618 | AY9: 3547 | AZ9: 3932 | BA9: 4139 | BB9: 1406 | BC9: 263 | BD9: 267 | BE9: 876 | BF9: 14477 | BG9: 2593 | BH9: 1238 | BI9: 10646
A10: 新 北 市 | B10: 計Total | C10: 2221 | D10: 219 | E10: 2002 | F10: 1383 | G10: 619 | H10: 6 | I10: 1541 | J10: 0 | K10: 0 | L10: 6 | M10: 1541 | N10: 10762 | O10: 1705 | P10: 1434 | Q10: 7623 | R10: 3783 | S10: 375 | T10: 41 | U10: 3367 | V10: 2995 | W10: 434 | X10: 295 | Y10: 2266 | Z10: 2396 | AA10: 600 | AB10: 902 | AC10: 894 | AD10: 22 | AE10: 4 | AF10: 10 | AG10: 8 | AH10: 1566 | AI10: 292 | AJ10: 186 | AK10: 1088 | AL10: 24401 | AM10: 3332 | AN10: 2743 | AO10: 18326 | AP10: 11755 | AQ10: 1309 | AR10: 589 | AS10: 9857 | AT10: 5486 | AU10: 765 | AV10: 526 | AW10: 4195 | AX10: 3857 | AY10: 988 | AZ10: 1442 | BA10: 1427 | BB10: 31 | BC10: 9 | BD10: 10 | BE10: 12 | BF10: 3272 | BG10: 261 | BH10: 176 | BI10: 2835
A11: New Taipei City | B11: 男Male | C11: 359 | D11: 50 | E11: 309 | F11: 214 | G11: 95 | N11: 4628 | O11: 854 | P11: 744 | Q11: 3030 | R11: 1211 | S11: 123 | T11: 16 | U11: 1072 | V11: 1429 | W11: 215 | X11: 168 | Y11: 1046 | Z11: 1373 | AA11: 402 | AB11: 480 | AC11: 491 | AD11: 7 | AE11: 2 | AF11: 2 | AG11: 3 | AH11: 608 | AI11: 112 | AJ11: 78 | AK11: 418 | AL11: 10644 | AM11: 1607 | AN11: 1416 | AO11: 7621 | AP11: 4675 | AQ11: 539 | AR11: 300 | AS11: 3836 | AT11: 2572 | AU11: 354 | AV11: 273 | AW11: 1945 | AX11: 2178 | AY11: 624 | AZ11: 769 | BA11: 785 | BB11: 13 | BC11: 4 | BD11: 2 | BE11: 7 | BF11: 1206 | BG11: 86 | BH11: 72 | BI11: 1048
B12: 女Female | C12: 1862 | D12: 169 | E12: 1693 | F12: 1169 | G12: 524 | N12: 6134 | O12: 851 | P12: 690 | Q12: 4593 | R12: 2572 | S12: 252 | T12: 25 | U12: 2295 | V12: 1566 | W12: 219 | X12: 127 | Y12: 1220 | Z12: 1023 | AA12: 198 | AB12: 422 | AC12: 403 | AD12: 15 | AE12: 2 | AF12: 8 | AG12: 5 | AH12: 958 | AI12: 180 | AJ12: 108 | AK12: 670 | AL12: 13757 | AM12: 1725 | AN12: 1327 | AO12: 10705 | AP12: 7080 | AQ12: 770 | AR12: 289 | AS12: 6021 | AT12: 2914 | AU12: 411 | AV12: 253 | AW12: 2250 | AX12: 1679 | AY12: 364 | AZ12: 673 | BA12: 642 | BB12: 18 | BC12: 5 | BD12: 8 | BE12: 5 | BF12: 2066 | BG12: 175 | BH12: 104 | BI12: 1787
A13: 臺 北 市 | B13: 計Total | C13: 1516 | D13: 236 | E13: 1280 | F13: 1150 | G13: 130 | H13: 284 | I13: 6373 | J13: 0 | K13: 0 | L13: 284 | M13: 6373 | N13: 6219 | O13: 1355 | P13: 204 | Q13: 4660 | R13: 2430 | S13: 375 | T13: 14 | U13: 2041 | V13: 1757 | W13: 369 | X13: 58 | Y13: 1330 | Z13: 910 | AA13: 372 | AB13: 87 | AC13: 451 | AD13: 4 | AE13: 1 | AF13: 0 | AG13: 3 | AH13: 1118 | AI13: 238 | AJ13: 45 | AK13: 835 | AL13: 14081 | AM13: 2935 | AN13: 445 | AO13: 10701 | AP13: 5498 | AQ13: 834 | AR13: 34 | AS13: 4630 | AT13: 4034 | AU13: 810 | AV13: 136 | AW13: 3088 | AX13: 1874 | AY13: 757 | AZ13: 177 | BA13: 940 | BB13: 8 | BC13: 2 | BD13: 0 | BE13: 6 | BF13: 2667 | BG13: 532 | BH13: 98 | BI13: 2037
A14: Taipei City | B14: 男Male | C14: 311 | D14: 48 | E14: 263 | F14: 236 | G14: 27 | N14: 2601 | O14: 719 | P14: 94 | Q14: 1788 | R14: 799 | S14: 175 | T14: 3 | U14: 621 | V14: 870 | W14: 210 | X14: 27 | Y14: 633 | Z14: 507 | AA14: 233 | AB14: 47 | AC14: 227 | AD14: 1 | AE14: 0 | AF14: 0 | AG14: 1 | AH14: 424 | AI14: 101 | AJ14: 17 | AK14: 306 | AL14: 6034 | AM14: 1575 | AN14: 209 | AO14: 4250 | AP14: 1877 | AQ14: 391 | AR14: 8 | AS14: 1478 | AT14: 2026 | AU14: 478 | AV14: 73 | AW14: 1475 | AX14: 1064 | AY14: 479 | AZ14: 94 | BA14: 491 | BB14: 1 | BC14: 0 | BD14: 0 | BE14: 1 | BF14: 1066 | BG14: 227 | BH14: 34 | BI14: 805
B15: 女Female | C15: 1205 | D15: 188 | E15: 1017 | F15: 914 | G15: 103 | N15: 3618 | O15: 636 | P15: 110 | Q15: 2872 | R15: 1631 | S15: 200 | T15: 11 | U15: 1420 | V15: 887 | W15: 159 | X15: 31 | Y15: 697 | Z15: 403 | AA15: 139 | AB15: 40 | AC15: 224 | AD15: 3 | AE15: 1 | AF15: 0 | AG15: 2 | AH15: 694 | AI15: 137 | AJ15: 28 | AK15: 529 | AL15: 8047 | AM15: 1360 | AN15: 236 | AO15: 6451 | AP15: 3621 | AQ15: 443 | AR15: 26 | AS15: 3152 | AT15: 2008 | AU15: 332 | AV15: 63 | AW15: 1613 | AX15: 810 | AY15: 278 | AZ15: 83 | BA15: 449 | BB15: 7 | BC15: 2 | BD15: 0 | BE15: 5 | BF15: 1601 | BG15: 305 | BH15: 64 | BI15: 1232
A16: 桃 園 市 | B16: 計Total | C16: 1391 | D16: 114 | E16: 1277 | F16: 658 | G16: 619 | H16: 160 | I16: 6575 | J16: 3 | K16: 133 | L16: 157 | M16: 6442 | N16: 6300 | O16: 1272 | P16: 924 | Q16: 4104 | R16: 2482 | S16: 377 | T16: 65 | U16: 2040 | V16: 1657 | W16: 311 | X16: 189 | Y16: 1157 | Z16: 1288 | AA16: 387 | AB16: 523 | AC16: 378 | AD16: 72 | AE16: 25 | AF16: 16 | AG16: 31 | AH16: 801 | AI16: 172 | AJ16: 131 | AK16: 498 | AL16: 7621 | AM16: 1433 | AN16: 1031 | AO16: 5157 | AP16: 3075 | AQ16: 434 | AR16: 74 | AS16: 2567 | AT16: 2038 | AU16: 355 | AV16: 211 | AW16: 1472 | AX16: 1439 | AY16: 423 | AZ16: 577 | BA16: 439 | BB16: 77 | BC16: 26 | BD16: 18 | BE16: 33 | BF16: 992 | BG16: 195 | BH16: 151 | BI16: 646
A17: Taoyuan City | B17: 男Male | C17: 133 | D17: 9 | E17: 124 | F17: 61 | G17: 63 | N17: 2832 | O17: 674 | P17: 478 | Q17: 1680 | R17: 894 | S17: 158 | T17: 31 | U17: 705 | V17: 818 | W17: 169 | X17: 101 | Y17: 548 | Z17: 742 | AA17: 250 | AB17: 283 | AC17: 209 | AD17: 38 | AE17: 19 | AF17: 5 | AG17: 14 | AH17: 340 | AI17: 78 | AJ17: 58 | AK17: 204 | AL17: 3435 | AM17: 761 | AN17: 541 | AO17: 2133 | AP17: 1128 | AQ17: 185 | AR17: 35 | AS17: 908 | AT17: 1003 | AU17: 192 | AV17: 113 | AW17: 698 | AX17: 837 | AY17: 275 | AZ17: 317 | BA17: 245 | BB17: 39 | BC17: 19 | BD17: 6 | BE17: 14 | BF17: 428 | BG17: 90 | BH17: 70 | BI17: 268
B18: 女Female | C18: 1258 | D18: 105 | E18: 1153 | F18: 597 | G18: 556 | N18: 3468 | O18: 598 | P18: 446 | Q18: 2424 | R18: 1588 | S18: 219 | T18: 34 | U18: 1335 | V18: 839 | W18: 142 | X18: 88 | Y18: 609 | Z18: 546 | AA18: 137 | AB18: 240 | AC18: 169 | AD18: 34 | AE18: 6 | AF18: 11 | AG18: 17 | AH18: 461 | AI18: 94 | AJ18: 73 | AK18: 294 | AL18: 4186 | AM18: 672 | AN18: 490 | AO18: 3024 | AP18: 1947 | AQ18: 249 | AR18: 39 | AS18: 1659 | AT18: 1035 | AU18: 163 | AV18: 98 | AW18: 774 | AX18: 602 | AY18: 148 | AZ18: 260 | BA18: 194 | BB18: 38 | BC18: 7 | BD18: 12 | BE18: 19 | BF18: 564 | BG18: 105 | BH18: 81 | BI18: 378
A19: 臺 中 市 | B19: 計Total | C19: 2206 | D19: 234 | E19: 1972 | F19: 373 | G19: 1599 | H19: 354 | I19: 2126 | J19: 58 | K19: 58 | L19: 296 | M19: 2068 | N19: 13480 | O19: 4126 | P19: 887 | Q19: 8467 | R19: 5060 | S19: 892 | T19: 100 | U19: 4068 | V19: 3858 | W19: 1048 | X19: 306 | Y19: 2504 | Z19: 2686 | AA19: 1533 | AB19: 347 | AC19: 806 | AD19: 51 | AE19: 23 | AF19: 9 | AG19: 19 | AH19: 1825 | AI19: 630 | AJ19: 125 | AK19: 1070 | AL19: 29414 | AM19: 8338 | AN19: 1886 | AO19: 19190 | AP19: 10929 | AQ19: 1784 | AR19: 230 | AS19: 8915 | AT19: 8895 | AU19: 2166 | AV19: 641 | AW19: 6088 | AX19: 5452 | AY19: 3050 | AZ19: 725 | BA19: 1677 | BB19: 110 | BC19: 47 | BD19: 16 | BE19: 47 | BF19: 4028 | BG19: 1291 | BH19: 274 | BI19: 2463
A20: Taichung City | B20: 男Male | C20: 455 | D20: 37 | E20: 418 | F20: 228 | G20: 190 | N20: 5749 | O20: 2057 | P20: 423 | Q20: 3269 | R20: 1623 | S20: 317 | T20: 27 | U20: 1279 | V20: 1827 | W20: 528 | X20: 149 | Y20: 1150 | Z20: 1529 | AA20: 914 | AB20: 189 | AC20: 426 | AD20: 27 | AE20: 11 | AF20: 5 | AG20: 11 | AH20: 743 | AI20: 287 | AJ20: 53 | AK20: 403 | AL20: 12708 | AM20: 4201 | AN20: 903 | AO20: 7604 | AP20: 3606 | AQ20: 645 | AR20: 62 | AS20: 2899 | AT20: 4266 | AU20: 1118 | AV20: 309 | AW20: 2839 | AX20: 3120 | AY20: 1829 | AZ20: 402 | BA20: 889 | BB20: 57 | BC20: 21 | BD20: 10 | BE20: 26 | BF20: 1659 | BG20: 588 | BH20: 120 | BI20: 951
B21: 女Female | C21: 1751 | D21: 197 | E21: 1554 | F21: 145 | G21: 1409 | N21: 7731 | O21: 2069 | P21: 464 | Q21: 5198 | R21: 3437 | S21: 575 | T21: 73 | U21: 2789 | V21: 2031 | W21: 520 | X21: 157 | Y21: 1354 | Z21: 1157 | AA21: 619 | AB21: 158 | AC21: 380 | AD21: 24 | AE21: 12 | AF21: 4 | AG21: 8 | AH21: 1082 | AI21: 343 | AJ21: 72 | AK21: 667 | AL21: 16706 | AM21: 4137 | AN21: 983 | AO21: 11586 | AP21: 7323 | AQ21: 1139 | AR21: 168 | AS21: 6016 | AT21: 4629 | AU21: 1048 | AV21: 332 | AW21: 3249 | AX21: 2332 | AY21: 1221 | AZ21: 323 | BA21: 788 | BB21: 53 | BC21: 26 | BD21: 6 | BE21: 21 | BF21: 2369 | BG21: 703 | BH21: 154 | BI21: 1512
A22: 臺 南 市 | B22: 計Total | C22: 2045 | D22: 210 | E22: 1835 | F22: 968 | G22: 867 | H22: 131 | I22: 4694 | J22: 1 | K22: 35 | L22: 130 | M22: 4659 | N22: 10123 | O22: 1631 | P22: 1339 | Q22: 7153 | R22: 4214 | S22: 471 | T22: 65 | U22: 3678 | V22: 2939 | W22: 425 | X22: 399 | Y22: 2115 | Z22: 1456 | AA22: 425 | AB22: 659 | AC22: 372 | AD22: 5 | AE22: 1 | AF22: 2 | AG22: 2 | AH22: 1509 | AI22: 309 | AJ22: 214 | AK22: 986 | AL22: 17008 | AM22: 2491 | AN22: 1994 | AO22: 12523 | AP22: 6920 | AQ22: 732 | AR22: 93 | AS22: 6095 | AT22: 5305 | AU22: 804 | AV22: 664 | AW22: 3837 | AX22: 2417 | AY22: 717 | AZ22: 1031 | BA22: 669 | BB22: 12 | BC22: 4 | BD22: 4 | BE22: 4 | BF22: 2354 | BG22: 234 | BH22: 202 | BI22: 1918
A23: Tainan City | B23: 男Male | C23: 286 | D23: 24 | E23: 262 | F23: 121 | G23: 141 | N23: 4078 | O23: 848 | P23: 662 | Q23: 2568 | R23: 1379 | S23: 203 | T23: 15 | U23: 1161 | V23: 1255 | W23: 196 | X23: 179 | Y23: 880 | Z23: 862 | AA23: 296 | AB23: 365 | AC23: 201 | AD23: 2 | AE23: 0 | AF23: 1 | AG23: 1 | AH23: 580 | AI23: 153 | AJ23: 102 | AK23: 325 | AL23: 6857 | AM23: 1276 | AN23: 1009 | AO23: 4572 | AP23: 2306 | AQ23: 317 | AR23: 20 | AS23: 1969 | AT23: 2273 | AU23: 381 | AV23: 313 | AW23: 1579 | AX23: 1432 | AY23: 488 | AZ23: 591 | BA23: 353 | BB23: 2 | BC23: 0 | BD23: 1 | BE23: 1 | BF23: 844 | BG23: 90 | BH23: 84 | BI23: 670
B24: 女Female | C24: 1759 | D24: 186 | E24: 1573 | F24: 847 | G24: 726 | N24: 6045 | O24: 783 | P24: 677 | Q24: 4585 | R24: 2835 | S24: 268 | T24: 50 | U24: 2517 | V24: 1684 | W24: 229 | X24: 220 | Y24: 1235 | Z24: 594 | AA24: 129 | AB24: 294 | AC24: 171 | AD24: 3 | AE24: 1 | AF24: 1 | AG24: 1 | AH24: 929 | AI24: 156 | AJ24: 112 | AK24: 661 | AL24: 10151 | AM24: 1215 | AN24: 985 | AO24: 7951 | AP24: 4614 | AQ24: 415 | AR24: 73 | AS24: 4126 | AT24: 3032 | AU24: 423 | AV24: 351 | AW24: 2258 | AX24: 985 | AY24: 229 | AZ24: 440 | BA24: 316 | BB24: 10 | BC24: 4 | BD24: 3 | BE24: 3 | BF24: 1510 | BG24: 144 | BH24: 118 | BI24: 1248
A25: 高 雄 市 | B25: 計Total | C25: 3566 | D25: 326 | E25: 3240 | F25: 1762 | G25: 1478 | H25: 27 | I25: 1325 | J25: 8 | K25: 215 | L25: 19 | M25: 1110 | N25: 15083 | O25: 3363 | P25: 1856 | Q25: 9864 | R25: 6682 | S25: 1254 | T25: 252 | U25: 5176 | V25: 4310 | W25: 957 | X25: 438 | Y25: 2915 | Z25: 2923 | AA25: 944 | AB25: 1061 | AC25: 918 | AD25: 75 | AE25: 16 | AF25: 17 | AG25: 42 | AH25: 1093 | AI25: 192 | AJ25: 88 | AK25: 813 | AL25: 27668 | AM25: 6404 | AN25: 3436 | AO25: 17828 | AP25: 10514 | AQ25: 1976 | AR25: 278 | AS25: 8260 | AT25: 8393 | AU25: 1839 | AV25: 809 | AW25: 5745 | AX25: 4537 | AY25: 1480 | AZ25: 1719 | BA25: 1338 | BB25: 86 | BC25: 19 | BD25: 19 | BE25: 48 | BF25: 4138 | BG25: 1090 | BH25: 611 | BI25: 2437
A26: Kaohsiung City | B26: 男Male | C26: 407 | D26: 39 | E26: 368 | F26: 201 | G26: 167 | N26: 6364 | O26: 1606 | P26: 952 | Q26: 3806 | R26: 2292 | S26: 448 | T26: 116 | U26: 1728 | V26: 1966 | W26: 472 | X26: 211 | Y26: 1283 | Z26: 1683 | AA26: 609 | AB26: 578 | AC26: 496 | AD26: 40 | AE26: 11 | AF26: 11 | AG26: 18 | AH26: 383 | AI26: 66 | AJ26: 36 | AK26: 281 | AL26: 11700 | AM26: 3079 | AN26: 1806 | AO26: 6815 | AP26: 3431 | AQ26: 679 | AR26: 107 | AS26: 2645 | AT26: 3839 | AU26: 903 | AV26: 386 | AW26: 2550 | AX26: 2729 | AY26: 993 | AZ26: 1005 | BA26: 731 | BB26: 51 | BC26: 17 | BD26: 10 | BE26: 24 | BF26: 1650 | BG26: 487 | BH26: 298 | BI26: 865
B27: 女Female | C27: 3159 | D27: 287 | E27: 2872 | F27: 1561 | G27: 1311 | N27: 8719 | O27: 1757 | P27: 904 | Q27: 6058 | R27: 4390 | S27: 806 | T27: 136 | U27: 3448 | V27: 2344 | W27: 485 | X27: 227 | Y27: 1632 | Z27: 1240 | AA27: 335 | AB27: 483 | AC27: 422 | AD27: 35 | AE27: 5 | AF27: 6 | AG27: 24 | AH27: 710 | AI27: 126 | AJ27: 52 | AK27: 532 | AL27: 15968 | AM27: 3325 | AN27: 1630 | AO27: 11013 | AP27: 7083 | AQ27: 1297 | AR27: 171 | AS27: 5615 | AT27: 4554 | AU27: 936 | AV27: 423 | AW27: 3195 | AX27: 1808 | AY27: 487 | AZ27: 714 | BA27: 607 | BB27: 35 | BC27: 2 | BD27: 9 | BE27: 24 | BF27: 2488 | BG27: 603 | BH27: 313 | BI27: 1572
A28: 宜蘭縣 | B28: 計Total | C28: 504 | D28: 49 | E28: 455 | F28: 219 | G28: 236 | H28: 175 | I28: 310 | J28: 14 | K28: 45 | L28: 161 | M28: 265 | N28: 1722 | O28: 369 | P28: 219 | Q28: 1134 | R28: 509 | S28: 80 | T28: 30 | U28: 399 | V28: 658 | W28: 135 | X28: 52 | Y28: 471 | Z28: 269 | AA28: 81 | AB28: 96 | AC28: 92 | AD28: 21 | AE28: 14 | AF28: 3 | AG28: 4 | AH28: 265 | AI28: 59 | AJ28: 38 | AK28: 168 | AL28: 3899 | AM28: 796 | AN28: 405 | AO28: 2698 | AP28: 1208 | AQ28: 163 | AR28: 17 | AS28: 1028 | AT28: 1490 | AU28: 293 | AV28: 111 | AW28: 1086 | AX28: 590 | AY28: 176 | AZ28: 201 | BA28: 213 | BB28: 47 | BC28: 36 | BD28: 4 | BE28: 7 | BF28: 564 | BG28: 128 | BH28: 72 | BI28: 364
A29: Yilan County | B29: 男Male | C29: 59 | D29: 9 | E29: 50 | F29: 23 | G29: 27 | N29: 763 | O29: 213 | P29: 112 | Q29: 438 | R29: 174 | S29: 33 | T29: 14 | U29: 127 | V29: 318 | W29: 84 | X29: 31 | Y29: 203 | Z29: 152 | AA29: 53 | AB29: 52 | AC29: 47 | AD29: 15 | AE29: 12 | AF29: 3 | AG29: 0 | AH29: 104 | AI29: 31 | AJ29: 12 | AK29: 61 | AL29: 1755 | AM29: 464 | AN29: 211 | AO29: 1080 | AP29: 405 | AQ29: 66 | AR29: 5 | AS29: 334 | AT29: 739 | AU29: 182 | AV29: 70 | AW29: 487 | AX29: 332 | AY29: 113 | AZ29: 110 | BA29: 109 | BB29: 35 | BC29: 31 | BD29: 4 | BE29: 0 | BF29: 244 | BG29: 72 | BH29: 22 | BI29: 150
B30: 女Female | C30: 445 | D30: 40 | E30: 405 | F30: 196 | G30: 209 | N30: 959 | O30: 156 | P30: 107 | Q30: 696 | R30: 335 | S30: 47 | T30: 16 | U30: 272 | V30: 340 | W30: 51 | X30: 21 | Y30: 268 | Z30: 117 | AA30: 28 | AB30: 44 | AC30: 45 | AD30: 6 | AE30: 2 | AF30: 0 | AG30: 4 | AH30: 161 | AI30: 28 | AJ30: 26 | AK30: 107 | AL30: 2144 | AM30: 332 | AN30: 194 | AO30: 1618 | AP30: 803 | AQ30: 97 | AR30: 12 | AS30: 694 | AT30: 751 | AU30: 111 | AV30: 41 | AW30: 599 | AX30: 258 | AY30: 63 | AZ30: 91 | BA30: 104 | BB30: 12 | BC30: 5 | BD30: 0 | BE30: 7 | BF30: 320 | BG30: 56 | BH30: 50 | BI30: 214
A31: 新竹縣 | B31: 計Total | C31: 351 | D31: 30 | E31: 321 | F31: 195 | G31: 126 | H31: 14 | I31: 362 | J31: 1 | K31: 20 | L31: 13 | M31: 342 | N31: 1304 | O31: 224 | P31: 155 | Q31: 925 | R31: 525 | S31: 59 | T31: 13 | U31: 453 | V31: 343 | W31: 63 | X31: 18 | Y31: 262 | Z31: 248 | AA31: 55 | AB31: 94 | AC31: 99 | AD31: 18 | AE31: 7 | AF31: 4 | AG31: 7 | AH31: 170 | AI31: 40 | AJ31: 26 | AK31: 104 | AL31: 2573 | AM31: 459 | AN31: 271 | AO31: 1843 | AP31: 944 | AQ31: 108 | AR31: 28 | AS31: 808 | AT31: 806 | AU31: 143 | AV31: 50 | AW31: 613 | AX31: 523 | AY31: 160 | AZ31: 164 | BA31: 199 | BB31: 57 | BC31: 20 | BD31: 13 | BE31: 24 | BF31: 243 | BG31: 28 | BH31: 16 | BI31: 199
A32: Hsinchu County | B32: 男Male | C32: 33 | D32: 4 | E32: 29 | F32: 17 | G32: 12 | N32: 581 | O32: 132 | P32: 72 | Q32: 377 | R32: 175 | S32: 26 | T32: 6 | U32: 143 | V32: 171 | W32: 34 | X32: 8 | Y32: 129 | Z32: 138 | AA32: 40 | AB32: 44 | AC32: 54 | AD32: 13 | AE32: 7 | AF32: 2 | AG32: 4 | AH32: 84 | AI32: 25 | AJ32: 12 | AK32: 47 | AL32: 1152 | AM32: 272 | AN32: 125 | AO32: 755 | AP32: 326 | AQ32: 53 | AR32: 11 | AS32: 262 | AT32: 392 | AU32: 83 | AV32: 20 | AW32: 289 | AX32: 311 | AY32: 113 | AZ32: 80 | BA32: 118 | BB32: 37 | BC32: 18 | BD32: 9 | BE32: 10 | BF32: 86 | BG32: 5 | BH32: 5 | BI32: 76
B33: 女Female | C33: 318 | D33: 26 | E33: 292 | F33: 178 | G33: 114 | N33: 723 | O33: 92 | P33: 83 | Q33: 548 | R33: 350 | S33: 33 | T33: 7 | U33: 310 | V33: 172 | W33: 29 | X33: 10 | Y33: 133 | Z33: 110 | AA33: 15 | AB33: 50 | AC33: 45 | AD33: 5 | AE33: 0 | AF33: 2 | AG33: 3 | AH33: 86 | AI33: 15 | AJ33: 14 | AK33: 57 | AL33: 1421 | AM33: 187 | AN33: 146 | AO33: 1088 | AP33: 618 | AQ33: 55 | AR33: 17 | AS33: 546 | AT33: 414 | AU33: 60 | AV33: 30 | AW33: 324 | AX33: 212 | AY33: 47 | AZ33: 84 | BA33: 81 | BB33: 20 | BC33: 2 | BD33: 4 | BE33: 14 | BF33: 157 | BG33: 23 | BH33: 11 | BI33: 123
A34: 苗栗縣 | B34: 計Total | C34: 508 | D34: 53 | E34: 455 | F34: 287 | G34: 168 | H34: 95 | I34: 890 | J34: 12 | K34: 21 | L34: 83 | M34: 869 | N34: 2523 | O34: 411 | P34: 357 | Q34: 1755 | R34: 887 | S34: 74 | T34: 17 | U34: 796 | V34: 764 | W34: 99 | X34: 99 | Y34: 566 | Z34: 405 | AA34: 136 | AB34: 160 | AC34: 109 | AD34: 13 | AE34: 0 | AF34: 8 | AG34: 5 | AH34: 454 | AI34: 102 | AJ34: 73 | AK34: 279 | AL34: 6738 | AM34: 925 | AN34: 808 | AO34: 5005 | AP34: 3274 | AQ34: 341 | AR34: 232 | AS34: 2701 | AT34: 2245 | AU34: 261 | AV34: 251 | AW34: 1733 | AX34: 778 | AY34: 273 | AZ34: 284 | BA34: 221 | BB34: 37 | BC34: 18 | BD34: 11 | BE34: 8 | BF34: 404 | BG34: 32 | BH34: 30 | BI34: 342
A35: Miaoli County | B35: 男Male | C35: 56 | D35: 8 | E35: 48 | F35: 30 | G35: 18 | N35: 1145 | O35: 249 | P35: 191 | Q35: 705 | R35: 299 | S35: 28 | T35: 6 | U35: 265 | V35: 388 | W35: 64 | X35: 56 | Y35: 268 | Z35: 242 | AA35: 94 | AB35: 91 | AC35: 57 | AD35: 9 | AE35: 0 | AF35: 7 | AG35: 2 | AH35: 207 | AI35: 63 | AJ35: 31 | AK35: 113 | AL35: 3150 | AM35: 579 | AN35: 448 | AO35: 2123 | AP35: 1395 | AQ35: 199 | AR35: 125 | AS35: 1071 | AT35: 1095 | AU35: 162 | AV35: 138 | AW35: 795 | AX35: 473 | AY35: 193 | AZ35: 163 | BA35: 117 | BB35: 26 | BC35: 14 | BD35: 9 | BE35: 3 | BF35: 161 | BG35: 11 | BH35: 13 | BI35: 137
B36: 女Female | C36: 452 | D36: 45 | E36: 407 | F36: 257 | G36: 150 | N36: 1378 | O36: 162 | P36: 166 | Q36: 1050 | R36: 588 | S36: 46 | T36: 11 | U36: 531 | V36: 376 | W36: 35 | X36: 43 | Y36: 298 | Z36: 163 | AA36: 42 | AB36: 69 | AC36: 52 | AD36: 4 | AE36: 0 | AF36: 1 | AG36: 3 | AH36: 247 | AI36: 39 | AJ36: 42 | AK36: 166 | AL36: 3588 | AM36: 346 | AN36: 360 | AO36: 2882 | AP36: 1879 | AQ36: 142 | AR36: 107 | AS36: 1630 | AT36: 1150 | AU36: 99 | AV36: 113 | AW36: 938 | AX36: 305 | AY36: 80 | AZ36: 121 | BA36: 104 | BB36: 11 | BC36: 4 | BD36: 2 | BE36: 5 | BF36: 243 | BG36: 21 | BH36: 17 | BI36: 205
A37: 彰化縣 | B37: 計Total | C37: 1589 | D37: 131 | E37: 1458 | F37: 939 | G37: 519 | H37: 185 | I37: 2075 | J37: 102 | K37: 155 | L37: 83 | M37: 1920 | N37: 7589 | O37: 1341 | P37: 847 | Q37: 5401 | R37: 3402 | S37: 340 | T37: 72 | U37: 2990 | V37: 2057 | W37: 279 | X37: 230 | Y37: 1548 | Z37: 1238 | AA37: 485 | AB37: 415 | AC37: 338 | AD37: 2 | AE37: 1 | AF37: 0 | AG37: 1 | AH37: 890 | AI37: 236 | AJ37: 130 | AK37: 524 | AL37: 14678 | AM37: 1434 | AN37: 1554 | AO37: 11690 | AP37: 8704 | AQ37: 754 | AR37: 475 | AS37: 7475 | AT37: 3400 | AU37: 340 | AV37: 372 | AW37: 2688 | AX37: 1361 | AY37: 225 | AZ37: 622 | BA37: 514 | BB37: 4 | BC37: 2 | BD37: 1 | BE37: 1 | BF37: 1209 | BG37: 113 | BH37: 84 | BI37: 1012
A38: Changhua County | B38: 男Male | C38: 199 | D38: 24 | E38: 175 | F38: 105 | G38: 70 | N38: 3001 | O38: 718 | P38: 389 | Q38: 1894 | R38: 982 | S38: 127 | T38: 13 | U38: 842 | V38: 933 | W38: 145 | X38: 105 | Y38: 683 | Z38: 722 | AA38: 316 | AB38: 219 | AC38: 187 | AD38: 1 | AE38: 0 | AF38: 0 | AG38: 1 | AH38: 363 | AI38: 130 | AJ38: 52 | AK38: 181 | AL38: 5853 | AM38: 636 | AN38: 695 | AO38: 4522 | AP38: 3138 | AQ38: 292 | AR38: 188 | AS38: 2658 | AT38: 1544 | AU38: 158 | AV38: 169 | AW38: 1217 | AX38: 718 | AY38: 133 | AZ38: 308 | BA38: 277 | BB38: 3 | BC38: 1 | BD38: 1 | BE38: 1 | BF38: 450 | BG38: 52 | BH38: 29 | BI38: 369
B39: 女Female | C39: 1390 | D39: 107 | E39: 1283 | F39: 834 | G39: 449 | N39: 4588 | O39: 623 | P39: 458 | Q39: 3507 | R39: 2420 | S39: 213 | T39: 59 | U39: 2148 | V39: 1124 | W39: 134 | X39: 125 | Y39: 865 | Z39: 516 | AA39: 169 | AB39: 196 | AC39: 151 | AD39: 1 | AE39: 1 | AF39: 0 | AG39: 0 | AH39: 527 | AI39: 106 | AJ39: 78 | AK39: 343 | AL39: 8825 | AM39: 798 | AN39: 859 | AO39: 7168 | AP39: 5566 | AQ39: 462 | AR39: 287 | AS39: 4817 | AT39: 1856 | AU39: 182 | AV39: 203 | AW39: 1471 | AX39: 643 | AY39: 92 | AZ39: 314 | BA39: 237 | BB39: 1 | BC39: 1 | BD39: 0 | BE39: 0 | BF39: 759 | BG39: 61 | BH39: 55 | BI39: 643
A40: 南投縣 | B40: 計Total | C40: 1078 | D40: 117 | E40: 961 | F40: 651 | G40: 310 | H40: 178 | I40: 744 | J40: 37 | K40: 64 | L40: 141 | M40: 680 | N40: 4873 | O40: 872 | P40: 624 | Q40: 3377 | R40: 2116 | S40: 251 | T40: 79 | U40: 1786 | V40: 1422 | W40: 247 | X40: 151 | Y40: 1024 | Z40: 674 | AA40: 219 | AB40: 275 | AC40: 180 | AD40: 64 | AE40: 21 | AF40: 28 | AG40: 15 | AH40: 597 | AI40: 134 | AJ40: 91 | AK40: 372 | AL40: 9820 | AM40: 1510 | AN40: 842 | AO40: 7468 | AP40: 4493 | AQ40: 518 | AR40: 159 | AS40: 3816 | AT40: 3293 | AU40: 564 | AV40: 334 | AW40: 2395 | AX40: 160 | AY40: 44 | AZ40: 64 | BA40: 52 | BB40: 1277 | BC40: 249 | BD40: 193 | BE40: 835 | BF40: 597 | BG40: 135 | BH40: 92 | BI40: 370
A41: Nantou County | B41: 男Male | C41: 74 | D41: 14 | E41: 60 | F41: 41 | G41: 19 | N41: 1964 | O41: 483 | P41: 307 | Q41: 1174 | R41: 654 | S41: 107 | T41: 20 | U41: 527 | V41: 626 | W41: 134 | X41: 73 | Y41: 419 | Z41: 408 | AA41: 149 | AB41: 171 | AC41: 88 | AD41: 39 | AE41: 18 | AF41: 14 | AG41: 7 | AH41: 237 | AI41: 75 | AJ41: 29 | AK41: 133 | AL41: 3678 | AM41: 782 | AN41: 328 | AO41: 2568 | AP41: 1410 | AQ41: 225 | AR41: 42 | AS41: 1143 | AT41: 1432 | AU41: 310 | AV41: 156 | AW41: 966 | AX41: 100 | AY41: 39 | AZ41: 32 | BA41: 29 | BB41: 499 | BC41: 133 | BD41: 68 | BE41: 298 | BF41: 237 | BG41: 75 | BH41: 30 | BI41: 132
B42: 女Female | C42: 1004 | D42: 103 | E42: 901 | F42: 610 | G42: 291 | N42: 2909 | O42: 389 | P42: 317 | Q42: 2203 | R42: 1462 | S42: 144 | T42: 59 | U42: 1259 | V42: 796 | W42: 113 | X42: 78 | Y42: 605 | Z42: 266 | AA42: 70 | AB42: 104 | AC42: 92 | AD42: 25 | AE42: 3 | AF42: 14 | AG42: 8 | AH42: 360 | AI42: 59 | AJ42: 62 | AK42: 239 | AL42: 6142 | AM42: 728 | AN42: 514 | AO42: 4900 | AP42: 3083 | AQ42: 293 | AR42: 117 | AS42: 2673 | AT42: 1861 | AU42: 254 | AV42: 178 | AW42: 1429 | AX42: 60 | AY42: 5 | AZ42: 32 | BA42: 23 | BB42: 778 | BC42: 116 | BD42: 125 | BE42: 537 | BF42: 360 | BG42: 60 | BH42: 62 | BI42: 238
A43: 雲林縣 | B43: 計Total | C43: 457 | D43: 61 | E43: 396 | F43: 367 | G43: 29 | H43: 58 | I43: 860 | J43: 12 | K43: 60 | L43: 46 | M43: 800 | N43: 4286 | O43: 795 | P43: 401 | Q43: 3090 | R43: 1768 | S43: 187 | T43: 20 | U43: 1561 | V43: 1344 | W43: 236 | X43: 81 | Y43: 1027 | Z43: 615 | AA43: 241 | AB43: 240 | AC43: 134 | AD43: 0 | AE43: 0 | AF43: 0 | AG43: 0 | AH43: 559 | AI43: 131 | AJ43: 60 | AK43: 368 | AL43: 5310 | AM43: 936 | AN43: 476 | AO43: 3898 | AP43: 2174 | AQ43: 226 | AR43: 23 | AS43: 1925 | AT43: 1683 | AU43: 276 | AV43: 98 | AW43: 1309 | AX43: 712 | AY43: 268 | AZ43: 278 | BA43: 166 | BB43: 2 | BC43: 0 | BD43: 0 | BE43: 2 | BF43: 739 | BG43: 166 | BH43: 77 | BI43: 496
A44: Yunlin County | B44: 男Male | C44: 41 | D44: 5 | E44: 36 | F44: 32 | G44: 4 | N44: 1716 | O44: 448 | P44: 204 | Q44: 1064 | R44: 524 | S44: 84 | T44: 6 | U44: 434 | V44: 589 | W44: 118 | X44: 46 | Y44: 425 | Z44: 379 | AA44: 178 | AB44: 130 | AC44: 71 | AD44: 0 | AE44: 0 | AF44: 0 | AG44: 0 | AH44: 224 | AI44: 68 | AJ44: 22 | AK44: 134 | AL44: 2154 | AM44: 528 | AN44: 240 | AO44: 1386 | AP44: 667 | AQ44: 100 | AR44: 6 | AS44: 561 | AT44: 744 | AU44: 144 | AV44: 51 | AW44: 549 | AX44: 436 | AY44: 194 | AZ44: 153 | BA44: 89 | BB44: 0 | BC44: 0 | BD44: 0 | BE44: 0 | BF44: 307 | BG44: 90 | BH44: 30 | BI44: 187
B45: 女Female | C45: 416 | D45: 56 | E45: 360 | F45: 335 | G45: 25 | N45: 2570 | O45: 347 | P45: 197 | Q45: 2026 | R45: 1244 | S45: 103 | T45: 14 | U45: 1127 | V45: 755 | W45: 118 | X45: 35 | Y45: 602 | Z45: 236 | AA45: 63 | AB45: 110 | AC45: 63 | AD45: 0 | AE45: 0 | AF45: 0 | AG45: 0 | AH45: 335 | AI45: 63 | AJ45: 38 | AK45: 234 | AL45: 3156 | AM45: 408 | AN45: 236 | AO45: 2512 | AP45: 1507 | AQ45: 126 | AR45: 17 | AS45: 1364 | AT45: 939 | AU45: 132 | AV45: 47 | AW45: 760 | AX45: 276 | AY45: 74 | AZ45: 125 | BA45: 77 | BB45: 2 | BC45: 0 | BD45: 0 | BE45: 2 | BF45: 432 | BG45: 76 | BH45: 47 | BI45: 309
A46: 嘉義縣 | B46: 計Total | C46: 635 | D46: 74 | E46: 561 | F46: 561 | G46: 0 | H46: 6 | I46: 307 | J46: 2 | K46: 41 | L46: 4 | M46: 266 | N46: 3671 | O46: 618 | P46: 421 | Q46: 2632 | R46: 1378 | S46: 160 | T46: 28 | U46: 1190 | V46: 1253 | W46: 260 | X46: 84 | Y46: 909 | Z46: 583 | AA46: 177 | AB46: 281 | AC46: 125 | AD46: 9 | AE46: 5 | AF46: 0 | AG46: 4 | AH46: 448 | AI46: 16 | AJ46: 28 | AK46: 404 | AL46: 5233 | AM46: 915 | AN46: 578 | AO46: 3740 | AP46: 1904 | AQ46: 244 | AR46: 37 | AS46: 1623 | AT46: 1897 | AU46: 380 | AV46: 124 | AW46: 1393 | AX46: 769 | AY46: 226 | AZ46: 366 | BA46: 177 | BB46: 10 | BC46: 1 | BD46: 5 | BE46: 4 | BF46: 653 | BG46: 64 | BH46: 46 | BI46: 543
A47: Chiayi County | B47: 男Male | C47: 87 | D47: 13 | E47: 74 | F47: 74 | G47: 0 | N47: 1510 | O47: 351 | P47: 222 | Q47: 937 | R47: 424 | S47: 59 | T47: 8 | U47: 357 | V47: 569 | W47: 147 | X47: 37 | Y47: 385 | Z47: 370 | AA47: 134 | AB47: 169 | AC47: 67 | AD47: 8 | AE47: 4 | AF47: 0 | AG47: 4 | AH47: 139 | AI47: 7 | AJ47: 8 | AK47: 124 | AL47: 2176 | AM47: 520 | AN47: 298 | AO47: 1358 | AP47: 604 | AQ47: 98 | AR47: 12 | AS47: 494 | AT47: 877 | AU47: 214 | AV47: 58 | AW47: 605 | AX47: 493 | AY47: 181 | AZ47: 214 | BA47: 98 | BB47: 9 | BC47: 1 | BD47: 4 | BE47: 4 | BF47: 193 | BG47: 26 | BH47: 10 | BI47: 157
B48: 女Female | C48: 548 | D48: 61 | E48: 487 | F48: 487 | G48: 0 | N48: 2161 | O48: 267 | P48: 199 | Q48: 1695 | R48: 954 | S48: 101 | T48: 20 | U48: 833 | V48: 684 | W48: 113 | X48: 47 | Y48: 524 | Z48: 213 | AA48: 43 | AB48: 112 | AC48: 58 | AD48: 1 | AE48: 1 | AF48: 0 | AG48: 0 | AH48: 309 | AI48: 9 | AJ48: 20 | AK48: 280 | AL48: 3057 | AM48: 395 | AN48: 280 | AO48: 2382 | AP48: 1300 | AQ48: 146 | AR48: 25 | AS48: 1129 | AT48: 1020 | AU48: 166 | AV48: 66 | AW48: 788 | AX48: 276 | AY48: 45 | AZ48: 152 | BA48: 79 | BB48: 1 | BC48: 0 | BD48: 1 | BE48: 0 | BF48: 460 | BG48: 38 | BH48: 36 | BI48: 386
A49: 屏東縣 | B49: 計Total | C49: 1482 | D49: 149 | E49: 1333 | F49: 890 | G49: 443 | H49: 32 | I49: 821 | J49: 3 | K49: 85 | L49: 29 | M49: 736 | N49: 8005 | O49: 1891 | P49: 1008 | Q49: 5106 | R49: 3322 | S49: 481 | T49: 91 | U49: 2750 | V49: 2323 | W49: 516 | X49: 295 | Y49: 1512 | Z49: 1258 | AA49: 556 | AB49: 417 | AC49: 285 | AD49: 190 | AE49: 67 | AF49: 57 | AG49: 66 | AH49: 912 | AI49: 271 | AJ49: 148 | AK49: 493 | AL49: 11612 | AM49: 2410 | AN49: 1441 | AO49: 7761 | AP49: 5666 | AQ49: 800 | AR49: 307 | AS49: 4559 | AT49: 3372 | AU49: 698 | AV49: 435 | AW49: 2239 | AX49: 1779 | AY49: 727 | AZ49: 571 | BA49: 481 | BB49: 279 | BC49: 97 | BD49: 70 | BE49: 112 | BF49: 516 | BG49: 88 | BH49: 58 | BI49: 370
A50: Pingtung County | B50: 男Male | C50: 144 | D50: 18 | E50: 126 | F50: 83 | G50: 43 | N50: 3394 | O50: 1081 | P50: 501 | Q50: 1812 | R50: 1016 | S50: 181 | T50: 21 | U50: 814 | V50: 1058 | W50: 283 | X50: 137 | Y50: 638 | Z50: 803 | AA50: 409 | AB50: 241 | AC50: 153 | AD50: 124 | AE50: 53 | AF50: 35 | AG50: 36 | AH50: 393 | AI50: 155 | AJ50: 67 | AK50: 171 | AL50: 4959 | AM50: 1363 | AN50: 691 | AO50: 2905 | AP50: 1978 | AQ50: 356 | AR50: 118 | AS50: 1504 | AT50: 1525 | AU50: 381 | AV50: 207 | AW50: 937 | AX50: 1073 | AY50: 512 | AZ50: 307 | BA50: 254 | BB50: 174 | BC50: 75 | BD50: 37 | BE50: 62 | BF50: 209 | BG50: 39 | BH50: 22 | BI50: 148
B51: 女Female | C51: 1338 | D51: 131 | E51: 1207 | F51: 807 | G51: 400 | N51: 4611 | O51: 810 | P51: 507 | Q51: 3294 | R51: 2306 | S51: 300 | T51: 70 | U51: 1936 | V51: 1265 | W51: 233 | X51: 158 | Y51: 874 | Z51: 455 | AA51: 147 | AB51: 176 | AC51: 132 | AD51: 66 | AE51: 14 | AF51: 22 | AG51: 30 | AH51: 519 | AI51: 116 | AJ51: 81 | AK51: 322 | AL51: 6653 | AM51: 1047 | AN51: 750 | AO51: 4856 | AP51: 3688 | AQ51: 444 | AR51: 189 | AS51: 3055 | AT51: 1847 | AU51: 317 | AV51: 228 | AW51: 1302 | AX51: 706 | AY51: 215 | AZ51: 264 | BA51: 227 | BB51: 105 | BC51: 22 | BD51: 33 | BE51: 50 | BF51: 307 | BG51: 49 | BH51: 36 | BI51: 222
A52: 臺東縣 | B52: 計Total | C52: 293 | D52: 24 | E52: 269 | F52: 228 | G52: 41 | H52: 126 | I52: 446 | J52: 0 | K52: 0 | L52: 126 | M52: 446 | N52: 1976 | O52: 660 | P52: 194 | Q52: 1122 | R52: 700 | S52: 119 | T52: 12 | U52: 569 | V52: 598 | W52: 151 | X52: 64 | Y52: 383 | Z52: 312 | AA52: 209 | AB52: 59 | AC52: 44 | AD52: 160 | AE52: 85 | AF52: 36 | AG52: 39 | AH52: 206 | AI52: 96 | AJ52: 23 | AK52: 87 | AL52: 2380 | AM52: 738 | AN52: 221 | AO52: 1421 | AP52: 866 | AQ52: 138 | AR52: 12 | AS52: 716 | AT52: 729 | AU52: 168 | AV52: 75 | AW52: 486 | AX52: 352 | AY52: 232 | AZ52: 66 | BA52: 54 | BB52: 181 | BC52: 92 | BD52: 40 | BE52: 49 | BF52: 252 | BG52: 108 | BH52: 28 | BI52: 116
A53: Taitung County | B53: 男Male | C53: 33 | D53: 3 | E53: 30 | F53: 25 | G53: 5 | N53: 941 | O53: 440 | P53: 92 | Q53: 409 | R53: 243 | S53: 57 | T53: 4 | U53: 182 | V53: 276 | W53: 98 | X53: 22 | Y53: 156 | Z53: 222 | AA53: 157 | AB53: 32 | AC53: 33 | AD53: 104 | AE53: 73 | AF53: 17 | AG53: 14 | AH53: 96 | AI53: 55 | AJ53: 17 | AK53: 24 | AL53: 1118 | AM53: 491 | AN53: 106 | AO53: 521 | AP53: 306 | AQ53: 68 | AR53: 4 | AS53: 234 | AT53: 337 | AU53: 111 | AV53: 27 | AW53: 199 | AX53: 246 | AY53: 174 | AZ53: 37 | BA53: 35 | BB53: 114 | BC53: 78 | BD53: 19 | BE53: 17 | BF53: 115 | BG53: 60 | BH53: 19 | BI53: 36
B54: 女Female | C54: 260 | D54: 21 | E54: 239 | F54: 203 | G54: 36 | N54: 1035 | O54: 220 | P54: 102 | Q54: 713 | R54: 457 | S54: 62 | T54: 8 | U54: 387 | V54: 322 | W54: 53 | X54: 42 | Y54: 227 | Z54: 90 | AA54: 52 | AB54: 27 | AC54: 11 | AD54: 56 | AE54: 12 | AF54: 19 | AG54: 25 | AH54: 110 | AI54: 41 | AJ54: 6 | AK54: 63 | AL54: 1262 | AM54: 247 | AN54: 115 | AO54: 900 | AP54: 560 | AQ54: 70 | AR54: 8 | AS54: 482 | AT54: 392 | AU54: 57 | AV54: 48 | AW54: 287 | AX54: 106 | AY54: 58 | AZ54: 29 | BA54: 19 | BB54: 67 | BC54: 14 | BD54: 21 | BE54: 32 | BF54: 137 | BG54: 48 | BH54: 9 | BI54: 80
A55: 花蓮縣 | B55: 計Total | C55: 608 | D55: 68 | E55: 540 | F55: 290 | G55: 250 | H55: 170 | I55: 1203 | J55: 11 | K55: 43 | L55: 159 | M55: 1160 | N55: 3037 | O55: 727 | P55: 565 | Q55: 1745 | R55: 1344 | S55: 237 | T55: 138 | U55: 969 | V55: 763 | W55: 144 | X55: 150 | Y55: 469 | Z55: 511 | AA55: 210 | AB55: 174 | AC55: 127 | AD55: 247 | AE55: 101 | AF55: 73 | AG55: 73 | AH55: 172 | AI55: 35 | AJ55: 30 | AK55: 107 | AL55: 3389 | AM55: 829 | AN55: 559 | AO55: 2001 | AP55: 1463 | AQ55: 280 | AR55: 97 | AS55: 1086 | AT55: 716 | AU55: 125 | AV55: 153 | AW55: 438 | AX55: 555 | AY55: 230 | AZ55: 187 | BA55: 138 | BB55: 456 | BC55: 154 | BD55: 95 | BE55: 207 | BF55: 199 | BG55: 40 | BH55: 27 | BI55: 132
A56: Hualien County | B56: 男Male | C56: 85 | D56: 12 | E56: 73 | F56: 40 | G56: 33 | N56: 1345 | O56: 426 | P56: 273 | Q56: 646 | R56: 514 | S56: 129 | T56: 51 | U56: 334 | V56: 327 | W56: 74 | X56: 69 | Y56: 184 | Z56: 289 | AA56: 132 | AB56: 95 | AC56: 62 | AD56: 147 | AE56: 73 | AF56: 43 | AG56: 31 | AH56: 68 | AI56: 18 | AJ56: 15 | AK56: 35 | AL56: 1550 | AM56: 501 | AN56: 295 | AO56: 754 | AP56: 599 | AQ56: 158 | AR56: 45 | AS56: 396 | AT56: 325 | AU56: 66 | AV56: 75 | AW56: 184 | AX56: 321 | AY56: 151 | AZ56: 103 | BA56: 67 | BB56: 213 | BC56: 103 | BD56: 54 | BE56: 56 | BF56: 92 | BG56: 23 | BH56: 18 | BI56: 51
B57: 女Female | C57: 523 | D57: 56 | E57: 467 | F57: 250 | G57: 217 | N57: 1692 | O57: 301 | P57: 292 | Q57: 1099 | R57: 830 | S57: 108 | T57: 87 | U57: 635 | V57: 436 | W57: 70 | X57: 81 | Y57: 285 | Z57: 222 | AA57: 78 | AB57: 79 | AC57: 65 | AD57: 100 | AE57: 28 | AF57: 30 | AG57: 42 | AH57: 104 | AI57: 17 | AJ57: 15 | AK57: 72 | AL57: 1839 | AM57: 328 | AN57: 264 | AO57: 1247 | AP57: 864 | AQ57: 122 | AR57: 52 | AS57: 690 | AT57: 391 | AU57: 59 | AV57: 78 | AW57: 254 | AX57: 234 | AY57: 79 | AZ57: 84 | BA57: 71 | BB57: 243 | BC57: 51 | BD57: 41 | BE57: 151 | BF57: 107 | BG57: 17 | BH57: 9 | BI57: 81
A58: 澎湖縣 | B58: 計Total | C58: 127 | D58: 11 | E58: 116 | F58: 1 | G58: 115 | H58: 3 | I58: 82 | J58: 0 | K58: 0 | L58: 3 | M58: 82 | N58: 803 | O58: 160 | P58: 80 | Q58: 563 | R58: 394 | S58: 41 | T58: 3 | U58: 350 | V58: 226 | W58: 42 | X58: 19 | Y58: 165 | Z58: 109 | AA58: 44 | AB58: 39 | AC58: 26 | AD58: 2 | AE58: 1 | AF58: 1 | AG58: 0 | AH58: 72 | AI58: 32 | AJ58: 18 | AK58: 22 | AL58: 1543 | AM58: 299 | AN58: 144 | AO58: 1100 | AP58: 736 | AQ58: 85 | AR58: 3 | AS58: 648 | AT58: 445 | AU58: 77 | AV58: 40 | AW58: 328 | AX58: 185 | AY58: 77 | AZ58: 65 | BA58: 43 | BB58: 4 | BC58: 2 | BD58: 2 | BE58: 0 | BF58: 173 | BG58: 58 | BH58: 34 | BI58: 81
A59: Penghu County | B59: 男Male | C59: 23 | D59: 4 | E59: 19 | F59: 0 | G59: 19 | N59: 324 | O59: 102 | P59: 40 | Q59: 182 | R59: 110 | S59: 19 | T59: 1 | U59: 90 | V59: 101 | W59: 25 | X59: 7 | Y59: 69 | Z59: 73 | AA59: 35 | AB59: 24 | AC59: 14 | AD59: 0 | AE59: 0 | AF59: 0 | AG59: 0 | AH59: 40 | AI59: 23 | AJ59: 8 | AK59: 9 | AL59: 633 | AM59: 186 | AN59: 75 | AO59: 372 | AP59: 223 | AQ59: 41 | AR59: 1 | AS59: 181 | AT59: 202 | AU59: 47 | AV59: 19 | AW59: 136 | AX59: 125 | AY59: 60 | AZ59: 41 | BA59: 24 | BB59: 0 | BC59: 0 | BD59: 0 | BE59: 0 | BF59: 83 | BG59: 38 | BH59: 14 | BI59: 31
B60: 女Female | C60: 104 | D60: 7 | E60: 97 | F60: 1 | G60: 96 | N60: 479 | O60: 58 | P60: 40 | Q60: 381 | R60: 284 | S60: 22 | T60: 2 | U60: 260 | V60: 125 | W60: 17 | X60: 12 | Y60: 96 | Z60: 36 | AA60: 9 | AB60: 15 | AC60: 12 | AD60: 2 | AE60: 1 | AF60: 1 | AG60: 0 | AH60: 32 | AI60: 9 | AJ60: 10 | AK60: 13 | AL60: 910 | AM60: 113 | AN60: 69 | AO60: 728 | AP60: 513 | AQ60: 44 | AR60: 2 | AS60: 467 | AT60: 243 | AU60: 30 | AV60: 21 | AW60: 192 | AX60: 60 | AY60: 17 | AZ60: 24 | BA60: 19 | BB60: 4 | BC60: 2 | BD60: 2 | BE60: 0 | BF60: 90 | BG60: 20 | BH60: 20 | BI60: 50
A61: 基隆市 | B61: 計Total | C61: 181 | D61: 18 | E61: 163 | F61: 163 | G61: 0 | H61: 64 | I61: 323 | J61: 31 | K61: 32 | L61: 33 | M61: 291 | N61: 974 | O61: 222 | P61: 184 | Q61: 568 | R61: 292 | S61: 56 | T61: 10 | U61: 226 | V61: 313 | W61: 63 | X61: 55 | Y61: 195 | Z61: 215 | AA61: 62 | AB61: 101 | AC61: 52 | AD61: 0 | AE61: 0 | AF61: 0 | AG61: 0 | AH61: 154 | AI61: 41 | AJ61: 18 | AK61: 95 | AL61: 1710 | AM61: 354 | AN61: 321 | AO61: 1035 | AP61: 561 | AQ61: 96 | AR61: 18 | AS61: 447 | AT61: 520 | AU61: 94 | AV61: 84 | AW61: 342 | AX61: 379 | AY61: 99 | AZ61: 183 | BA61: 97 | BB61: 0 | BC61: 0 | BD61: 0 | BE61: 0 | BF61: 250 | BG61: 65 | BH61: 36 | BI61: 149
A62: Keelung City | B62: 男Male | C62: 20 | D62: 4 | E62: 16 | F62: 16 | G62: 0 | N62: 408 | O62: 109 | P62: 98 | Q62: 201 | R62: 71 | S62: 14 | T62: 4 | U62: 53 | V62: 146 | W62: 33 | X62: 28 | Y62: 85 | Z62: 130 | AA62: 45 | AB62: 57 | AC62: 28 | AD62: 0 | AE62: 0 | AF62: 0 | AG62: 0 | AH62: 61 | AI62: 17 | AJ62: 9 | AK62: 35 | AL62: 697 | AM62: 170 | AN62: 165 | AO62: 362 | AP62: 140 | AQ62: 28 | AR62: 7 | AS62: 105 | AT62: 246 | AU62: 49 | AV62: 45 | AW62: 152 | AX62: 220 | AY62: 65 | AZ62: 97 | BA62: 58 | BB62: 0 | BC62: 0 | BD62: 0 | BE62: 0 | BF62: 91 | BG62: 28 | BH62: 16 | BI62: 47
B63: 女Female | C63: 161 | D63: 14 | E63: 147 | F63: 147 | G63: 0 | N63: 566 | O63: 113 | P63: 86 | Q63: 367 | R63: 221 | S63: 42 | T63: 6 | U63: 173 | V63: 167 | W63: 30 | X63: 27 | Y63: 110 | Z63: 85 | AA63: 17 | AB63: 44 | AC63: 24 | AD63: 0 | AE63: 0 | AF63: 0 | AG63: 0 | AH63: 93 | AI63: 24 | AJ63: 9 | AK63: 60 | AL63: 1013 | AM63: 184 | AN63: 156 | AO63: 673 | AP63: 421 | AQ63: 68 | AR63: 11 | AS63: 342 | AT63: 274 | AU63: 45 | AV63: 39 | AW63: 190 | AX63: 159 | AY63: 34 | AZ63: 86 | BA63: 39 | BB63: 0 | BC63: 0 | BD63: 0 | BE63: 0 | BF63: 159 | BG63: 37 | BH63: 20 | BI63: 102
A64: 新竹市 | B64: 計Total | C64: 188 | D64: 20 | E64: 168 | F64: 81 | G64: 87 | H64: 50 | I64: 376 | J64: 9 | K64: 13 | L64: 41 | M64: 363 | N64: 878 | O64: 161 | P64: 116 | Q64: 601 | R64: 308 | S64: 36 | T64: 5 | U64: 267 | V64: 254 | W64: 48 | X64: 33 | Y64: 173 | Z64: 165 | AA64: 44 | AB64: 56 | AC64: 65 | AD64: 1 | AE64: 0 | AF64: 0 | AG64: 1 | AH64: 150 | AI64: 33 | AJ64: 22 | AK64: 95 | AL64: 1192 | AM64: 210 | AN64: 167 | AO64: 815 | AP64: 405 | AQ64: 44 | AR64: 9 | AS64: 352 | AT64: 365 | AU64: 63 | AV64: 46 | AW64: 256 | AX64: 210 | AY64: 58 | AZ64: 78 | BA64: 74 | BB64: 2 | BC64: 0 | BD64: 1 | BE64: 1 | BF64: 210 | BG64: 45 | BH64: 33 | BI64: 132
A65: Hsinchu City | B65: 男Male | C65: 38 | D65: 1 | E65: 37 | F65: 17 | G65: 20 | N65: 397 | O65: 87 | P65: 58 | Q65: 252 | R65: 92 | S65: 9 | T65: 2 | U65: 81 | V65: 139 | W65: 25 | X65: 17 | Y65: 97 | Z65: 101 | AA65: 37 | AB65: 32 | AC65: 32 | AD65: 0 | AE65: 0 | AF65: 0 | AG65: 0 | AH65: 65 | AI65: 16 | AJ65: 7 | AK65: 42 | AL65: 563 | AM65: 113 | AN65: 92 | AO65: 358 | AP65: 134 | AQ65: 10 | AR65: 6 | AS65: 118 | AT65: 200 | AU65: 34 | AV65: 27 | AW65: 139 | AX65: 131 | AY65: 50 | AZ65: 46 | BA65: 35 | BB65: 1 | BC65: 0 | BD65: 1 | BE65: 0 | BF65: 97 | BG65: 19 | BH65: 12 | BI65: 66
B66: 女Female | C66: 150 | D66: 19 | E66: 131 | F66: 64 | G66: 67 | N66: 481 | O66: 74 | P66: 58 | Q66: 349 | R66: 216 | S66: 27 | T66: 3 | U66: 186 | V66: 115 | W66: 23 | X66: 16 | Y66: 76 | Z66: 64 | AA66: 7 | AB66: 24 | AC66: 33 | AD66: 1 | AE66: 0 | AF66: 0 | AG66: 1 | AH66: 85 | AI66: 17 | AJ66: 15 | AK66: 53 | AL66: 629 | AM66: 97 | AN66: 75 | AO66: 457 | AP66: 271 | AQ66: 34 | AR66: 3 | AS66: 234 | AT66: 165 | AU66: 29 | AV66: 19 | AW66: 117 | AX66: 79 | AY66: 8 | AZ66: 32 | BA66: 39 | BB66: 1 | BC66: 0 | BD66: 0 | BE66: 1 | BF66: 113 | BG66: 26 | BH66: 21 | BI66: 66
A67: 嘉義市 | B67: 計Total | C67: 263 | D67: 26 | E67: 237 | F67: 86 | G67: 151 | H67: 90 | I67: 410 | J67: 20 | K67: 21 | L67: 70 | M67: 389 | N67: 1501 | O67: 181 | P67: 170 | Q67: 1150 | R67: 827 | S67: 99 | T67: 52 | U67: 676 | V67: 341 | W67: 46 | X67: 42 | Y67: 253 | Z67: 137 | AA67: 13 | AB67: 62 | AC67: 62 | AD67: 0 | AE67: 0 | AF67: 0 | AG67: 0 | AH67: 196 | AI67: 23 | AJ67: 14 | AK67: 159 | AL67: 2620 | AM67: 294 | AN67: 186 | AO67: 2140 | AP67: 1579 | AQ67: 176 | AR67: 96 | AS67: 1307 | AT67: 699 | AU67: 78 | AV67: 72 | AW67: 549 | AX67: 0 | AY67: 0 | AZ67: 0 | BA67: 0 | BB67: 0 | BC67: 0 | BD67: 0 | BE67: 0 | BF67: 342 | BG67: 40 | BH67: 18 | BI67: 284
A68: Chiayi City | B68: 男Male | C68: 30 | D68: 2 | E68: 28 | F68: 7 | G68: 21 | N68: 585 | O68: 71 | P68: 86 | Q68: 428 | R68: 297 | S68: 36 | T68: 26 | U68: 235 | V68: 151 | W68: 18 | X68: 24 | Y68: 109 | Z68: 69 | AA68: 7 | AB68: 30 | AC68: 32 | AD68: 0 | AE68: 0 | AF68: 0 | AG68: 0 | AH68: 68 | AI68: 10 | AJ68: 6 | AK68: 52 | AL68: 1002 | AM68: 109 | AN68: 90 | AO68: 803 | AP68: 578 | AQ68: 64 | AR68: 44 | AS68: 470 | AT68: 304 | AU68: 31 | AV68: 39 | AW68: 234 | AX68: 0 | AY68: 0 | AZ68: 0 | BA68: 0 | BB68: 0 | BC68: 0 | BD68: 0 | BE68: 0 | BF68: 120 | BG68: 14 | BH68: 7 | BI68: 99
B69: 女Female | C69: 233 | D69: 24 | E69: 209 | F69: 79 | G69: 130 | N69: 916 | O69: 110 | P69: 84 | Q69: 722 | R69: 530 | S69: 63 | T69: 26 | U69: 441 | V69: 190 | W69: 28 | X69: 18 | Y69: 144 | Z69: 68 | AA69: 6 | AB69: 32 | AC69: 30 | AD69: 0 | AE69: 0 | AF69: 0 | AG69: 0 | AH69: 128 | AI69: 13 | AJ69: 8 | AK69: 107 | AL69: 1618 | AM69: 185 | AN69: 96 | AO69: 1337 | AP69: 1001 | AQ69: 112 | AR69: 52 | AS69: 837 | AT69: 395 | AU69: 47 | AV69: 33 | AW69: 315 | AX69: 0 | AY69: 0 | AZ69: 0 | BA69: 0 | BB69: 0 | BC69: 0 | BD69: 0 | BE69: 0 | BF69: 222 | BG69: 26 | BH69: 11 | BI69: 185
A70: 金門縣 | B70: 計Total | C70: 90 | D70: 5 | E70: 85 | F70: 17 | G70: 68 | H70: 11 | I70: 175 | J70: 0 | K70: 0 | L70: 11 | M70: 175 | N70: 352 | O70: 16 | P70: 3 | Q70: 333 | R70: 168 | S70: 1 | T70: 0 | U70: 167 | V70: 124 | W70: 7 | X70: 0 | Y70: 117 | Z70: 35 | AA70: 6 | AB70: 3 | AC70: 26 | AD70: 0 | AE70: 0 | AF70: 0 | AG70: 0 | AH70: 25 | AI70: 2 | AJ70: 0 | AK70: 23 | AL70: 504 | AM70: 23 | AN70: 4 | AO70: 477 | AP70: 216 | AQ70: 5 | AR70: 0 | AS70: 211 | AT70: 222 | AU70: 8 | AV70: 0 | AW70: 214 | AX70: 51 | AY70: 10 | AZ70: 4 | BA70: 37 | BB70: 0 | BC70: 0 | BD70: 0 | BE70: 0 | BF70: 15 | BG70: 0 | BH70: 0 | BI70: 15
A71: Kinmen County | B71: 男Male | C71: 8 | D71: 1 | E71: 7 | F71: 0 | G71: 7 | N71: 132 | O71: 11 | P71: 2 | Q71: 119 | R71: 51 | S71: 0 | T71: 0 | U71: 51 | V71: 51 | W71: 5 | X71: 0 | Y71: 46 | Z71: 21 | AA71: 5 | AB71: 2 | AC71: 14 | AD71: 0 | AE71: 0 | AF71: 0 | AG71: 0 | AH71: 9 | AI71: 1 | AJ71: 0 | AK71: 8 | AL71: 186 | AM71: 15 | AN71: 3 | AO71: 168 | AP71: 67 | AQ71: 3 | AR71: 0 | AS71: 64 | AT71: 93 | AU71: 5 | AV71: 0 | AW71: 88 | AX71: 24 | AY71: 7 | AZ71: 3 | BA71: 14 | BB71: 0 | BC71: 0 | BD71: 0 | BE71: 0 | BF71: 2 | BG71: 0 | BH71: 0 | BI71: 2
B72: 女Female | C72: 82 | D72: 4 | E72: 78 | F72: 17 | G72: 61 | N72: 220 | O72: 5 | P72: 1 | Q72: 214 | R72: 117 | S72: 1 | T72: 0 | U72: 116 | V72: 73 | W72: 2 | X72: 0 | Y72: 71 | Z72: 14 | AA72: 1 | AB72: 1 | AC72: 12 | AD72: 0 | AE72: 0 | AF72: 0 | AG72: 0 | AH72: 16 | AI72: 1 | AJ72: 0 | AK72: 15 | AL72: 318 | AM72: 8 | AN72: 1 | AO72: 309 | AP72: 149 | AQ72: 2 | AR72: 0 | AS72: 147 | AT72: 129 | AU72: 3 | AV72: 0 | AW72: 126 | AX72: 27 | AY72: 3 | AZ72: 1 | BA72: 23 | BB72: 0 | BC72: 0 | BD72: 0 | BE72: 0 | BF72: 13 | BG72: 0 | BH72: 0 | BI72: 13
A73: 連江縣 | B73: 計Total | C73: 7 | D73: 0 | E73: 7 | F73: 1 | G73: 6 | H73: 0 | I73: 15 | J73: 0 | K73: 0 | L73: 0 | M73: 15 | N73: 9 | O73: 3 | P73: 1 | Q73: 5 | R73: 8 | S73: 3 | T73: 0 | U73: 5 | V73: 0 | W73: 0 | X73: 0 | Y73: 0 | Z73: 1 | AA73: 0 | AB73: 1 | AC73: 0 | AD73: 0 | AE73: 0 | AF73: 0 | AG73: 0 | AH73: 0 | AI73: 0 | AJ73: 0 | AK73: 0 | AL73: 9 | AM73: 2 | AN73: 1 | AO73: 6 | AP73: 5 | AQ73: 0 | AR73: 0 | AS73: 5 | AT73: 1 | AU73: 1 | AV73: 0 | AW73: 0 | AX73: 3 | AY73: 1 | AZ73: 1 | BA73: 1 | BB73: 0 | BC73: 0 | BD73: 0 | BE73: 0 | BF73: 0 | BG73: 0 | BH73: 0 | BI73: 0
A74: Lienchiang County | B74: 男Male | C74: 1 | D74: 0 | E74: 1 | F74: 0 | G74: 1 | H74: 0 | I74: 0 | J74: 0 | K74: 0 | L74: 0 | M74: 0 | N74: 5 | O74: 2 | P74: 1 | Q74: 2 | R74: 4 | S74: 2 | T74: 0 | U74: 2 | V74: 0 | W74: 0 | X74: 0 | Y74: 0 | Z74: 1 | AA74: 0 | AB74: 1 | AC74: 0 | AD74: 0 | AE74: 0 | AF74: 0 | AG74: 0 | AH74: 0 | AI74: 0 | AJ74: 0 | AK74: 0 | AL74: 5 | AM74: 2 | AN74: 1 | AO74: 2 | AP74: 2 | AQ74: 0 | AR74: 0 | AS74: 2 | AT74: 1 | AU74: 1 | AV74: 0 | AW74: 0 | AX74: 2 | AY74: 1 | AZ74: 1 | BA74: 0 | BB74: 0 | BC74: 0 | BD74: 0 | BE74: 0 | BF74: 0 | BG74: 0 | BH74: 0 | BI74: 0
B75: 女Female | C75: 6 | D75: 0 | E75: 6 | F75: 1 | G75: 5 | H75: 0 | I75: 0 | J75: 0 | K75: 0 | L75: 0 | M75: 0 | N75: 4 | O75: 1 | P75: 0 | Q75: 3 | R75: 4 | S75: 1 | T75: 0 | U75: 3 | V75: 0 | W75: 0 | X75: 0 | Y75: 0 | Z75: 0 | AA75: 0 | AB75: 0 | AC75: 0 | AD75: 0 | AE75: 0 | AF75: 0 | AG75: 0 | AH75: 0 | AI75: 0 | AJ75: 0 | AK75: 0 | AL75: 4 | AM75: 0 | AN75: 0 | AO75: 4 | AP75: 3 | AQ75: 0 | AR75: 0 | AS75: 3 | AT75: 0 | AU75: 0 | AV75: 0 | AW75: 0 | AX75: 1 | AY75: 0 | AZ75: 0 | BA75: 1 | BB75: 0 | BC75: 0 | BD75: 0 | BE75: 0 | BF75: 0 | BG75: 0 | BH75: 0 | BI75: 0
A76: 資料來源：直轄市、縣﹝市﹞政府。
A77: 備註：「服務個案人數」中個案具有多重身分時，認定優先順序，依序為『50歲以上失智者』、『55-64歲原住民』、『65歲以下領有身心障礙證明者』、『65歲以上領有身心障礙證明者』、『65歲以上老人(含IADLs失能且獨居老人)』。
A78: Source: County and Government.
A80: 更新日期：2020/6/10
A82: 總計 | B82: 計Total | C82: 21306 | D82: 2175 | E82: 19131 | F82: 11270 | G82: 7861 | H82: 2219 | I82: 32033 | J82: 324 | K82: 1041 | L82: 1895 | M82: 30992 | N82: 105470 | O82: 22103 | P82: 11989 | Q82: 71378 | R82: 42599 | S82: 5968 | T82: 1107 | U82: 35524 | V82: 30299 | W82: 5880 | X82: 3058 | Y82: 21361 | Z82: 18434 | AA82: 6799 | AB82: 6052 | AC82: 5583 | AD82: 956 | AE82: 372 | AF82: 264 | AG82: 320 | AH82: 13182 | AI82: 3084 | AJ82: 1508 | AK82: 8590 | AL82: 193657 | AM82: 37124 | AN82: 19559 | AO82: 136974 | AP82: 82944 | AQ82: 11060 | AR82: 2814 | AS82: 69070 | AT82: 56154 | AU82: 10326 | AV82: 5258 | AW82: 40570 | AX82: 28025 | AY82: 10241 | AZ82: 8818 | BA82: 8966 | BB82: 2681 | BC82: 778 | BD82: 502 | BE82: 1401 | BF82: 23853 | BG82: 4719 | BH82: 2167 | BI82: 16967
A83: Total | B83: 男Male | C83: 2882 | D83: 329 | E83: 2553 | F83: 1571 | G83: 982 | N83: 44463 | O83: 11681 | P83: 6001 | Q83: 26781 | R83: 13828 | S83: 2335 | T83: 390 | U83: 11103 | V83: 14008 | W83: 3077 | X83: 1495 | Y83: 9436 | Z83: 10816 | AA83: 4495 | AB83: 3332 | AC83: 2989 | AD83: 575 | AE83: 283 | AF83: 145 | AG83: 147 | AH83: 5236 | AI83: 1491 | AJ83: 639 | AK83: 3106 | AL83: 82010 | AM83: 19230 | AN83: 9747 | AO83: 53033 | AP83: 28995 | AQ83: 4517 | AR83: 1146 | AS83: 23332 | AT83: 26035 | AU83: 5404 | AV83: 2568 | AW83: 18063 | AX83: 16365 | AY83: 6674 | AZ83: 4873 | BA83: 4818 | BB83: 1275 | BC83: 515 | BD83: 235 | BE83: 525 | BF83: 9340 | BG83: 2120 | BH83: 925 | BI83: 6295
B84: 女Female | C84: 18424 | D84: 1846 | E84: 16578 | F84: 9699 | G84: 6879 | N84: 61007 | O84: 10422 | P84: 5988 | Q84: 44597 | R84: 28771 | S84: 3633 | T84: 717 | U84: 24421 | V84: 16291 | W84: 2803 | X84: 1563 | Y84: 11925 | Z84: 7618 | AA84: 2304 | AB84: 2720 | AC84: 2594 | AD84: 381 | AE84: 89 | AF84: 119 | AG84: 173 | AH84: 7946 | AI84: 1593 | AJ84: 869 | AK84: 5484 | AL84: 111394 | AM84: 17837 | AN84: 9766 | AO84: 83791 | AP84: 53894 | AQ84: 6530 | AR84: 1665 | AS84: 45699 | AT84: 29999 | AU84: 4904 | AV84: 2664 | AW84: 22431 | AX84: 11618 | AY84: 3547 | AZ84: 3932 | BA84: 4139 | BB84: 1406 | BC84: 263 | BD84: 267 | BE84: 876 | BF84: 14477 | BG84: 2593 | BH84: 1238 | BI84: 10646
A85: 新 北 市 | B85: 計Total | C85: 2221 | D85: 219 | E85: 2002 | F85: 1383 | G85: 619 | H85: 6 | I85: 1541 | J85: 0 | K85: 0 | L85: 6 | M85: 1541 | N85: 10762 | O85: 1705 | P85: 1434 | Q85: 7623 | R85: 3783 | S85: 375 | T85: 41 | U85: 3367 | V85: 2995 | W85: 434 | X85: 295 | Y85: 2266 | Z85: 2396 | AA85: 600 | AB85: 902 | AC85: 894 | AD85: 22 | AE85: 4 | AF85: 10 | AG85: 8 | AH85: 1566 | AI85: 292 | AJ85: 186 | AK85: 1088 | AL85: 24401 | AM85: 3332 | AN85: 2743 | AO85: 18326 | AP85: 11755 | AQ85: 1309 | AR85: 589 | AS85: 9857 | AT85: 5486 | AU85: 765 | AV85: 526 | AW85: 4195 | AX85: 3857 | AY85: 988 | AZ85: 1442 | BA85: 1427 | BB85: 31 | BC85: 9 | BD85: 10 | BE85: 12 | BF85: 3272 | BG85: 261 | BH85: 176 | BI85: 2835
A86: New Taipei City | B86: 男Male | C86: 359 | D86: 50 | E86: 309 | F86: 214 | G86: 95 | N86: 4628 | O86: 854 | P86: 744 | Q86: 3030 | R86: 1211 | S86: 123 | T86: 16 | U86: 1072 | V86: 1429 | W86: 215 | X86: 168 | Y86: 1046 | Z86: 1373 | AA86: 402 | AB86: 480 | AC86: 491 | AD86: 7 | AE86: 2 | AF86: 2 | AG86: 3 | AH86: 608 | AI86: 112 | AJ86: 78 | AK86: 418 | AL86: 10644 | AM86: 1607 | AN86: 1416 | AO86: 7621 | AP86: 4675 | AQ86: 539 | AR86: 300 | AS86: 3836 | AT86: 2572 | AU86: 354 | AV86: 273 | AW86: 1945 | AX86: 2178 | AY86: 624 | AZ86: 769 | BA86: 785 | BB86: 13 | BC86: 4 | BD86: 2 | BE86: 7 | BF86: 1206 | BG86: 86 | BH86: 72 | BI86: 1048
B87: 女Female | C87: 1862 | D87: 169 | E87: 1693 | F87: 1169 | G87: 524 | N87: 6134 | O87: 851 | P87: 690 | Q87: 4593 | R87: 2572 | S87: 252 | T87: 25 | U87: 2295 | V87: 1566 | W87: 219 | X87: 127 | Y87: 1220 | Z87: 1023 | AA87: 198 | AB87: 422 | AC87: 403 | AD87: 15 | AE87: 2 | AF87: 8 | AG87: 5 | AH87: 958 | AI87: 180 | AJ87: 108 | AK87: 670 | AL87: 13757 | AM87: 1725 | AN87: 1327 | AO87: 10705 | AP87: 7080 | AQ87: 770 | AR87: 289 | AS87: 6021 | AT87: 2914 | AU87: 411 | AV87: 253 | AW87: 2250 | AX87: 1679 | AY87: 364 | AZ87: 673 | BA87: 642 | BB87: 18 | BC87: 5 | BD87: 8 | BE87: 5 | BF87: 2066 | BG87: 175 | BH87: 104 | BI87: 1787
A88: 臺 北 市 | B88: 計Total | C88: 1516 | D88: 236 | E88: 1280 | F88: 1150 | G88: 130 | H88: 284 | I88: 6373 | J88: 0 | K88: 0 | L88: 284 | M88: 6373 | N88: 6219 | O88: 1355 | P88: 204 | Q88: 4660 | R88: 2430 | S88: 375 | T88: 14 | U88: 2041 | V88: 1757 | W88: 369 | X88: 58 | Y88: 1330 | Z88: 910 | AA88: 372 | AB88: 87 | AC88: 451 | AD88: 4 | AE88: 1 | AF88: 0 | AG88: 3 | AH88: 1118 | AI88: 238 | AJ88: 45 | AK88: 835 | AL88: 14081 | AM88: 2935 | AN88: 445 | AO88: 10701 | AP88: 5498 | AQ88: 834 | AR88: 34 | AS88: 4630 | AT88: 4034 | AU88: 810 | AV88: 136 | AW88: 3088 | AX88: 1874 | AY88: 757 | AZ88: 177 | BA88: 940 | BB88: 8 | BC88: 2 | BD88: 0 | BE88: 6 | BF88: 2667 | BG88: 532 | BH88: 98 | BI88: 2037
A89: Taipei City | B89: 男Male | C89: 311 | D89: 48 | E89: 263 | F89: 236 | G89: 27 | N89: 2601 | O89: 719 | P89: 94 | Q89: 1788 | R89: 799 | S89: 175 | T89: 3 | U89: 621 | V89: 870 | W89: 210 | X89: 27 | Y89: 633 | Z89: 507 | AA89: 233 | AB89: 47 | AC89: 227 | AD89: 1 | AE89: 0 | AF89: 0 | AG89: 1 | AH89: 424 | AI89: 101 | AJ89: 17 | AK89: 306 | AL89: 6034 | AM89: 1575 | AN89: 209 | AO89: 4250 | AP89: 1877 | AQ89: 391 | AR89: 8 | AS89: 1478 | AT89: 2026 | AU89: 478 | AV89: 73 | AW89: 1475 | AX89: 1064 | AY89: 479 | AZ89: 94 | BA89: 491 | BB89: 1 | BC89: 0 | BD89: 0 | BE89: 1 | BF89: 1066 | BG89: 227 | BH89: 34 | BI89: 805
B90: 女Female | C90: 1205 | D90: 188 | E90: 1017 | F90: 914 | G90: 103 | N90: 3618 | O90: 636 | P90: 110 | Q90: 2872 | R90: 1631 | S90: 200 | T90: 11 | U90: 1420 | V90: 887 | W90: 159 | X90: 31 | Y90: 697 | Z90: 403 | AA90: 139 | AB90: 40 | AC90: 224 | AD90: 3 | AE90: 1 | AF90: 0 | AG90: 2 | AH90: 694 | AI90: 137 | AJ90: 28 | AK90: 529 | AL90: 8047 | AM90: 1360 | AN90: 236 | AO90: 6451 | AP90: 3621 | AQ90: 443 | AR90: 26 | AS90: 3152 | AT90: 2008 | AU90: 332 | AV90: 63 | AW90: 1613 | AX90: 810 | AY90: 278 | AZ90: 83 | BA90: 449 | BB90: 7 | BC90: 2 | BD90: 0 | BE90: 5 | BF90: 1601 | BG90: 305 | BH90: 64 | BI90: 1232
A91: 桃 園 市 | B91: 計Total | C91: 1391 | D91: 114 | E91: 1277 | F91: 658 | G91: 619 | H91: 160 | I91: 6575 | J91: 3 | K91: 133 | L91: 157 | M91: 6442 | N91: 6300 | O91: 1272 | P91: 924 | Q91: 4104 | R91: 2482 | S91: 377 | T91: 65 | U91: 2040 | V91: 1657 | W91: 311 | X91: 189 | Y91: 1157 | Z91: 1288 | AA91: 387 | AB91: 523 | AC91: 378 | AD91: 72 | AE91: 25 | AF91: 16 | AG91: 31 | AH91: 801 | AI91: 172 | AJ91: 131 | AK91: 498 | AL91: 7621 | AM91: 1433 | AN91: 1031 | AO91: 5157 | AP91: 3075 | AQ91: 434 | AR91: 74 | AS91: 2567 | AT91: 2038 | AU91: 355 | AV91: 211 | AW91: 1472 | AX91: 1439 | AY91: 423 | AZ91: 577 | BA91: 439 | BB91: 77 | BC91: 26 | BD91: 18 | BE91: 33 | BF91: 992 | BG91: 195 | BH91: 151 | BI91: 646
A92: Taoyuan City | B92: 男Male | C92: 133 | D92: 9 | E92: 124 | F92: 61 | G92: 63 | N92: 2832 | O92: 674 | P92: 478 | Q92: 1680 | R92: 894 | S92: 158 | T92: 31 | U92: 705 | V92: 818 | W92: 169 | X92: 101 | Y92: 548 | Z92: 742 | AA92: 250 | AB92: 283 | AC92: 209 | AD92: 38 | AE92: 19 | AF92: 5 | AG92: 14 | AH92: 340 | AI92: 78 | AJ92: 58 | AK92: 204 | AL92: 3435 | AM92: 761 | AN92: 541 | AO92: 2133 | AP92: 1128 | AQ92: 185 | AR92: 35 | AS92: 908 | AT92: 1003 | AU92: 192 | AV92: 113 | AW92: 698 | AX92: 837 | AY92: 275 | AZ92: 317 | BA92: 245 | BB92: 39 | BC92: 19 | BD92: 6 | BE92: 14 | BF92: 428 | BG92: 90 | BH92: 70 | BI92: 268
B93: 女Female | C93: 1258 | D93: 105 | E93: 1153 | F93: 597 | G93: 556 | N93: 3468 | O93: 598 | P93: 446 | Q93: 2424 | R93: 1588 | S93: 219 | T93: 34 | U93: 1335 | V93: 839 | W93: 142 | X93: 88 | Y93: 609 | Z93: 546 | AA93: 137 | AB93: 240 | AC93: 169 | AD93: 34 | AE93: 6 | AF93: 11 | AG93: 17 | AH93: 461 | AI93: 94 | AJ93: 73 | AK93: 294 | AL93: 4186 | AM93: 672 | AN93: 490 | AO93: 3024 | AP93: 1947 | AQ93: 249 | AR93: 39 | AS93: 1659 | AT93: 1035 | AU93: 163 | AV93: 98 | AW93: 774 | AX93: 602 | AY93: 148 | AZ93: 260 | BA93: 194 | BB93: 38 | BC93: 7 | BD93: 12 | BE93: 19 | BF93: 564 | BG93: 105 | BH93: 81 | BI93: 378
A94: 臺 中 市 | B94: 計Total | C94: 2206 | D94: 234 | E94: 1972 | F94: 373 | G94: 1599 | H94: 354 | I94: 2126 | J94: 58 | K94: 58 | L94: 296 | M94: 2068 | N94: 13480 | O94: 4126 | P94: 887 | Q94: 8467 | R94: 5060 | S94: 892 | T94: 100 | U94: 4068 | V94: 3858 | W94: 1048 | X94: 306 | Y94: 2504 | Z94: 2686 | AA94: 1533 | AB94: 347 | AC94: 806 | AD94: 51 | AE94: 23 | AF94: 9 | AG94: 19 | AH94: 1825 | AI94: 630 | AJ94: 125 | AK94: 1070 | AL94: 29414 | AM94: 8338 | AN94: 1886 | AO94: 19190 | AP94: 10929 | AQ94: 1784 | AR94: 230 | AS94: 8915 | AT94: 8895 | AU94: 2166 | AV94: 641 | AW94: 6088 | AX94: 5452 | AY94: 3050 | AZ94: 725 | BA94: 1677 | BB94: 110 | BC94: 47 | BD94: 16 | BE94: 47 | BF94: 4028 | BG94: 1291 | BH94: 274 | BI94: 2463
A95: Taichung City | B95: 男Male | C95: 455 | D95: 37 | E95: 418 | F95: 228 | G95: 190 | N95: 5749 | O95: 2057 | P95: 423 | Q95: 3269 | R95: 1623 | S95: 317 | T95: 27 | U95: 1279 | V95: 1827 | W95: 528 | X95: 149 | Y95: 1150 | Z95: 1529 | AA95: 914 | AB95: 189 | AC95: 426 | AD95: 27 | AE95: 11 | AF95: 5 | AG95: 11 | AH95: 743 | AI95: 287 | AJ95: 53 | AK95: 403 | AL95: 12708 | AM95: 4201 | AN95: 903 | AO95: 7604 | AP95: 3606 | AQ95: 645 | AR95: 62 | AS95: 2899 | AT95: 4266 | AU95: 1118 | AV95: 309 | AW95: 2839 | AX95: 3120 | AY95: 1829 | AZ95: 402 | BA95: 889 | BB95: 57 | BC95: 21 | BD95: 10 | BE95: 26 | BF95: 1659 | BG95: 588 | BH95: 120 | BI95: 951
B96: 女Female | C96: 1751 | D96: 197 | E96: 1554 | F96: 145 | G96: 1409 | N96: 7731 | O96: 2069 | P96: 464 | Q96: 5198 | R96: 3437 | S96: 575 | T96: 73 | U96: 2789 | V96: 2031 | W96: 520 | X96: 157 | Y96: 1354 | Z96: 1157 | AA96: 619 | AB96: 158 | AC96: 380 | AD96: 24 | AE96: 12 | AF96: 4 | AG96: 8 | AH96: 1082 | AI96: 343 | AJ96: 72 | AK96: 667 | AL96: 16706 | AM96: 4137 | AN96: 983 | AO96: 11586 | AP96: 7323 | AQ96: 1139 | AR96: 168 | AS96: 6016 | AT96: 4629 | AU96: 1048 | AV96: 332 | AW96: 3249 | AX96: 2332 | AY96: 1221 | AZ96: 323 | BA96: 788 | BB96: 53 | BC96: 26 | BD96: 6 | BE96: 21 | BF96: 2369 | BG96: 703 | BH96: 154 | BI96: 1512
A97: 臺 南 市 | B97: 計Total | C97: 2045 | D97: 210 | E97: 1835 | F97: 968 | G97: 867 | H97: 131 | I97: 4694 | J97: 1 | K97: 35 | L97: 130 | M97: 4659 | N97: 10123 | O97: 1631 | P97: 1339 | Q97: 7153 | R97: 4214 | S97: 471 | T97: 65 | U97: 3678 | V97: 2939 | W97: 425 | X97: 399 | Y97: 2115 | Z97: 1456 | AA97: 425 | AB97: 659 | AC97: 372 | AD97: 5 | AE97: 1 | AF97: 2 | AG97: 2 | AH97: 1509 | AI97: 309 | AJ97: 214 | AK97: 986 | AL97: 17008 | AM97: 2491 | AN97: 1994 | AO97: 12523 | AP97: 6920 | AQ97: 732 | AR97: 93 | AS97: 6095 | AT97: 5305 | AU97: 804 | AV97: 664 | AW97: 3837 | AX97: 2417 | AY97: 717 | AZ97: 1031 | BA97: 669 | BB97: 12 | BC97: 4 | BD97: 4 | BE97: 4 | BF97: 2354 | BG97: 234 | BH97: 202 | BI97: 1918
A98: Tainan City | B98: 男Male | C98: 286 | D98: 24 | E98: 262 | F98: 121 | G98: 141 | N98: 4078 | O98: 848 | P98: 662 | Q98: 2568 | R98: 1379 | S98: 203 | T98: 15 | U98: 1161 | V98: 1255 | W98: 196 | X98: 179 | Y98: 880 | Z98: 862 | AA98: 296 | AB98: 365 | AC98: 201 | AD98: 2 | AE98: 0 | AF98: 1 | AG98: 1 | AH98: 580 | AI98: 153 | AJ98: 102 | AK98: 325 | AL98: 6857 | AM98: 1276 | AN98: 1009 | AO98: 4572 | AP98: 2306 | AQ98: 317 | AR98: 20 | AS98: 1969 | AT98: 2273 | AU98: 381 | AV98: 313 | AW98: 1579 | AX98: 1432 | AY98: 488 | AZ98: 591 | BA98: 353 | BB98: 2 | BC98: 0 | BD98: 1 | BE98: 1 | BF98: 844 | BG98: 90 | BH98: 84 | BI98: 670
B99: 女Female | C99: 1759 | D99: 186 | E99: 1573 | F99: 847 | G99: 726 | N99: 6045 | O99: 783 | P99: 677 | Q99: 4585 | R99: 2835 | S99: 268 | T99: 50 | U99: 2517 | V99: 1684 | W99: 229 | X99: 220 | Y99: 1235 | Z99: 594 | AA99: 129 | AB99: 294 | AC99: 171 | AD99: 3 | AE99: 1 | AF99: 1 | AG99: 1 | AH99: 929 | AI99: 156 | AJ99: 112 | AK99: 661 | AL99: 10151 | AM99: 1215 | AN99: 985 | AO99: 7951 | AP99: 4614 | AQ99: 415 | AR99: 73 | AS99: 4126 | AT99: 3032 | AU99: 423 | AV99: 351 | AW99: 2258 | AX99: 985 | AY99: 229 | AZ99: 440 | BA99: 316 | BB99: 10 | BC99: 4 | BD99: 3 | BE99: 3 | BF99: 1510 | BG99: 144 | BH99: 118 | BI99: 1248
A100: 高 雄 市 | B100: 計Total | C100: 3566 | D100: 326 | E100: 3240 | F100: 1762 | G100: 1478 | H100: 27 | I100: 1325 | J100: 8 | K100: 215 | L100: 19 | M100: 1110 | N100: 15083 | O100: 3363 | P100: 1856 | Q100: 9864 | R100: 6682 | S100: 1254 | T100: 252 | U100: 5176 | V100: 4310 | W100: 957 | X100: 438 | Y100: 2915 | Z100: 2923 | AA100: 944 | AB100: 1061 | AC100: 918 | AD100: 75 | AE100: 16 | AF100: 17 | AG100: 42 | AH100: 1093 | AI100: 192 | AJ100: 88 | AK100: 813 | AL100: 27668 | AM100: 6404 | AN100: 3436 | AO100: 17828 | AP100: 10514 | AQ100: 1976 | AR100: 278 | AS100: 8260 | AT100: 8393 | AU100: 1839 | AV100: 809 | AW100: 5745 | AX100: 4537 | AY100: 1480 | AZ100: 1719 | BA100: 1338 | BB100: 86 | BC100: 19 | BD100: 19 | BE100: 48 | BF100: 4138 | BG100: 1090 | BH100: 611 | BI100: 2437
A101: Kaohsiung City | B101: 男Male | C101: 407 | D101: 39 | E101: 368 | F101: 201 | G101: 167 | N101: 6364 | O101: 1606 | P101: 952 | Q101: 3806 | R101: 2292 | S101: 448 | T101: 116 | U101: 1728 | V101: 1966 | W101: 472 | X101: 211 | Y101: 1283 | Z101: 1683 | AA101: 609 | AB101: 578 | AC101: 496 | AD101: 40 | AE101: 11 | AF101: 11 | AG101: 18 | AH101: 383 | AI101: 66 | AJ101: 36 | AK101: 281 | AL101: 11700 | AM101: 3079 | AN101: 1806 | AO101: 6815 | AP101: 3431 | AQ101: 679 | AR101: 107 | AS101: 2645 | AT101: 3839 | AU101: 903 | AV101: 386 | AW101: 2550 | AX101: 2729 | AY101: 993 | AZ101: 1005 | BA101: 731 | BB101: 51 | BC101: 17 | BD101: 10 | BE101: 24 | BF101: 1650 | BG101: 487 | BH101: 298 | BI101: 865
B102: 女Female | C102: 3159 | D102: 287 | E102: 2872 | F102: 1561 | G102: 1311 | N102: 8719 | O102: 1757 | P102: 904 | Q102: 6058 | R102: 4390 | S102: 806 | T102: 136 | U102: 3448 | V102: 2344 | W102: 485 | X102: 227 | Y102: 1632 | Z102: 1240 | AA102: 335 | AB102: 483 | AC102: 422 | AD102: 35 | AE102: 5 | AF102: 6 | AG102: 24 | AH102: 710 | AI102: 126 | AJ102: 52 | AK102: 532 | AL102: 15968 | AM102: 3325 | AN102: 1630 | AO102: 11013 | AP102: 7083 | AQ102: 1297 | AR102: 171 | AS102: 5615 | AT102: 4554 | AU102: 936 | AV102: 423 | AW102: 3195 | AX102: 1808 | AY102: 487 | AZ102: 714 | BA102: 607 | BB102: 35 | BC102: 2 | BD102: 9 | BE102: 24 | BF102: 2488 | BG102: 603 | BH102: 313 | BI102: 1572
...

Sheet 居服107
A1: 長期照顧十年計畫－居家服務 Achievements of Ten-year Long Term Care Program by Home Care Services
A2: 民國107年, 2018
A3: 區域別 Locality | C3: 居家服務人員 Care Providers | L3: 居家服務教育訓練 Education Training | R3: 服務個案人數 Persons Served
