Workbook
Name _112: #REF!
Name _112: #REF!
Name pp: #REF!
Name pp: #REF!
Name pp: #REF!
Name pp: #REF!
Name pp: #REF!
Name pp: #REF!
Name ppp: #REF!
Name ppp: #REF!
Name ppp: #REF!
Name ppp: #REF!
Name ppp: #REF!
Name ppp: #REF!
Name 低收: #REF!
Name 低收: #REF!
Name 低收: #REF!
Name 低收: #REF!
Name 低收: #REF!
Name 低收: #REF!
Name 低收1: #REF!
Name 低收1: #REF!
Name 低收1: #REF!
Name 低收1: #REF!
Name 低收1: #REF!
Name 表: #REF!
Name 表: #REF!
Name 表: #REF!
Name 表: #REF!
Name 表: #REF!

Sheet 歷年(110~)
A1: 長期照顧十年計畫2.0-交通接送服務 Achievements of Ten-year Long Term Care Program 2.0 by Transportation Pick-up Services
A2: 單位：人 Unit : Persons
A3: 110-113年
A4: 年別 Year | B4: 全年交通接送服務人數-按長照需要等級分 Transportation Pick-up Services
B5: 總計 Total | E5: 第2級 CMS 2 | H5: 第3級 CMS 3 | K5: 第4級 CMS 4 | N5: 第5級 CMS 5 | Q5: 第6級 CMS 6 | T5: 第7級 CMS 7 | W5: 第8級 CMS 8
B6: 計 Total | C6: 男 Male | D6: 女 Female | E6: 計 Total | F6: 男 Male | G6: 女 Female | H6: 計 Total | I6: 男 Male | J6: 女 Female | K6: 計 Total | L6: 男 Male | M6: 女 Female | N6: 計 Total | O6: 男 Male | P6: 女 Female | Q6: 計 Total | R6: 男 Male | S6: 女 Female | T6: 計 Total | U6: 男 Male | V6: 女 Female | W6: 計 Total | X6: 男 Male | Y6: 女 Female
A7: 110年, 2021 | B7: ='110'!B7 -> 144412 | C7: ='110'!C7 -> 67657 | D7: ='110'!D7 -> 76755 | E7: ='110'!E7 -> 3288 | F7: ='110'!F7 -> 1339 | G7: ='110'!G7 -> 1949 | H7: ='110'!H7 -> 4248 | I7: ='110'!I7 -> 1810 | ... Y7: ='110'!Y7 -> 15605
A8: 111年, 2022 | B8: ='111'!B7 -> 204157 | C8: ='111'!C7 -> 91802 | D8: ='111'!D7 -> 112355 | E8: ='111'!E7 -> 23093 | F8: ='111'!F7 -> 8857 | G8: ='111'!G7 -> 14236 | H8: ='111'!H7 -> 27722 | I8: ='111'!I7 -> 11603 | ... Y8: ='111'!Y7 -> 17133
A9: 112年, 2023 | B9: ='112'!B7 -> 245363 | C9: ='112'!C7 -> 108291 | D9: ='112'!D7 -> 137072 | E9: ='112'!E7 -> 34669 | F9: ='112'!F7 -> 13276 | G9: ='112'!G7 -> 21393 | H9: ='112'!H7 -> 39525 | I9: ='112'!I7 -> 16393 | ... Y9: ='112'!Y7 -> 18591
A10: 113年, 2024 | B10: ='113'!B7 -> 256647 | C10: ='113'!C7 -> 112132 | D10: ='113'!D7 -> 144515 | E10: ='113'!E7 -> 39912 | F10: ='113'!F7 -> 15110 | G10: ='113'!G7 -> 24802 | H10: ='113'!H7 -> 45209 | I10: ='113'!I7 -> 18743 | ... Y10: ='113'!Y7 -> 17694
A11: 資料來源：衛生福利部長期照顧司。
A12: Source: Department of Long-term care.
A13: 填表說明：1.110年起服務人數係指全年可服務人數。
A14: 2.110年放寬服務對象為長照需要等級第4級(含)以上(第四類偏遠縣市、偏遠鄉鎮市區為長照需要等級第2級(含)以上)之長照需要者，自居家往（返）至醫療院所就醫及復健之交通接送服務。
A15: 3.111年放寬服務對象為協助長照需要等級第2級(含)以上之長照需要者，自居家往（返）至醫療院所就醫、定期式復健或透析治療之交通接送服務。
A17: 更新日期：2025/04/21

Sheet 113
A1: 長期照顧十年計畫2.0-交通接送服務 Achievements of Ten-year Long Term Care Program 2.0 by Transportation Pick-up Services
A2: 單位：人 Unit : Persons
A3: 民國113年, 2024
A4: 區域別 Locality | B4: 全年交通接送服務人數-按長照需要等級分 Transportation Pick-up Services
B5: 總計 Total | E5: 第2級 CMS 2 | H5: 第3級 CMS 3 | K5: 第4級 CMS 4 | N5: 第5級 CMS 5 | Q5: 第6級 CMS 6 | T5: 第7級 CMS 7 | W5: 第8級 CMS 8
B6: 計 Total | C6: 男 Male | D6: 女 Female | E6: 計 Total | F6: 男 Male | G6: 女 Female | H6: 計 Total | I6: 男 Male | J6: 女 Female | K6: 計 Total | L6: 男 Male | M6: 女 Female | N6: 計 Total | O6: 男 Male | P6: 女 Female | Q6: 計 Total | R6: 男 Male | S6: 女 Female | T6: 計 Total | U6: 男 Male | V6: 女 Female | W6: 計 Total | X6: 男 Male | Y6: 女 Female
A7: 總計Total | B7: 256647 | C7: 112132 | D7: 144515 | E7: 39912 | F7: 15110 | G7: 24802 | H7: 45209 | I7: 18743 | J7: 26466 | K7: 50887 | L7: 22267 | M7: 28620 | N7: 37048 | O7: 17788 | P7: 19260 | Q7: 22564 | R7: 10385 | S7: 12179 | T7: 28366 | U7: 12872 | V7: 15494 | W7: 32661 | X7: 14967 | Y7: 17694
A8: 新北市 New Taipei City | B8: 51418 | C8: 22198 | D8: 29220 | E8: 8227 | F8: 3071 | G8: 5156 | H8: 9814 | I8: 4031 | J8: 5783 | K8: 9967 | L8: 4366 | M8: 5601 | N8: 7527 | O8: 3565 | P8: 3962 | Q8: 4663 | R8: 2134 | S8: 2529 | T8: 5325 | U8: 2399 | V8: 2926 | W8: 5895 | X8: 2632 | Y8: 3263
A9: 臺北市 Taipei City | B9: 40860 | C9: 16289 | D9: 24571 | E9: 4378 | F9: 1436 | G9: 2942 | H9: 6117 | I9: 2259 | J9: 3858 | K9: 8708 | L9: 3348 | M9: 5360 | N9: 5964 | O9: 2690 | P9: 3274 | Q9: 4077 | R9: 1693 | S9: 2384 | T9: 5332 | U9: 2201 | V9: 3131 | W9: 6284 | X9: 2662 | Y9: 3622
A10: 桃園市 Taoyuan City | B10: 17011 | C10: 7567 | D10: 9444 | E10: 2141 | F10: 784 | G10: 1357 | H10: 2581 | I10: 1078 | J10: 1503 | K10: 3451 | L10: 1502 | M10: 1949 | N10: 2431 | O10: 1163 | P10: 1268 | Q10: 1717 | R10: 847 | S10: 870 | T10: 2147 | U10: 1009 | V10: 1138 | W10: 2543 | X10: 1184 | Y10: 1359
A11: 臺中市 Taichung City | B11: 29126 | C11: 12642 | D11: 16484 | E11: 4538 | F11: 1658 | G11: 2880 | H11: 4941 | I11: 1983 | J11: 2958 | K11: 5079 | L11: 2242 | M11: 2837 | N11: 4681 | O11: 2223 | P11: 2458 | Q11: 2887 | R11: 1304 | S11: 1583 | T11: 3260 | U11: 1488 | V11: 1772 | W11: 3740 | X11: 1744 | Y11: 1996
A12: 臺南市 Tainan City | B12: 10725 | C12: 4883 | D12: 5842 | E12: 1173 | F12: 473 | G12: 700 | H12: 1447 | I12: 638 | J12: 809 | K12: 2074 | L12: 970 | M12: 1104 | N12: 1680 | O12: 773 | P12: 907 | Q12: 969 | R12: 449 | S12: 520 | T12: 1541 | U12: 709 | V12: 832 | W12: 1841 | X12: 871 | Y12: 970
A13: 高雄市 Kaohsiung City | B13: 30547 | C13: 13317 | D13: 17230 | E13: 6881 | F13: 2638 | G13: 4243 | H13: 6668 | I13: 2761 | J13: 3907 | K13: 6460 | L13: 2872 | M13: 3588 | N13: 3595 | O13: 1792 | P13: 1803 | Q13: 1701 | R13: 817 | S13: 884 | T13: 2452 | U13: 1119 | V13: 1333 | W13: 2790 | X13: 1318 | Y13: 1472
A14: 宜蘭縣 Yilan County | B14: 6155 | C14: 2693 | D14: 3462 | E14: 1060 | F14: 372 | G14: 688 | H14: 927 | I14: 378 | J14: 549 | K14: 1124 | L14: 500 | M14: 624 | N14: 960 | O14: 466 | P14: 494 | Q14: 517 | R14: 255 | S14: 262 | T14: 688 | U14: 326 | V14: 362 | W14: 879 | X14: 396 | Y14: 483
A15: 新竹縣 Hsinchu County | B15: 4869 | C15: 2320 | D15: 2549 | E15: 401 | F15: 163 | G15: 238 | H15: 647 | I15: 284 | J15: 363 | K15: 893 | L15: 383 | M15: 510 | N15: 810 | O15: 440 | P15: 370 | Q15: 617 | R15: 318 | S15: 299 | T15: 783 | U15: 377 | V15: 406 | W15: 718 | X15: 355 | Y15: 363
A16: 苗栗縣 Miaoli County | B16: 5342 | C16: 2486 | D16: 2856 | E16: 622 | F16: 240 | G16: 382 | H16: 725 | I16: 309 | J16: 416 | K16: 975 | L16: 458 | M16: 517 | N16: 881 | O16: 442 | P16: 439 | Q16: 630 | R16: 315 | S16: 315 | T16: 683 | U16: 337 | V16: 346 | W16: 826 | X16: 385 | Y16: 441
A17: 彰化縣 Changhua County | B17: 11345 | C17: 5193 | D17: 6152 | E17: 1826 | F17: 818 | G17: 1008 | H17: 2553 | I17: 1118 | J17: 1435 | K17: 2518 | L17: 1159 | M17: 1359 | N17: 1520 | O17: 768 | P17: 752 | Q17: 762 | R17: 349 | S17: 413 | T17: 981 | U17: 454 | V17: 527 | W17: 1185 | X17: 527 | Y17: 658
A18: 南投縣 Nantou County | B18: 6133 | C18: 2916 | D18: 3217 | E18: 1313 | F18: 549 | G18: 764 | H18: 1101 | I18: 486 | J18: 615 | K18: 1107 | L18: 546 | M18: 561 | N18: 818 | O18: 431 | P18: 387 | Q18: 546 | R18: 283 | S18: 263 | T18: 547 | U18: 276 | V18: 271 | W18: 701 | X18: 345 | Y18: 356
... A29: 連江縣 Lienchiang County | B29: 31 | C29: 16 | D29: 15 | E29: 11 | F29: 6 | G29: 5 | H29: 7 | I29: 4 | J29: 3 | K29: 1 | L29: 1 | M29: 0 | N29: 1 | O29: 0 | P29: 1 | Q29: 4 | R29: 4 | S29: 0 | T29: 3 | U29: 0 | V29: 3 | W29: 4 | X29: 1 | Y29: 3
A30: 資料來源：衛生福利部長期照顧司。
A31: Source: Department of Long-term care.
A32: 填表說明：交通接送服務係為協助長照需要等級第4級(含)以上(第四類偏遠縣市、偏遠鄉鎮市區為長照需要等級第2級(含)以上)之長照需要者，自居家往（返）至醫療院所就醫及復健之交通接送服務。
A34: 更新日期：2025/04/21

Sheet 112
A1: 長期照顧十年計畫2.0-交通接送服務 Achievements of Ten-year Long Term Care Program 2.0 by Transportation Pick-up Services
A2: 單位：人 Unit : Persons
A3: 民國112年, 2023
A4: 區域別 Locality | B4: 全年交通接送服務人數-按長照需要等級分 Transportation Pick-up Services
B5: 總計 Total | E5: 第2級 CMS 2 | H5: 第3級 CMS 3 | K5: 第4級 CMS 4 | N5: 第5級 CMS 5 | Q5: 第6級 CMS 6 | T5: 第7級 CMS 7 | W5: 第8級 CMS 8
B6: 計 Total | C6: 男 Male | D6: 女 Female | E6: 計 Total | F6: 男 Male | G6: 女 Female | H6: 計 Total | I6: 男 Male | J6: 女 Female | K6: 計 Total | L6: 男 Male | M6: 女 Female | N6: 計 Total | O6: 男 Male | P6: 女 Female | Q6: 計 Total | R6: 男 Male | S6: 女 Female | T6: 計 Total | U6: 男 Male | V6: 女 Female | W6: 計 Total | X6: 男 Male | Y6: 女 Female
A7: 總計Total | B7: 245363 | C7: 108291 | D7: 137072 | E7: 34669 | F7: 13276 | G7: 21393 | H7: 39525 | I7: 16393 | J7: 23132 | K7: 47536 | L7: 21002 | M7: 26534 | N7: 36707 | O7: 17713 | P7: 18994 | Q7: 23194 | R7: 10681 | S7: 12513 | T7: 29406 | U7: 13491 | V7: 15915 | W7: 34326 | X7: 15735 | Y7: 18591
A8: 新北市 New Taipei City | B8: 46541 | C8: 20413 | D8: 26128 | E8: 6987 | F8: 2635 | G8: 4352 | H8: 8141 | I8: 3387 | J8: 4754 | K8: 8858 | L8: 3942 | M8: 4916 | N8: 7005 | O8: 3392 | P8: 3613 | Q8: 4550 | R8: 2031 | S8: 2519 | T8: 5107 | U8: 2337 | V8: 2770 | W8: 5893 | X8: 2689 | Y8: 3204
A9: 臺北市 Taipei City | B9: 38000 | C9: 15308 | D9: 22692 | E9: 3805 | F9: 1276 | G9: 2529 | H9: 5282 | I9: 1937 | J9: 3345 | K9: 8039 | L9: 3159 | M9: 4880 | N9: 5552 | O9: 2488 | P9: 3064 | Q9: 3988 | R9: 1711 | S9: 2277 | T9: 5210 | U9: 2214 | V9: 2996 | W9: 6124 | X9: 2523 | Y9: 3601
A10: 桃園市 Taoyuan City | B10: 16590 | C10: 7434 | D10: 9156 | E10: 1947 | F10: 750 | G10: 1197 | H10: 2334 | I10: 973 | J10: 1361 | K10: 2988 | L10: 1283 | M10: 1705 | N10: 2496 | O10: 1232 | P10: 1264 | Q10: 1787 | R10: 847 | S10: 940 | T10: 2328 | U10: 1101 | V10: 1227 | W10: 2710 | X10: 1248 | Y10: 1462
A11: 臺中市 Taichung City | B11: 27534 | C11: 11986 | D11: 15548 | E11: 3847 | F11: 1394 | G11: 2453 | H11: 4177 | I11: 1665 | J11: 2512 | K11: 4660 | L11: 2075 | M11: 2585 | N11: 4560 | O11: 2121 | P11: 2439 | Q11: 2873 | R11: 1311 | S11: 1562 | T11: 3471 | U11: 1553 | V11: 1918 | W11: 3946 | X11: 1867 | Y11: 2079
A12: 臺南市 Tainan City | B12: 11531 | C12: 5236 | D12: 6295 | E12: 1041 | F12: 439 | G12: 602 | H12: 1431 | I12: 625 | J12: 806 | K12: 2024 | L12: 863 | M12: 1161 | N12: 1882 | O12: 924 | P12: 958 | Q12: 1162 | R12: 529 | S12: 633 | T12: 1832 | U12: 842 | V12: 990 | W12: 2159 | X12: 1014 | Y12: 1145
A13: 高雄市 Kaohsiung City | B13: 28906 | C13: 12834 | D13: 16072 | E13: 5920 | F13: 2280 | G13: 3640 | H13: 5892 | I13: 2500 | J13: 3392 | K13: 6220 | L13: 2836 | M13: 3384 | N13: 3574 | O13: 1759 | P13: 1815 | Q13: 1780 | R13: 842 | S13: 938 | T13: 2474 | U13: 1173 | V13: 1301 | W13: 3046 | X13: 1444 | Y13: 1602
A14: 宜蘭縣 Yilan County | B14: 6308 | C14: 2794 | D14: 3514 | E14: 927 | F14: 333 | G14: 594 | H14: 938 | I14: 395 | J14: 543 | K14: 1120 | L14: 502 | M14: 618 | N14: 983 | O14: 482 | P14: 501 | Q14: 535 | R14: 264 | S14: 271 | T14: 773 | U14: 368 | V14: 405 | W14: 1032 | X14: 450 | Y14: 582
A15: 新竹縣 Hsinchu County | B15: 4818 | C15: 2337 | D15: 2481 | E15: 360 | F15: 142 | G15: 218 | H15: 562 | I15: 233 | J15: 329 | K15: 837 | L15: 414 | M15: 423 | N15: 813 | O15: 442 | P15: 371 | Q15: 662 | R15: 317 | S15: 345 | T15: 767 | U15: 382 | V15: 385 | W15: 817 | X15: 407 | Y15: 410
A16: 苗栗縣 Miaoli County | B16: 5293 | C16: 2495 | D16: 2798 | E16: 617 | F16: 240 | G16: 377 | H16: 682 | I16: 300 | J16: 382 | K16: 871 | L16: 410 | M16: 461 | N16: 946 | O16: 481 | P16: 465 | Q16: 671 | R16: 346 | S16: 325 | T16: 682 | U16: 340 | V16: 342 | W16: 824 | X16: 378 | Y16: 446
A17: 彰化縣 Changhua County | B17: 12070 | C17: 5536 | D17: 6534 | E17: 1538 | F17: 693 | G17: 845 | H17: 2291 | I17: 1015 | J17: 1276 | K17: 2666 | L17: 1187 | M17: 1479 | N17: 1790 | O17: 849 | P17: 941 | Q17: 1010 | R17: 480 | S17: 530 | T17: 1296 | U17: 606 | V17: 690 | W17: 1479 | X17: 706 | Y17: 773
A18: 南投縣 Nantou County | B18: 6187 | C18: 2891 | D18: 3296 | E18: 1128 | F18: 474 | G18: 654 | H18: 1042 | I18: 459 | J18: 583 | K18: 1056 | L18: 501 | M18: 555 | N18: 912 | O18: 468 | P18: 444 | Q18: 595 | R18: 297 | S18: 298 | T18: 684 | U18: 335 | V18: 349 | W18: 770 | X18: 357 | Y18: 413
... A29: 連江縣 Lienchiang County | B29: 29 | C29: 14 | D29: 15 | E29: 9 | F29: 5 | G29: 4 | H29: 5 | I29: 1 | J29: 4 | K29: 4 | L29: 2 | M29: 2 | N29: 4 | O29: 2 | P29: 2 | Q29: 4 | R29: 2 | S29: 2 | T29: 1 | U29: 0 | V29: 1 | W29: 2 | X29: 2 | Y29: 0
A30: 資料來源：衛生福利部長期照顧司。
A31: Source: Department of Long-term care.
A32: 填表說明：交通接送服務係為協助長照需要等級第4級(含)以上(第四類偏遠縣市、偏遠鄉鎮市區為長照需要等級第2級(含)以上)之長照需要者，自居家往（返）至醫療院所就醫及復健之交通接送服務。
A34: 更新日期：2024/04/01

Sheet 111
A1: 長期照顧十年計畫2.0-交通接送服務 Achievements of Ten-year Long Term Care Program 2.0 by Transportation Pick-up Services
A2: 單位：人 Unit : Persons
A3: 民國111年, 2022
A4: 區域別 Locality | B4: 全年交通接送服務人數-按長照需要等級分 Transportation Pick-up Services
B5: 總計 Total | E5: 第2級 CMS 2 | H5: 第3級 CMS 3 | K5: 第4級 CMS 4 | N5: 第5級 CMS 5 | Q5: 第6級 CMS 6 | T5: 第7級 CMS 7 | W5: 第8級 CMS 8
B6: 計 Total | C6: 男 Male | D6: 女 Female | E6: 計 Total | F6: 男 Male | G6: 女 Female | H6: 計 Total | I6: 男 Male | J6: 女 Female | K6: 計 Total | L6: 男 Male | M6: 女 Female | N6: 計 Total | O6: 男 Male | P6: 女 Female | Q6: 計 Total | R6: 男 Male | S6: 女 Female | T6: 計 Total | U6: 男 Male | V6: 女 Female | W6: 計 Total | X6: 男 Male | Y6: 女 Female
A7: 總計Total | B7: 204157 | C7: 91802 | D7: 112355 | E7: 23093 | F7: 8857 | G7: 14236 | H7: 27722 | I7: 11603 | J7: 16119 | K7: 39652 | L7: 17601 | M7: 22051 | N7: 32425 | O7: 15828 | P7: 16597 | Q7: 22137 | R7: 10442 | S7: 11695 | T7: 27001 | U7: 12477 | V7: 14524 | W7: 32127 | X7: 14994 | Y7: 17133
A8: 新北市 New Taipei City | B8: 38381 | C8: 17059 | D8: 21322 | E8: 4935 | F8: 1866 | G8: 3069 | H8: 5547 | I8: 2295 | J8: 3252 | K8: 7568 | L8: 3368 | M8: 4200 | N8: 6167 | O8: 2989 | P8: 3178 | Q8: 4409 | R8: 2030 | S8: 2379 | T8: 4448 | U8: 2028 | V8: 2420 | W8: 5307 | X8: 2483 | Y8: 2824
A9: 臺北市 Taipei City | B9: 28415 | C9: 11670 | D9: 16745 | E9: 2540 | F9: 803 | G9: 1737 | H9: 3589 | I9: 1377 | J9: 2212 | K9: 5773 | L9: 2295 | M9: 3478 | N9: 4158 | O9: 1917 | P9: 2241 | Q9: 3044 | R9: 1347 | S9: 1697 | T9: 4284 | U9: 1792 | V9: 2492 | W9: 5027 | X9: 2139 | Y9: 2888
A10: 桃園市 Taoyuan City | B10: 14574 | C10: 6569 | D10: 8005 | E10: 1337 | F10: 491 | G10: 846 | H10: 1632 | I10: 671 | J10: 961 | K10: 2451 | L10: 1066 | M10: 1385 | N10: 2312 | O10: 1119 | P10: 1193 | Q10: 1897 | R10: 910 | S10: 987 | T10: 2276 | U10: 1053 | V10: 1223 | W10: 2669 | X10: 1259 | Y10: 1410
A11: 臺中市 Taichung City | B11: 23665 | C11: 10532 | D11: 13133 | E11: 2406 | F11: 900 | G11: 1506 | H11: 3064 | I11: 1185 | J11: 1879 | K11: 4048 | L11: 1775 | M11: 2273 | N11: 4216 | O11: 2006 | P11: 2210 | Q11: 2688 | R11: 1262 | S11: 1426 | T11: 3380 | U11: 1541 | V11: 1839 | W11: 3863 | X11: 1863 | Y11: 2000
A12: 臺南市 Tainan City | B12: 10142 | C12: 4722 | D12: 5420 | E12: 651 | F12: 277 | G12: 374 | H12: 951 | I12: 439 | J12: 512 | K12: 1780 | L12: 790 | M12: 990 | N12: 1678 | O12: 807 | P12: 871 | Q12: 1100 | R12: 541 | S12: 559 | T12: 1773 | U12: 826 | V12: 947 | W12: 2209 | X12: 1042 | Y12: 1167
A13: 高雄市 Kaohsiung City | B13: 23955 | C13: 10956 | D13: 12999 | E13: 3784 | F13: 1479 | G13: 2305 | H13: 4256 | I13: 1820 | J13: 2436 | K13: 5443 | L13: 2536 | M13: 2907 | N13: 3318 | O13: 1666 | P13: 1652 | Q13: 1774 | R13: 877 | S13: 897 | T13: 2390 | U13: 1174 | V13: 1216 | W13: 2990 | X13: 1404 | Y13: 1586
A14: 宜蘭縣 Yilan County | B14: 5381 | C14: 2472 | D14: 2909 | E14: 552 | F14: 216 | G14: 336 | H14: 610 | I14: 260 | J14: 350 | K14: 1023 | L14: 465 | M14: 558 | N14: 905 | O14: 455 | P14: 450 | Q14: 560 | R14: 268 | S14: 292 | T14: 699 | U14: 352 | V14: 347 | W14: 1032 | X14: 456 | Y14: 576
A15: 新竹縣 Hsinchu County | B15: 4247 | C15: 2087 | D15: 2160 | E15: 252 | F15: 107 | G15: 145 | H15: 351 | I15: 146 | J15: 205 | K15: 778 | L15: 369 | M15: 409 | N15: 690 | O15: 367 | P15: 323 | Q15: 686 | R15: 338 | S15: 348 | T15: 726 | U15: 383 | V15: 343 | W15: 764 | X15: 377 | Y15: 387
A16: 苗栗縣 Miaoli County | B16: 4393 | C16: 2087 | D16: 2306 | E16: 318 | F16: 139 | G16: 179 | H16: 438 | I16: 183 | J16: 255 | K16: 752 | L16: 354 | M16: 398 | N16: 827 | O16: 410 | P16: 417 | Q16: 666 | R16: 328 | S16: 338 | T16: 622 | U16: 302 | V16: 320 | W16: 770 | X16: 371 | Y16: 399
A17: 彰化縣 Changhua County | B17: 10154 | C17: 4722 | D17: 5432 | E17: 956 | F17: 442 | G17: 514 | H17: 1384 | I17: 630 | J17: 754 | K17: 2185 | L17: 965 | M17: 1220 | N17: 1772 | O17: 873 | P17: 899 | Q17: 1067 | R17: 521 | S17: 546 | T17: 1303 | U17: 604 | V17: 699 | W17: 1487 | X17: 687 | Y17: 800
A18: 南投縣 Nantou County | B18: 5619 | C18: 2686 | D18: 2933 | E18: 822 | F18: 325 | G18: 497 | H18: 821 | I18: 369 | J18: 452 | K18: 961 | L18: 477 | M18: 484 | N18: 874 | O18: 458 | P18: 416 | Q18: 637 | R18: 314 | S18: 323 | T18: 660 | U18: 311 | V18: 349 | W18: 844 | X18: 432 | Y18: 412
... A29: 連江縣 Lienchiang County | B29: 25 | C29: 13 | D29: 12 | E29: 5 | F29: 2 | G29: 3 | H29: 2 | I29: 2 | J29: 0 | K29: 2 | L29: 1 | M29: 1 | N29: 4 | O29: 1 | P29: 3 | Q29: 4 | R29: 3 | S29: 1 | T29: 2 | U29: 1 | V29: 1 | W29: 6 | X29: 3 | Y29: 3
A30: 資料來源：衛生福利部長期照顧司。
A31: Source: Department of Long-term care.
A32: 填表說明：交通接送服務係為協助長照需要等級第4級(含)以上(第四類偏遠縣市、偏遠鄉鎮市區為長照需要等級第2級(含)以上)之長照需要者，自居家往（返）至醫療院所就醫及復健之交通接送服務。
A34: 更新日期：2022/3/31

Sheet 110
A1: 長期照顧十年計畫2.0-交通接送服務 Achievements of Ten-year Long Term Care Program 2.0 by Transportation Pick-up Services
A2: 單位：人 Unit : Persons
A3: 民國110年, 2021
A4: 區域別 Locality | B4: 全年交通接送服務人數-按長照需要等級分 Transportation Pick-up Services
B5: 總計 Total | E5: 第2級 CMS 2 | H5: 第3級 CMS 3 | K5: 第4級 CMS 4 | N5: 第5級 CMS 5 | Q5: 第6級 CMS 6 | T5: 第7級 CMS 7 | W5: 第8級 CMS 8
B6: 計 Total | C6: 男 Male | D6: 女 Female | E6: 計 Total | F6: 男 Male | G6: 女 Female | H6: 計 Total | I6: 男 Male | J6: 女 Female | K6: 計 Total | L6: 男 Male | M6: 女 Female | N6: 計 Total | O6: 男 Male | P6: 女 Female | Q6: 計 Total | R6: 男 Male | S6: 女 Female | T6: 計 Total | U6: 男 Male | V6: 女 Female | W6: 計 Total | X6: 男 Male | Y6: 女 Female
A7: 總計Total | B7: 144412 | C7: 67657 | D7: 76755 | E7: 3288 | F7: 1339 | G7: 1949 | H7: 4248 | I7: 1810 | J7: 2438 | K7: 33852 | L7: 15356 | M7: 18496 | N7: 28711 | O7: 14167 | P7: 14544 | Q7: 20468 | R7: 9671 | S7: 10797 | T7: 24230 | U7: 11304 | V7: 12926 | W7: 29615 | X7: 14010 | Y7: 15605
A8: 新北市 New Taipei City | B8: 25356 | C8: 11870 | D8: 13486 | E8: 323 | F8: 130 | G8: 193 | H8: 478 | I8: 200 | J8: 278 | K8: 6490 | L8: 2934 | M8: 3556 | N8: 5468 | O8: 2718 | P8: 2750 | Q8: 3967 | R8: 1883 | S8: 2084 | T8: 3968 | U8: 1811 | V8: 2157 | W8: 4662 | X8: 2194 | Y8: 2468
A9: 臺北市 Taipei City | B9: 18188 | C9: 7823 | D9: 10365 | E9: 66 | F9: 29 | G9: 37 | H9: 169 | I9: 56 | J9: 113 | K9: 4259 | L9: 1730 | M9: 2529 | N9: 3355 | O9: 1554 | P9: 1801 | Q9: 2498 | R9: 1061 | S9: 1437 | T9: 3586 | U9: 1554 | V9: 2032 | W9: 4255 | X9: 1839 | Y9: 2416
A10: 桃園市 Taoyuan City | B10: 11571 | C10: 5500 | D10: 6071 | E10: 162 | F10: 54 | G10: 108 | H10: 249 | I10: 100 | J10: 149 | K10: 2256 | L10: 1033 | M10: 1223 | N10: 2203 | O10: 1087 | P10: 1116 | Q10: 2033 | R10: 1001 | S10: 1032 | T10: 2071 | U10: 960 | V10: 1111 | W10: 2597 | X10: 1265 | Y10: 1332
A11: 臺中市 Taichung City | B11: 17648 | C11: 8222 | D11: 9426 | E11: 195 | F11: 86 | G11: 109 | H11: 336 | I11: 122 | J11: 214 | K11: 3856 | L11: 1762 | M11: 2094 | N11: 3852 | O11: 1834 | P11: 2018 | Q11: 2508 | R11: 1190 | S11: 1318 | T11: 3078 | U11: 1434 | V11: 1644 | W11: 3823 | X11: 1794 | Y11: 2029
A12: 臺南市 Tainan City | B12: 7282 | C12: 3409 | D12: 3873 | E12: 53 | F12: 21 | G12: 32 | H12: 115 | I12: 56 | J12: 59 | K12: 1455 | L12: 622 | M12: 833 | N12: 1382 | O12: 698 | P12: 684 | Q12: 935 | R12: 443 | S12: 492 | T12: 1486 | U12: 692 | V12: 794 | W12: 1856 | X12: 877 | Y12: 979
A13: 高雄市 Kaohsiung City | B13: 15525 | C13: 7451 | D13: 8074 | E13: 395 | F13: 178 | G13: 217 | H13: 633 | I13: 273 | J13: 360 | K13: 4652 | L13: 2153 | M13: 2499 | N13: 3002 | O13: 1536 | P13: 1466 | Q13: 1685 | R13: 835 | S13: 850 | T13: 2225 | U13: 1057 | V13: 1168 | W13: 2933 | X13: 1419 | Y13: 1514
A14: 宜蘭縣 Yilan County | B14: 4384 | C14: 2071 | D14: 2313 | E14: 88 | F14: 35 | G14: 53 | H14: 81 | I14: 38 | J14: 43 | K14: 949 | L14: 433 | M14: 516 | N14: 866 | O14: 424 | P14: 442 | Q14: 625 | R14: 308 | S14: 317 | T14: 757 | U14: 370 | V14: 387 | W14: 1018 | X14: 463 | Y14: 555
A15: 新竹縣 Hsinchu County | B15: 3278 | C15: 1620 | D15: 1658 | E15: 60 | F15: 32 | G15: 28 | H15: 79 | I15: 28 | J15: 51 | K15: 637 | L15: 295 | M15: 342 | N15: 570 | O15: 286 | P15: 284 | Q15: 641 | R15: 333 | S15: 308 | T15: 595 | U15: 300 | V15: 295 | W15: 696 | X15: 346 | Y15: 350
A16: 苗栗縣 Miaoli County | B16: 3614 | C16: 1811 | D16: 1803 | E16: 74 | F16: 33 | G16: 41 | H16: 67 | I16: 24 | J16: 43 | K16: 684 | L16: 342 | M16: 342 | N16: 788 | O16: 420 | P16: 368 | Q16: 630 | R16: 298 | S16: 332 | T16: 615 | U16: 323 | V16: 292 | W16: 756 | X16: 371 | Y16: 385
A17: 彰化縣 Changhua County | B17: 7804 | C17: 3653 | D17: 4151 | E17: 34 | F17: 16 | G17: 18 | H17: 73 | I17: 32 | J17: 41 | K17: 2004 | L17: 919 | M17: 1085 | N17: 1752 | O17: 843 | P17: 909 | Q17: 1064 | R17: 510 | S17: 554 | T17: 1368 | U17: 624 | V17: 744 | W17: 1509 | X17: 709 | Y17: 800
A18: 南投縣 Nantou County | B18: 4017 | C18: 2000 | D18: 2017 | E18: 271 | F18: 106 | G18: 165 | H18: 258 | I18: 110 | J18: 148 | K18: 891 | L18: 464 | M18: 427 | N18: 827 | O18: 436 | P18: 391 | Q18: 525 | R18: 248 | S18: 277 | T18: 571 | U18: 293 | V18: 278 | W18: 674 | X18: 343 | Y18: 331
... A29: 連江縣 Lienchiang County | B29: 33 | C29: 15 | D29: 18 | E29: 5 | F29: 2 | G29: 3 | H29: 3 | I29: 2 | J29: 1 | K29: 4 | L29: 2 | M29: 2 | N29: 3 | O29: 1 | P29: 2 | Q29: 9 | R29: 7 | S29: 2 | T29: 4 | U29: 0 | V29: 4 | W29: 5 | X29: 1 | Y29: 4
A30: 資料來源：衛生福利部長期照顧司。
A31: Source: Department of Long-term care.
A32: 填表說明：交通接送服務係為協助長照需要等級第4級(含)以上(第四類偏遠縣市、偏遠鄉鎮市區為長照需要等級第2級(含)以上)之長照需要者，自居家往（返）至醫療院所就醫及復健之交通接送服務。
A34: 更新日期：2022/3/31

Sheet 歷年(98-109)
A1: 長期照顧十年計畫－交通接送服務 Achievements of Ten-year Long Term Care Program by Transportation Pick-up Services
A3: 年 別 Year | B3: 期底服務人數 Persons Serviced (End of Year) (人) | N3: 服務趟數 No. of Runs (趟)
B4: 合計 Total | E4: 長照低收入 | H4: 長照中低收入 | K4: 長照一般戶 | N4: 合計 Total | Q4: 長照低收入 | T4: 長照中低收入 | W4: 長照一般戶
B5: 計 Subtotal | C5: 男 Male | D5: 女 Female | E5: 計 Subtotal | F5: 男 Male | G5: 女 Female | H5: 計 Subtotal | I5: 男 Male | J5: 女 Female | K5: 計 Subtotal | L5: 男 Male | M5: 女 Female | N5: 計 Subtotal | O5: 男 Male | P5: 女 Female | Q5: 計 Subtotal | R5: 男 Male | S5: 女 Female | T5: 計 Subtotal | U5: 男 Male | V5: 女 Female | W5: 計 Subtotal | X5: 男 Male | Y5: 女 Female
A7: 98年, 2009 | B7: 8956 | C7: 5067 | D7: 3889 | E7: 918 | F7: 559 | G7: 359 | H7: 1010 | I7: 657 | J7: 353 | K7: 7028 | L7: 3851 | M7: 3177 | N7: 147681 | O7: 82475 | P7: 65206 | Q7: 10283 | R7: 7084 | S7: 3199 | T7: 9404 | U7: 6608 | V7: 2796 | W7: 127994 | X7: 68783 | Y7: 59211
A8: 99年, 2010 | B8: 9413 | C8: 5370 | D8: 4043 | E8: 1115 | F8: 655 | G8: 460 | H8: 1625 | I8: 1028 | J8: 597 | K8: 6673 | L8: 3687 | M8: 2986 | N8: 192382 | O8: 107398 | P8: 84984 | Q8: 14652 | R8: 8432 | S8: 6220 | T8: 21680 | U8: 13564 | V8: 8116 | W8: 156050 | X8: 85402 | Y8: 70648
A9: 100年, 2011 | B9: 20368 | C9: 10706 | D9: 9662 | E9: 2757 | F9: 1524 | G9: 1233 | H9: 2887 | I9: 1706 | J9: 1181 | K9: 14724 | L9: 7476 | M9: 7248 | N9: 201438 | O9: 111314 | P9: 90124 | Q9: 24775 | R9: 13801 | S9: 10974 | T9: 29420 | U9: 18326 | V9: 11094 | W9: 147243 | X9: 79187 | Y9: 68056
A10: 101年, 2012 | B10: 23638 | C10: 12380 | D10: 11258 | E10: 2867 | F10: 1557 | G10: 1310 | H10: 3465 | I10: 1979 | J10: 1486 | K10: 17306 | L10: 8844 | M10: 8462 | N10: 238963 | O10: 128839 | P10: 110124 | Q10: 26047 | R10: 14221 | S10: 11826 | T10: 32437 | U10: 19681 | V10: 12756 | W10: 180479 | X10: 94937 | Y10: 85542
A11: 102年, 2013 | B11: 25782 | C11: 13660 | D11: 12122 | E11: 2975 | F11: 1669 | G11: 1306 | H11: 3342 | I11: 1863 | J11: 1479 | K11: 19465 | L11: 10128 | M11: 9337 | N11: 271462 | O11: 146793 | P11: 124669 | Q11: 27459 | R11: 15340 | S11: 12119 | T11: 36407 | U11: 20908 | V11: 15499 | W11: 207596 | X11: 110545 | Y11: 97051
A12: 103年, 2014 | B12: 25549 | C12: 13223 | D12: 12326 | E12: 3091 | F12: 1698 | G12: 1393 | H12: 2705 | I12: 1560 | J12: 1145 | K12: 19753 | L12: 9965 | M12: 9788 | N12: 293279 | O12: 155236 | P12: 138043 | Q12: 32434 | R12: 18341 | S12: 14093 | T12: 34288 | U12: 20517 | V12: 13771 | W12: 226557 | X12: 116378 | Y12: 110179
A13: 104年, 2015 | B13: 24724 | C13: 12694 | D13: 12030 | E13: 3406 | F13: 1871 | G13: 1535 | H13: 2699 | I13: 1410 | J13: 1289 | K13: 18619 | L13: 9413 | M13: 9206 | N13: 304667 | O13: 160366 | P13: 144301 | Q13: 37771 | R13: 21237 | S13: 16534 | T13: 35742 | U13: 20624 | V13: 15118 | W13: 231154 | X13: 118505 | Y13: 112649
A14: 105年, 2016 | B14: 24703 | C14: 12761 | D14: 11942 | E14: 3322 | F14: 1761 | G14: 1561 | H14: 2800 | I14: 1542 | J14: 1258 | K14: 18581 | L14: 9458 | M14: 9123 | N14: 328853 | O14: 173975 | P14: 154878 | Q14: 39449 | R14: 21670 | S14: 17779 | T14: 38429 | U14: 21790 | V14: 16639 | W14: 250975 | X14: 130515 | Y14: 120460
A15: 106年, 2017 | B15: 27428 | C15: 14163 | D15: 13265 | E15: 3761 | F15: 2019 | G15: 1742 | H15: 3033 | I15: 1731 | J15: 1302 | K15: 20634 | L15: 10413 | M15: 10221 | N15: 367650 | O15: 195122 | P15: 172528 | Q15: 43657 | R15: 24442 | S15: 19215 | T15: 44588 | U15: 26841 | V15: 17747 | W15: 279405 | X15: 143839 | Y15: 135566
A16: 107年, 2018 | B16: 41013 | C16: 21177 | D16: 19836 | E16: 5769 | F16: 3315 | G16: 2454 | H16: 3362 | I16: 2037 | J16: 1325 | K16: 31882 | L16: 15825 | M16: 16057 | N16: 501681 | O16: 261664 | P16: 240017 | Q16: 63967 | R16: 37519 | S16: 26448 | T16: 46458 | U16: 28369 | V16: 18089 | W16: 391256 | X16: 195776 | Y16: 195480
A18: 年別 Year | B18: 期底服務個案人數 Persons Served | Z18: 本期服務個案人數 Persons Served
B19: 總計 | F19: 65歲以上老人 (含IADLs失能且獨居之老人) | J19: 65歲以上 領有身心障礙證明者 | N19: 64歲以下 領有身心障礙證明者 | R19: 55-64歲原住民 | V19: 50歲以上失智症者 | Z19: 總計 | AD19: 65歲以上老人 (含IADLs失能且獨居之老人) | AH19: 65歲以上 領有身心障礙證明者 | AL19: 64歲以下 領有身心障礙證明者 | AP19: 55-64歲原住民 | AT19: 50歲以上失智症者
B20: 合計 | C20: 長照低收入戶 | D20: 長照中低收入戶 | E20: 長照一般戶 | F20: 合計 | G20: 長照低收入戶 | H20: 長照中低收入戶 | I20: 長照一般戶 | J20: 合計 | K20: 長照低收入戶 | L20: 長照中低收入戶 | M20: 長照一般戶 | N20: 合計 | O20: 長照低收入戶 | P20: 長照中低收入戶 | Q20: 長照一般戶 | R20: 合計 | S20: 長照低收入戶 | T20: 長照中低收入戶 | U20: 長照一般戶 | V20: 合計 | W20: 長照低收入戶 | X20: 長照中低收入戶 | Y20: 長照一般戶 | Z20: 合計 | AA20: 長照低收入戶 | AB20: 長照中低收入戶 | AC20: 長照一般戶 | AD20: 合計 | AE20: 長照低收入戶 | AF20: 長照中低收入戶 | AG20: 長照一般戶 | AH20: 合計 | AI20: 長照低收入戶 | AJ20: 長照中低收入戶 | AK20: 長照一般戶 | AL20: 合計 | AM20: 長照低收入戶 | AN20: 長照中低收入戶 | AO20: 長照一般戶 | AP20: 合計 | AQ20: 長照低收入戶 | AR20: 長照中低收入戶 | AS20: 長照一般戶 | AT20: 合計 | AU20: 長照低收入戶 | AV20: 長照中低收入戶 | AW20: 長照一般戶
A22: 108年, 2019 | B22: 19493 | C22: 2849 | D22: 1965 | E22: 14679 | F22: 6050 | G22: 711 | H22: 254 | I22: 5085 | J22: 7379 | K22: 816 | L22: 555 | M22: 6008 | N22: 3100 | O22: 823 | P22: 838 | Q22: 1439 | R22: 247 | S22: 94 | T22: 64 | U22: 89 | V22: 2717 | W22: 405 | X22: 254 | Y22: 2058 | Z22: 53367 | AA22: 7579 | AB22: 5355 | AC22: 40433 | AD22: 18265 | AE22: 2091 | AF22: 881 | AG22: 15293 | AH22: 18783 | AI22: 2197 | AJ22: 1358 | AK22: 15228 | AL22: 7842 | AM22: 1941 | AN22: 2306 | AO22: 3595 | AP22: 587 | AQ22: 238 | AR22: 159 | AS22: 190 | AT22: 7890 | AU22: 1112 | AV22: 651 | AW22: 6127
A23: 109年, 2020 | B23: 29878 | C23: 4473 | D23: 3197 | E23: 22208 | F23: 11588 | G23: 1364 | H23: 668 | I23: 9556 | J23: 8697 | K23: 1055 | L23: 649 | M23: 6993 | N23: 4974 | O23: 1280 | P23: 1187 | Q23: 2507 | R23: 1002 | S23: 229 | T23: 336 | U23: 437 | V23: 3617 | W23: 545 | X23: 357 | Y23: 2715 | Z23: 78097 | AA23: 13109 | AB23: 7519 | AC23: 57469 | AD23: 31363 | AE23: 3617 | AF23: 2057 | AG23: 25689 | AH23: 23266 | AI23: 2778 | AJ23: 1370 | AK23: 19118 | AL23: 11322 | AM23: 2959 | AN23: 2656 | AO23: 5707 | AP23: 2181 | AQ23: 558 | AR23: 658 | AS23: 965 | AT23: 9965 | AU23: 3197 | AV23: 778 | AW23: 5990
A24: 下半年,July-Dec. | B24: 0 | C24: 0 | D24: 0 | E24: 0 | F24: 0 | G24: 0 | H24: 0 | I24: 0 | J24: 0 | K24: 0 | L24: 0 | M24: 0 | N24: 0 | O24: 0 | P24: 0 | Q24: 0 | R24: 0 | S24: 0 | T24: 0 | U24: 0 | V24: 0 | W24: 0 | X24: 0 | Y24: 0 | Z24: 0 | AA24: 0 | AB24: 0 | AC24: 0 | AD24: 0 | AE24: 0 | AF24: 0 | AG24: 0 | AH24: 0 | AI24: 0 | AJ24: 0 | AK24: 0 | AL24: 0 | AM24: 0 | AN24: 0 | AO24: 0 | AP24: 0 | AQ24: 0 | AR24: 0 | AS24: 0 | AT24: 0 | AU24: 0 | AV24: 0 | AW24: 0
A25: 資料來源：直轄市、縣﹝市﹞政府。
A26: Source: County and Government.
A27: 附註：1.長照2.0於106年6月開始實施，擴大服務對象，致107年服務人數大幅增加。 2.「期底服務個案人數」：屬靜態資料，係指期底現有服務個案之人數(不含已結案者)。以108年資料為例，係指108年12月31日仍在案之人數。 3.「本期服務個案人數」：屬動態資料，係指某區間內有使用服務人口中歸人統計。例如：某個案一年共使用服務24次，則服務人數計1人。
A28: 更新日期：2021/6/30

Sheet 109
A1: 長期照顧十年計畫－交通接送服務 Achievements of Ten-year Long Term Care Program by Transportation Pick-up Services
A2: 民國109年, 2020 | C2: =IF(C7=SUM(C10,C13,C16,C19,C22,C25,C28,C31,C34,C37,C40,C43,C46,C49,C52,C55,C58,C61,C64,C67,C70,C73),"","*") | D2: =IF(D7=SUM(D10,D13,D16,D19,D22,D25,D28,D31,D34,D37,D40,D43,D46,D49,D52,D55,D58,D61,D64,D67,D70,D73),"","*") | E2: =IF(E7=SUM(E10,E13,E16,E19,E22,E25,E28,E31,E34,E37,E40,E43,E46,E49,E52,E55,E58,E61,E64,E67,E70,E73),"","*") | F2: =IF(F7=SUM(F10,F13,F16,F19,F22,F25,F28,F31,F34,F37,F40,F43,F46,F49,F52,F55,F58,F61,F64,F67,F70,F73),"","*") | G2: =IF(G7=SUM(G10,G13,G16,G19,G22,G25,G28,G31,G34,G37,G40,G43,G46,G49,G52,G55,G58,G61,G64,G67,G70,G73),"","*") | H2: =IF(H7=SUM(H10,H13,H16,H19,H22,H25,H28,H31,H34,H37,H40,H43,H46,H49,H52,H55,H58,H61,H64,H67,H70,H73),"","*") | I2: =IF(I7=SUM(I10,I13,I16,I19,I22,I25,I28,I31,I34,I37,I40,I43,I46,I49,I52,I55,I58,I61,I64,I67,I70,I73),"","*") | J2: =IF(J7=SUM(J10,J13,J16,J19,J22,J25,J28,J31,J34,J37,J40,J43,J46,J49,J52,J55,J58,J61,J64,J67,J70,J73),"","*") | ... AX2: =IF(AX7=SUM(AX10,AX13,AX16,AX19,AX22,AX25,AX28,AX31,AX34,AX37,AX40,AX43,AX46,AX49,AX52,AX55,AX58,AX61,AX64,AX67,AX70,AX73),"","*")
A3: 區域別 Locality | C3: 期底服務個案人數 Persons Served | AA3: 本期服務個案人數 Persons Served
C4: 總計 | G4: 65歲以上老人 (含IADLs失能且獨居之老人) | K4: 65歲以上 領有身心障礙證明者 | O4: 64歲以下 領有身心障礙證明者 | S4: 55-64歲原住民 | W4: 50歲以上失智症者 | AA4: 總計 | AE4: 65歲以上老人 (含IADLs失能且獨居之老人) | AI4: 65歲以上 領有身心障礙證明者 | AM4: 64歲以下 領有身心障礙證明者 | AQ4: 55-64歲原住民 | AU4: 50歲以上失智症者
C5: 合計 | D5: 長照低收入戶 | E5: 長照中低收入戶 | F5: 長照一般戶 | G5: 合計 | H5: 長照低收入戶 | I5: 長照中低收入戶 | J5: 長照一般戶 | K5: 合計 | L5: 長照低收入戶 | M5: 長照中低收入戶 | N5: 長照一般戶 | O5: 合計 | P5: 長照低收入戶 | Q5: 長照中低收入戶 | R5: 長照一般戶 | S5: 合計 | T5: 長照低收入戶 | U5: 長照中低收入戶 | V5: 長照一般戶 | W5: 合計 | X5: 長照低收入戶 | Y5: 長照中低收入戶 | Z5: 長照一般戶 | AA5: 合計 | AB5: 長照低收入戶 | AC5: 長照中低收入戶 | AD5: 長照一般戶 | AE5: 合計 | AF5: 長照低收入戶 | AG5: 長照中低收入戶 | AH5: 長照一般戶 | AI5: 合計 | AJ5: 長照低收入戶 | AK5: 長照中低收入戶 | AL5: 長照一般戶 | AM5: 合計 | AN5: 長照低收入戶 | AO5: 長照中低收入戶 | AP5: 長照一般戶 | AQ5: 合計 | AR5: 長照低收入戶 | AS5: 長照中低收入戶 | AT5: 長照一般戶 | AU5: 合計 | AV5: 長照低收入戶 | AW5: 長照中低收入戶 | AX5: 長照一般戶
A7: 總計 | B7: 計Total | C7: 29878 | D7: 4473 | E7: 3197 | F7: 22208 | G7: 11588 | H7: 1364 | I7: 668 | J7: 9556 | K7: 8697 | L7: 1055 | M7: 649 | N7: 6993 | O7: 4974 | P7: 1280 | Q7: 1187 | R7: 2507 | S7: 1002 | T7: 229 | U7: 336 | V7: 437 | W7: 3617 | X7: 545 | Y7: 357 | Z7: 2715 | AA7: 78097 | AB7: 13109 | AC7: 7519 | AD7: 57469 | AE7: 31363 | AF7: 3617 | AG7: 2057 | AH7: 25689 | AI7: 23266 | AJ7: 2778 | AK7: 1370 | AL7: 19118 | AM7: 11322 | AN7: 2959 | AO7: 2656 | AP7: 5707 | AQ7: 2181 | AR7: 558 | AS7: 658 | AT7: 965 | AU7: 9965 | AV7: 3197 | AW7: 778 | AX7: 5990
A8: Total | B8: 男Male | C8: 14885 | D8: 2528 | E8: 1845 | F8: 10512 | G8: 5163 | H8: 652 | I8: 367 | J8: 4144 | K8: 4366 | L8: 559 | M8: 356 | N8: 3451 | O8: 3089 | P8: 867 | Q8: 724 | R8: 1498 | S8: 628 | T8: 160 | U8: 210 | V8: 258 | W8: 1639 | X8: 290 | Y8: 188 | Z8: 1161 | AA8: 38161 | AB8: 6870 | AC8: 4263 | AD8: 27028 | AE8: 14359 | AF8: 1703 | AG8: 1118 | AH8: 11538 | AI8: 11243 | AJ8: 1399 | AK8: 753 | AL8: 9091 | AM8: 6959 | AN8: 1944 | AO8: 1630 | AP8: 3385 | AQ8: 1343 | AR8: 394 | AS8: 413 | AT8: 536 | AU8: 4257 | AV8: 1430 | AW8: 349 | AX8: 2478
B9: 女Female | C9: 14993 | D9: 1945 | E9: 1352 | F9: 11696 | G9: 6425 | H9: 712 | I9: 301 | J9: 5412 | K9: 4331 | L9: 496 | M9: 293 | N9: 3542 | O9: 1885 | P9: 413 | Q9: 463 | R9: 1009 | S9: 374 | T9: 69 | U9: 126 | V9: 179 | W9: 1978 | X9: 255 | Y9: 169 | Z9: 1554 | AA9: 39936 | AB9: 6239 | AC9: 3256 | AD9: 30441 | AE9: 17004 | AF9: 1914 | AG9: 939 | AH9: 14151 | AI9: 12023 | AJ9: 1379 | AK9: 617 | AL9: 10027 | AM9: 4363 | AN9: 1015 | AO9: 1026 | AP9: 2322 | AQ9: 838 | AR9: 164 | AS9: 245 | AT9: 429 | AU9: 5708 | AV9: 1767 | AW9: 429 | AX9: 3512
A10: 新 北 市 | B10: 計Total | C10: 5440 | D10: 575 | E10: 543 | F10: 4322 | G10: 2213 | H10: 198 | I10: 11 | J10: 2004 | K10: 1519 | L10: 126 | M10: 122 | N10: 1271 | O10: 900 | P10: 157 | Q10: 323 | R10: 420 | S10: 8 | T10: 0 | U10: 1 | V10: 7 | W10: 800 | X10: 94 | Y10: 86 | Z10: 620 | AA10: 14906 | AB10: 3255 | AC10: 1381 | AD10: 10270 | AE10: 5391 | AF10: 461 | AG10: 394 | AH10: 4536 | AI10: 4742 | AJ10: 289 | AK10: 29 | AL10: 4424 | AM10: 2140 | AN10: 362 | AO10: 687 | AP10: 1091 | AQ10: 26 | AR10: 0 | AS10: 7 | AT10: 19 | AU10: 2607 | AV10: 2143 | AW10: 264 | AX10: 200
A11: New Taipei City | B11: 男Male | C11: 2696 | D11: 344 | E11: 314 | F11: 2038 | G11: 975 | H11: 129 | I11: 4 | J11: 842 | K11: 788 | L11: 68 | M11: 68 | N11: 652 | O11: 569 | P11: 103 | Q11: 198 | R11: 268 | S11: 6 | T11: 0 | U11: 1 | V11: 5 | W11: 358 | X11: 44 | Y11: 43 | Z11: 271 | AA11: 7079 | AB11: 1442 | AC11: 760 | AD11: 4877 | AE11: 2678 | AF11: 225 | AG11: 224 | AH11: 2229 | AI11: 2008 | AJ11: 114 | AK11: 11 | AL11: 1883 | AM11: 1309 | AN11: 230 | AO11: 419 | AP11: 660 | AQ11: 14 | AR11: 0 | AS11: 5 | AT11: 9 | AU11: 1070 | AV11: 873 | AW11: 101 | AX11: 96
B12: 女Female | C12: 2744 | D12: 231 | E12: 229 | F12: 2284 | G12: 1238 | H12: 69 | I12: 7 | J12: 1162 | K12: 731 | L12: 58 | M12: 54 | N12: 619 | O12: 331 | P12: 54 | Q12: 125 | R12: 152 | S12: 2 | T12: 0 | U12: 0 | V12: 2 | W12: 442 | X12: 50 | Y12: 43 | Z12: 349 | AA12: 7827 | AB12: 1813 | AC12: 621 | AD12: 5393 | AE12: 2713 | AF12: 236 | AG12: 170 | AH12: 2307 | AI12: 2734 | AJ12: 175 | AK12: 18 | AL12: 2541 | AM12: 831 | AN12: 132 | AO12: 268 | AP12: 431 | AQ12: 12 | AR12: 0 | AS12: 2 | AT12: 10 | AU12: 1537 | AV12: 1270 | AW12: 163 | AX12: 104
A13: 臺 北 市 | B13: 計Total | C13: 2350 | D13: 195 | E13: 42 | F13: 2113 | G13: 857 | H13: 43 | I13: 2 | J13: 812 | K13: 804 | L13: 58 | M13: 15 | N13: 731 | O13: 211 | P13: 42 | Q13: 17 | R13: 152 | S13: 2 | T13: 1 | U13: 0 | V13: 1 | W13: 476 | X13: 51 | Y13: 8 | Z13: 417 | AA13: 7102 | AB13: 609 | AC13: 132 | AD13: 6361 | AE13: 2627 | AF13: 156 | AG13: 8 | AH13: 2463 | AI13: 2400 | AJ13: 179 | AK13: 50 | AL13: 2171 | AM13: 539 | AN13: 112 | AO13: 42 | AP13: 385 | AQ13: 4 | AR13: 2 | AS13: 0 | AT13: 2 | AU13: 1532 | AV13: 160 | AW13: 32 | AX13: 1340
A14: Taipei City | B14: 男Male | C14: 1034 | D14: 84 | E14: 23 | F14: 927 | G14: 336 | H14: 11 | I14: 1 | J14: 324 | K14: 375 | L14: 25 | M14: 7 | N14: 343 | O14: 133 | P14: 26 | Q14: 9 | R14: 98 | S14: 0 | T14: 0 | U14: 0 | V14: 0 | W14: 190 | X14: 22 | Y14: 6 | Z14: 162 | AA14: 3112 | AB14: 277 | AC14: 75 | AD14: 2760 | AE14: 1057 | AF14: 53 | AG14: 4 | AH14: 1000 | AI14: 1135 | AJ14: 81 | AK14: 28 | AL14: 1026 | AM14: 321 | AN14: 69 | AO14: 27 | AP14: 225 | AQ14: 1 | AR14: 1 | AS14: 0 | AT14: 0 | AU14: 598 | AV14: 73 | AW14: 16 | AX14: 509
B15: 女Female | C15: 1316 | D15: 111 | E15: 19 | F15: 1186 | G15: 521 | H15: 32 | I15: 1 | J15: 488 | K15: 429 | L15: 33 | M15: 8 | N15: 388 | O15: 78 | P15: 16 | Q15: 8 | R15: 54 | S15: 2 | T15: 1 | U15: 0 | V15: 1 | W15: 286 | X15: 29 | Y15: 2 | Z15: 255 | AA15: 3990 | AB15: 332 | AC15: 57 | AD15: 3601 | AE15: 1570 | AF15: 103 | AG15: 4 | AH15: 1463 | AI15: 1265 | AJ15: 98 | AK15: 22 | AL15: 1145 | AM15: 218 | AN15: 43 | AO15: 15 | AP15: 160 | AQ15: 3 | AR15: 1 | AS15: 0 | AT15: 2 | AU15: 934 | AV15: 87 | AW15: 16 | AX15: 831
A16: 桃 園 市 | B16: 計Total | C16: 894 | D16: 135 | E16: 88 | F16: 671 | G16: 364 | H16: 40 | I16: 7 | J16: 317 | K16: 259 | L16: 38 | M16: 23 | N16: 198 | O16: 133 | P16: 33 | Q16: 41 | R16: 59 | S16: 13 | T16: 4 | U16: 4 | V16: 5 | W16: 125 | X16: 20 | Y16: 13 | Z16: 92 | AA16: 2754 | AB16: 347 | AC16: 300 | AD16: 2107 | AE16: 939 | AF16: 116 | AG16: 19 | AH16: 804 | AI16: 970 | AJ16: 107 | AK16: 86 | AL16: 777 | AM16: 367 | AN16: 65 | AO16: 145 | AP16: 157 | AQ16: 25 | AR16: 7 | AS16: 6 | AT16: 12 | AU16: 453 | AV16: 52 | AW16: 44 | AX16: 357
A17: Taoyuan City | B17: 男Male | C17: 411 | D17: 70 | E17: 49 | F17: 292 | G17: 146 | H17: 16 | I17: 4 | J17: 126 | K17: 120 | L17: 18 | M17: 12 | N17: 90 | O17: 80 | P17: 20 | Q17: 24 | R17: 36 | S17: 7 | T17: 4 | U17: 1 | V17: 2 | W17: 58 | X17: 12 | Y17: 8 | Z17: 38 | AA17: 1386 | AB17: 182 | AC17: 169 | AD17: 1035 | AE17: 427 | AF17: 51 | AG17: 10 | AH17: 366 | AI17: 500 | AJ17: 47 | AK17: 58 | AL17: 395 | AM17: 230 | AN17: 45 | AO17: 79 | AP17: 106 | AQ17: 13 | AR17: 7 | AS17: 2 | AT17: 4 | AU17: 216 | AV17: 32 | AW17: 20 | AX17: 164
B18: 女Female | C18: 483 | D18: 65 | E18: 39 | F18: 379 | G18: 218 | H18: 24 | I18: 3 | J18: 191 | K18: 139 | L18: 20 | M18: 11 | N18: 108 | O18: 53 | P18: 13 | Q18: 17 | R18: 23 | S18: 6 | T18: 0 | U18: 3 | V18: 3 | W18: 67 | X18: 8 | Y18: 5 | Z18: 54 | AA18: 1368 | AB18: 165 | AC18: 131 | AD18: 1072 | AE18: 512 | AF18: 65 | AG18: 9 | AH18: 438 | AI18: 470 | AJ18: 60 | AK18: 28 | AL18: 382 | AM18: 137 | AN18: 20 | AO18: 66 | AP18: 51 | AQ18: 12 | AR18: 0 | AS18: 4 | AT18: 8 | AU18: 237 | AV18: 20 | AW18: 24 | AX18: 193
A19: 臺 中 市 | B19: 計Total | C19: 3253 | D19: 865 | E19: 232 | F19: 2156 | G19: 1055 | H19: 147 | I19: 30 | J19: 878 | K19: 1083 | L19: 259 | M19: 83 | N19: 741 | O19: 616 | P19: 313 | Q19: 87 | R19: 216 | S19: 14 | T19: 6 | U19: 1 | V19: 7 | W19: 485 | X19: 140 | Y19: 31 | Z19: 314 | AA19: 11072 | AB19: 2732 | AC19: 677 | AD19: 7663 | AE19: 3804 | AF19: 485 | AG19: 93 | AH19: 3226 | AI19: 3651 | AJ19: 850 | AK19: 227 | AL19: 2574 | AM19: 1772 | AN19: 919 | AO19: 239 | AP19: 614 | AQ19: 53 | AR19: 24 | AS19: 6 | AT19: 23 | AU19: 1792 | AV19: 454 | AW19: 112 | AX19: 1226
A20: Taichung City | B20: 男Male | C20: 1611 | D20: 494 | E20: 123 | F20: 994 | G20: 430 | H20: 56 | I20: 11 | J20: 363 | K20: 561 | L20: 142 | M20: 46 | N20: 373 | O20: 402 | P20: 218 | Q20: 50 | R20: 134 | S20: 5 | T20: 3 | U20: 1 | V20: 1 | W20: 213 | X20: 75 | Y20: 15 | Z20: 123 | AA20: 5478 | AB20: 1520 | AC20: 372 | AD20: 3586 | AE20: 1544 | AF20: 185 | AG20: 38 | AH20: 1321 | AI20: 1973 | AJ20: 468 | AK20: 131 | AL20: 1374 | AM20: 1154 | AN20: 604 | AO20: 141 | AP20: 409 | AQ20: 25 | AR20: 13 | AS20: 5 | AT20: 7 | AU20: 782 | AV20: 250 | AW20: 57 | AX20: 475
B21: 女Female | C21: 1642 | D21: 371 | E21: 109 | F21: 1162 | G21: 625 | H21: 91 | I21: 19 | J21: 515 | K21: 522 | L21: 117 | M21: 37 | N21: 368 | O21: 214 | P21: 95 | Q21: 37 | R21: 82 | S21: 9 | T21: 3 | U21: 0 | V21: 6 | W21: 272 | X21: 65 | Y21: 16 | Z21: 191 | AA21: 5594 | AB21: 1212 | AC21: 305 | AD21: 4077 | AE21: 2260 | AF21: 300 | AG21: 55 | AH21: 1905 | AI21: 1678 | AJ21: 382 | AK21: 96 | AL21: 1200 | AM21: 618 | AN21: 315 | AO21: 98 | AP21: 205 | AQ21: 28 | AR21: 11 | AS21: 1 | AT21: 16 | AU21: 1010 | AV21: 204 | AW21: 55 | AX21: 751
A22: 臺 南 市 | B22: 計Total | C22: 714 | D22: 77 | E22: 98 | F22: 539 | G22: 285 | H22: 24 | I22: 6 | J22: 255 | K22: 223 | L22: 25 | M22: 34 | N22: 164 | O22: 99 | P22: 14 | Q22: 44 | R22: 41 | S22: 0 | T22: 0 | U22: 0 | V22: 0 | W22: 107 | X22: 14 | Y22: 14 | Z22: 79 | AA22: 2573 | AB22: 300 | AC22: 302 | AD22: 1971 | AE22: 1239 | AF22: 112 | AG22: 84 | AH22: 1043 | AI22: 816 | AJ22: 98 | AK22: 97 | AL22: 621 | AM22: 208 | AN22: 48 | AO22: 91 | AP22: 69 | AQ22: 0 | AR22: 0 | AS22: 0 | AT22: 0 | AU22: 310 | AV22: 42 | AW22: 30 | AX22: 238
A23: Tainan City | B23: 男Male | C23: 335 | D23: 32 | E23: 62 | F23: 241 | G23: 110 | H23: 4 | I23: 2 | J23: 104 | K23: 110 | L23: 12 | M23: 22 | N23: 76 | O23: 65 | P23: 9 | Q23: 28 | R23: 28 | S23: 0 | T23: 0 | U23: 0 | V23: 0 | W23: 50 | X23: 7 | Y23: 10 | Z23: 33 | AA23: 1202 | AB23: 127 | AC23: 173 | AD23: 902 | AE23: 559 | AF23: 45 | AG23: 45 | AH23: 469 | AI23: 389 | AJ23: 36 | AK23: 55 | AL23: 298 | AM23: 128 | AN23: 30 | AO23: 55 | AP23: 43 | AQ23: 0 | AR23: 0 | AS23: 0 | AT23: 0 | AU23: 126 | AV23: 16 | AW23: 18 | AX23: 92
B24: 女Female | C24: 379 | D24: 45 | E24: 36 | F24: 298 | G24: 175 | H24: 20 | I24: 4 | J24: 151 | K24: 113 | L24: 13 | M24: 12 | N24: 88 | O24: 34 | P24: 5 | Q24: 16 | R24: 13 | S24: 0 | T24: 0 | U24: 0 | V24: 0 | W24: 57 | X24: 7 | Y24: 4 | Z24: 46 | AA24: 1371 | AB24: 173 | AC24: 129 | AD24: 1069 | AE24: 680 | AF24: 67 | AG24: 39 | AH24: 574 | AI24: 427 | AJ24: 62 | AK24: 42 | AL24: 323 | AM24: 80 | AN24: 18 | AO24: 36 | AP24: 26 | AQ24: 0 | AR24: 0 | AS24: 0 | AT24: 0 | AU24: 184 | AV24: 26 | AW24: 12 | AX24: 146
A25: 高 雄 市 | B25: 計Total | C25: 6758 | D25: 1076 | E25: 990 | F25: 4692 | G25: 3717 | H25: 595 | I25: 543 | J25: 2579 | K25: 912 | L25: 138 | M25: 29 | N25: 745 | O25: 1367 | P25: 204 | Q25: 137 | R25: 1026 | S25: 750 | T25: 137 | U25: 278 | V25: 335 | W25: 12 | X25: 2 | Y25: 3 | Z25: 7 | AA25: 14712 | AB25: 2421 | AC25: 1947 | AD25: 10344 | AE25: 8121 | AF25: 1330 | AG25: 1061 | AH25: 5730 | AI25: 2262 | AJ25: 346 | AK25: 77 | AL25: 1839 | AM25: 2968 | AN25: 466 | AO25: 309 | AP25: 2193 | AQ25: 1323 | AR25: 275 | AS25: 487 | AT25: 561 | AU25: 38 | AV25: 4 | AW25: 13 | AX25: 21
A26: Kaohsiung City | B26: 男Male | C26: 3482 | D26: 559 | E26: 592 | F26: 2331 | G26: 1904 | H26: 308 | I26: 324 | J26: 1272 | K26: 392 | L26: 58 | M26: 12 | N26: 322 | O26: 711 | P26: 103 | Q26: 78 | R26: 530 | S26: 470 | T26: 89 | U26: 178 | V26: 203 | W26: 5 | X26: 1 | Y26: 0 | Z26: 4 | AA26: 7501 | AB26: 1245 | AC26: 1160 | AD26: 5096 | AE26: 4110 | AF26: 678 | AG26: 627 | AH26: 2805 | AI26: 956 | AJ26: 145 | AK26: 25 | AL26: 786 | AM26: 1564 | AN26: 237 | AO26: 186 | AP26: 1141 | AQ26: 856 | AR26: 183 | AS26: 318 | AT26: 355 | AU26: 15 | AV26: 2 | AW26: 4 | AX26: 9
B27: 女Female | C27: 3276 | D27: 517 | E27: 398 | F27: 2361 | G27: 1813 | H27: 287 | I27: 219 | J27: 1307 | K27: 520 | L27: 80 | M27: 17 | N27: 423 | O27: 656 | P27: 101 | Q27: 59 | R27: 496 | S27: 280 | T27: 48 | U27: 100 | V27: 132 | W27: 7 | X27: 1 | Y27: 3 | Z27: 3 | AA27: 7211 | AB27: 1176 | AC27: 787 | AD27: 5248 | AE27: 4011 | AF27: 652 | AG27: 434 | AH27: 2925 | AI27: 1306 | AJ27: 201 | AK27: 52 | AL27: 1053 | AM27: 1404 | AN27: 229 | AO27: 123 | AP27: 1052 | AQ27: 467 | AR27: 92 | AS27: 169 | AT27: 206 | AU27: 23 | AV27: 2 | AW27: 9 | AX27: 12
A28: 宜蘭縣 | B28: 計Total | C28: 1130 | D28: 115 | E28: 125 | F28: 890 | G28: 257 | H28: 25 | I28: 7 | J28: 225 | K28: 489 | L28: 36 | M28: 25 | N28: 428 | O28: 198 | P28: 37 | Q28: 70 | R28: 91 | S28: 13 | T28: 4 | U28: 5 | V28: 4 | W28: 173 | X28: 13 | Y28: 18 | Z28: 142 | AA28: 3499 | AB28: 363 | AC28: 342 | AD28: 2794 | AE28: 832 | AF28: 70 | AG28: 13 | AH28: 749 | AI28: 1552 | AJ28: 127 | AK28: 93 | AL28: 1332 | AM28: 482 | AN28: 97 | AO28: 170 | AP28: 215 | AQ28: 31 | AR28: 11 | AS28: 8 | AT28: 12 | AU28: 602 | AV28: 58 | AW28: 58 | AX28: 486
A29: Yilan County | B29: 男Male | C29: 556 | D29: 74 | E29: 63 | F29: 419 | G29: 107 | H29: 12 | I29: 1 | J29: 94 | K29: 232 | L29: 23 | M29: 8 | N29: 201 | O29: 135 | P29: 30 | Q29: 46 | R29: 59 | S29: 8 | T29: 3 | U29: 2 | V29: 3 | W29: 74 | X29: 6 | Y29: 6 | Z29: 62 | AA29: 1698 | AB29: 228 | AC29: 176 | AD29: 1294 | AE29: 337 | AF29: 30 | AG29: 2 | AH29: 305 | AI29: 784 | AJ29: 85 | AK29: 44 | AL29: 655 | AM29: 310 | AN29: 75 | AO29: 107 | AP29: 128 | AQ29: 20 | AR29: 9 | AS29: 4 | AT29: 7 | AU29: 247 | AV29: 29 | AW29: 19 | AX29: 199
B30: 女Female | C30: 574 | D30: 41 | E30: 62 | F30: 471 | G30: 150 | H30: 13 | I30: 6 | J30: 131 | K30: 257 | L30: 13 | M30: 17 | N30: 227 | O30: 63 | P30: 7 | Q30: 24 | R30: 32 | S30: 5 | T30: 1 | U30: 3 | V30: 1 | W30: 99 | X30: 7 | Y30: 12 | Z30: 80 | AA30: 1801 | AB30: 135 | AC30: 166 | AD30: 1500 | AE30: 495 | AF30: 40 | AG30: 11 | AH30: 444 | AI30: 768 | AJ30: 42 | AK30: 49 | AL30: 677 | AM30: 172 | AN30: 22 | AO30: 63 | AP30: 87 | AQ30: 11 | AR30: 2 | AS30: 4 | AT30: 5 | AU30: 355 | AV30: 29 | AW30: 39 | AX30: 287
A31: 新竹縣 | B31: 計Total | C31: 421 | D31: 43 | E31: 40 | F31: 338 | G31: 130 | H31: 14 | I31: 1 | J31: 115 | K31: 164 | L31: 9 | M31: 13 | N31: 142 | O31: 66 | P31: 12 | Q31: 22 | R31: 32 | S31: 5 | T31: 3 | U31: 1 | V31: 1 | W31: 56 | X31: 5 | Y31: 3 | Z31: 48 | AA31: 864 | AB31: 78 | AC31: 78 | AD31: 708 | AE31: 280 | AF31: 23 | AG31: 1 | AH31: 256 | AI31: 345 | AJ31: 26 | AK31: 27 | AL31: 292 | AM31: 127 | AN31: 20 | AO31: 46 | AP31: 61 | AQ31: 8 | AR31: 4 | AS31: 2 | AT31: 2 | AU31: 104 | AV31: 5 | AW31: 2 | AX31: 97
A32: Hsinchu County | B32: 男Male | C32: 219 | D32: 24 | E32: 22 | F32: 173 | G32: 58 | H32: 7 | I32: 1 | J32: 50 | K32: 87 | L32: 3 | M32: 5 | N32: 79 | O32: 43 | P32: 8 | Q32: 15 | R32: 20 | S32: 4 | T32: 3 | U32: 0 | V32: 1 | W32: 27 | X32: 3 | Y32: 1 | Z32: 23 | AA32: 444 | AB32: 43 | AC32: 48 | AD32: 353 | AE32: 118 | AF32: 11 | AG32: 1 | AH32: 106 | AI32: 186 | AJ32: 12 | AK32: 13 | AL32: 161 | AM32: 87 | AN32: 15 | AO32: 31 | AP32: 41 | AQ32: 5 | AR32: 3 | AS32: 1 | AT32: 1 | AU32: 48 | AV32: 2 | AW32: 2 | AX32: 44
B33: 女Female | C33: 202 | D33: 19 | E33: 18 | F33: 165 | G33: 72 | H33: 7 | I33: 0 | J33: 65 | K33: 77 | L33: 6 | M33: 8 | N33: 63 | O33: 23 | P33: 4 | Q33: 7 | R33: 12 | S33: 1 | T33: 0 | U33: 1 | V33: 0 | W33: 29 | X33: 2 | Y33: 2 | Z33: 25 | AA33: 420 | AB33: 35 | AC33: 30 | AD33: 355 | AE33: 162 | AF33: 12 | AG33: 0 | AH33: 150 | AI33: 159 | AJ33: 14 | AK33: 14 | AL33: 131 | AM33: 40 | AN33: 5 | AO33: 15 | AP33: 20 | AQ33: 3 | AR33: 1 | AS33: 1 | AT33: 1 | AU33: 56 | AV33: 3 | AW33: 0 | AX33: 53
A34: 苗栗縣 | B34: 計Total | C34: 1081 | D34: 101 | E34: 127 | F34: 853 | G34: 292 | H34: 15 | I34: 7 | J34: 270 | K34: 380 | L34: 22 | M34: 39 | N34: 319 | O34: 131 | P34: 36 | Q34: 48 | R34: 47 | S34: 7 | T34: 2 | U34: 2 | V34: 3 | W34: 271 | X34: 26 | Y34: 31 | Z34: 214 | AA34: 2727 | AB34: 259 | AC34: 286 | AD34: 2182 | AE34: 1332 | AF34: 90 | AG34: 116 | AH34: 1126 | AI34: 683 | AJ34: 41 | AK34: 13 | AL34: 629 | AM34: 368 | AN34: 106 | AO34: 143 | AP34: 119 | AQ34: 11 | AR34: 2 | AS34: 3 | AT34: 6 | AU34: 333 | AV34: 20 | AW34: 11 | AX34: 302
A35: Miaoli County | B35: 男Male | C35: 559 | D35: 66 | E35: 75 | F35: 418 | G35: 125 | H35: 7 | I35: 1 | J35: 117 | K35: 209 | L35: 16 | M35: 21 | N35: 172 | O35: 93 | P35: 26 | Q35: 32 | R35: 35 | S35: 4 | T35: 1 | U35: 1 | V35: 2 | W35: 128 | X35: 16 | Y35: 20 | Z35: 92 | AA35: 1351 | AB35: 168 | AC35: 156 | AD35: 1027 | AE35: 692 | AF35: 66 | AG35: 61 | AH35: 565 | AI35: 268 | AJ35: 18 | AK35: 3 | AL35: 247 | AM35: 243 | AN35: 73 | AO35: 86 | AP35: 84 | AQ35: 7 | AR35: 1 | AS35: 2 | AT35: 4 | AU35: 141 | AV35: 10 | AW35: 4 | AX35: 127
B36: 女Female | C36: 522 | D36: 35 | E36: 52 | F36: 435 | G36: 167 | H36: 8 | I36: 6 | J36: 153 | K36: 171 | L36: 6 | M36: 18 | N36: 147 | O36: 38 | P36: 10 | Q36: 16 | R36: 12 | S36: 3 | T36: 1 | U36: 1 | V36: 1 | W36: 143 | X36: 10 | Y36: 11 | Z36: 122 | AA36: 1376 | AB36: 91 | AC36: 130 | AD36: 1155 | AE36: 640 | AF36: 24 | AG36: 55 | AH36: 561 | AI36: 415 | AJ36: 23 | AK36: 10 | AL36: 382 | AM36: 125 | AN36: 33 | AO36: 57 | AP36: 35 | AQ36: 4 | AR36: 1 | AS36: 1 | AT36: 2 | AU36: 192 | AV36: 10 | AW36: 7 | AX36: 175
A37: 彰化縣 | B37: 計Total | C37: 1799 | D37: 247 | E37: 191 | F37: 1361 | G37: 621 | H37: 52 | I37: 11 | J37: 558 | K37: 610 | L37: 58 | M37: 48 | N37: 504 | O37: 294 | P37: 102 | Q37: 92 | R37: 100 | S37: 2 | T37: 0 | U37: 0 | V37: 2 | W37: 272 | X37: 35 | Y37: 40 | Z37: 197 | AA37: 3098 | AB37: 403 | AC37: 295 | AD37: 2400 | AE37: 1185 | AF37: 100 | AG37: 22 | AH37: 1063 | AI37: 1080 | AJ37: 119 | AK37: 112 | AL37: 849 | AM37: 453 | AN37: 153 | AO37: 140 | AP37: 160 | AQ37: 4 | AR37: 2 | AS37: 0 | AT37: 2 | AU37: 376 | AV37: 29 | AW37: 21 | AX37: 326
A38: Changhua County | B38: 男Male | C38: 916 | D38: 149 | E38: 113 | F38: 654 | G38: 247 | H38: 18 | I38: 2 | J38: 227 | K38: 341 | L38: 33 | M38: 36 | N38: 272 | O38: 195 | P38: 75 | Q38: 52 | R38: 68 | S38: 2 | T38: 0 | U38: 0 | V38: 2 | W38: 131 | X38: 23 | Y38: 23 | Z38: 85 | AA38: 1621 | AB38: 241 | AC38: 191 | AD38: 1189 | AE38: 466 | AF38: 37 | AG38: 7 | AH38: 422 | AI38: 655 | AJ38: 69 | AK38: 84 | AL38: 502 | AM38: 315 | AN38: 115 | AO38: 89 | AP38: 111 | AQ38: 4 | AR38: 2 | AS38: 0 | AT38: 2 | AU38: 181 | AV38: 18 | AW38: 11 | AX38: 152
B39: 女Female | C39: 883 | D39: 98 | E39: 78 | F39: 707 | G39: 374 | H39: 34 | I39: 9 | J39: 331 | K39: 269 | L39: 25 | M39: 12 | N39: 232 | O39: 99 | P39: 27 | Q39: 40 | R39: 32 | S39: 0 | T39: 0 | U39: 0 | V39: 0 | W39: 141 | X39: 12 | Y39: 17 | Z39: 112 | AA39: 1477 | AB39: 162 | AC39: 104 | AD39: 1211 | AE39: 719 | AF39: 63 | AG39: 15 | AH39: 641 | AI39: 425 | AJ39: 50 | AK39: 28 | AL39: 347 | AM39: 138 | AN39: 38 | AO39: 51 | AP39: 49 | AQ39: 0 | AR39: 0 | AS39: 0 | AT39: 0 | AU39: 195 | AV39: 11 | AW39: 10 | AX39: 174
A40: 南投縣 | B40: 計Total | C40: 903 | D40: 179 | E40: 139 | F40: 585 | G40: 244 | H40: 43 | I40: 9 | J40: 192 | K40: 301 | L40: 57 | M40: 33 | N40: 211 | O40: 175 | P40: 51 | Q40: 69 | R40: 55 | S40: 26 | T40: 8 | U40: 7 | V40: 11 | W40: 157 | X40: 20 | Y40: 21 | Z40: 116 | AA40: 2849 | AB40: 496 | AC40: 402 | AD40: 1951 | AE40: 766 | AF40: 118 | AG40: 24 | AH40: 624 | AI40: 1051 | AJ40: 158 | AK40: 111 | AL40: 782 | AM40: 455 | AN40: 129 | AO40: 174 | AP40: 152 | AQ40: 72 | AR40: 21 | AS40: 23 | AT40: 28 | AU40: 505 | AV40: 70 | AW40: 70 | AX40: 365
A41: Nantou County | B41: 男Male | C41: 504 | D41: 104 | E41: 86 | F41: 314 | G41: 110 | H41: 18 | I41: 5 | J41: 87 | K41: 159 | L41: 27 | M41: 17 | N41: 115 | O41: 132 | P41: 41 | Q41: 46 | R41: 45 | S41: 15 | T41: 7 | U41: 3 | V41: 5 | W41: 88 | X41: 11 | Y41: 15 | Z41: 62 | AA41: 1521 | AB41: 295 | AC41: 229 | AD41: 997 | AE41: 329 | AF41: 53 | AG41: 6 | AH41: 270 | AI41: 555 | AJ41: 82 | AK41: 55 | AL41: 418 | AM41: 327 | AN41: 101 | AO41: 111 | AP41: 115 | AQ41: 45 | AR41: 18 | AS41: 12 | AT41: 15 | AU41: 265 | AV41: 41 | AW41: 45 | AX41: 179
B42: 女Female | C42: 399 | D42: 75 | E42: 53 | F42: 271 | G42: 134 | H42: 25 | I42: 4 | J42: 105 | K42: 142 | L42: 30 | M42: 16 | N42: 96 | O42: 43 | P42: 10 | Q42: 23 | R42: 10 | S42: 11 | T42: 1 | U42: 4 | V42: 6 | W42: 69 | X42: 9 | Y42: 6 | Z42: 54 | AA42: 1328 | AB42: 201 | AC42: 173 | AD42: 954 | AE42: 437 | AF42: 65 | AG42: 18 | AH42: 354 | AI42: 496 | AJ42: 76 | AK42: 56 | AL42: 364 | AM42: 128 | AN42: 28 | AO42: 63 | AP42: 37 | AQ42: 27 | AR42: 3 | AS42: 11 | AT42: 13 | AU42: 240 | AV42: 29 | AW42: 25 | AX42: 186
A43: 雲林縣 | B43: 計Total | C43: 565 | D43: 67 | E43: 44 | F43: 454 | G43: 185 | H43: 24 | I43: 2 | J43: 159 | K43: 312 | L43: 23 | M43: 18 | N43: 271 | O43: 68 | P43: 20 | Q43: 24 | R43: 24 | S43: 0 | T43: 0 | U43: 0 | V43: 0 | W43: 0 | X43: 0 | Y43: 0 | Z43: 0 | AA43: 1507 | AB43: 186 | AC43: 96 | AD43: 1225 | AE43: 685 | AF43: 91 | AG43: 17 | AH43: 577 | AI43: 678 | AJ43: 46 | AK43: 30 | AL43: 602 | AM43: 144 | AN43: 49 | AO43: 49 | AP43: 46 | AQ43: 0 | AR43: 0 | AS43: 0 | AT43: 0 | AU43: 0 | AV43: 0 | AW43: 0 | AX43: 0
A44: Yunlin County | B44: 男Male | C44: 298 | D44: 33 | E44: 30 | F44: 235 | G44: 75 | H44: 7 | I44: 2 | J44: 66 | K44: 177 | L44: 14 | M44: 13 | N44: 150 | O44: 46 | P44: 12 | Q44: 15 | R44: 19 | S44: 0 | T44: 0 | U44: 0 | V44: 0 | W44: 0 | X44: 0 | Y44: 0 | Z44: 0 | AA44: 756 | AB44: 99 | AC44: 68 | AD44: 589 | AE44: 317 | AF44: 49 | AG44: 14 | AH44: 254 | AI44: 338 | AJ44: 22 | AK44: 21 | AL44: 295 | AM44: 101 | AN44: 28 | AO44: 33 | AP44: 40 | AQ44: 0 | AR44: 0 | AS44: 0 | AT44: 0 | AU44: 0 | AV44: 0 | AW44: 0 | AX44: 0
B45: 女Female | C45: 267 | D45: 34 | E45: 14 | F45: 219 | G45: 110 | H45: 17 | I45: 0 | J45: 93 | K45: 135 | L45: 9 | M45: 5 | N45: 121 | O45: 22 | P45: 8 | Q45: 9 | R45: 5 | S45: 0 | T45: 0 | U45: 0 | V45: 0 | W45: 0 | X45: 0 | Y45: 0 | Z45: 0 | AA45: 751 | AB45: 87 | AC45: 28 | AD45: 636 | AE45: 368 | AF45: 42 | AG45: 3 | AH45: 323 | AI45: 340 | AJ45: 24 | AK45: 9 | AL45: 307 | AM45: 43 | AN45: 21 | AO45: 16 | AP45: 6 | AQ45: 0 | AR45: 0 | AS45: 0 | AT45: 0 | AU45: 0 | AV45: 0 | AW45: 0 | AX45: 0
A46: 嘉義縣 | B46: 計Total | C46: 595 | D46: 85 | E46: 87 | F46: 423 | G46: 160 | H46: 13 | I46: 4 | J46: 143 | K46: 227 | L46: 35 | M46: 18 | N46: 174 | O46: 103 | P46: 27 | Q46: 49 | R46: 27 | S46: 1 | T46: 0 | U46: 1 | V46: 0 | W46: 104 | X46: 10 | Y46: 15 | Z46: 79 | AA46: 1839 | AB46: 267 | AC46: 299 | AD46: 1273 | AE46: 1069 | AF46: 137 | AG46: 53 | AH46: 879 | AI46: 246 | AJ46: 62 | AK46: 112 | AL46: 72 | AM46: 241 | AN46: 56 | AO46: 116 | AP46: 69 | AQ46: 3 | AR46: 1 | AS46: 1 | AT46: 1 | AU46: 280 | AV46: 11 | AW46: 17 | AX46: 252
A47: Chiayi County | B47: 男Male | C47: 315 | D47: 60 | E47: 53 | F47: 202 | G47: 66 | H47: 6 | I47: 1 | J47: 59 | K47: 124 | L47: 27 | M47: 9 | N47: 88 | O47: 66 | P47: 22 | Q47: 29 | R47: 15 | S47: 1 | T47: 0 | U47: 1 | V47: 0 | W47: 58 | X47: 5 | Y47: 13 | Z47: 40 | AA47: 1002 | AB47: 176 | AC47: 195 | AD47: 631 | AE47: 531 | AF47: 80 | AG47: 29 | AH47: 422 | AI47: 169 | AJ47: 46 | AK47: 75 | AL47: 48 | AM47: 170 | AN47: 43 | AO47: 81 | AP47: 46 | AQ47: 3 | AR47: 1 | AS47: 1 | AT47: 1 | AU47: 129 | AV47: 6 | AW47: 9 | AX47: 114
B48: 女Female | C48: 280 | D48: 25 | E48: 34 | F48: 221 | G48: 94 | H48: 7 | I48: 3 | J48: 84 | K48: 103 | L48: 8 | M48: 9 | N48: 86 | O48: 37 | P48: 5 | Q48: 20 | R48: 12 | S48: 0 | T48: 0 | U48: 0 | V48: 0 | W48: 46 | X48: 5 | Y48: 2 | Z48: 39 | AA48: 837 | AB48: 91 | AC48: 104 | AD48: 642 | AE48: 538 | AF48: 57 | AG48: 24 | AH48: 457 | AI48: 77 | AJ48: 16 | AK48: 37 | AL48: 24 | AM48: 71 | AN48: 13 | AO48: 35 | AP48: 23 | AQ48: 0 | AR48: 0 | AS48: 0 | AT48: 0 | AU48: 151 | AV48: 5 | AW48: 8 | AX48: 138
A49: 屏東縣 | B49: 計Total | C49: 728 | D49: 128 | E49: 90 | F49: 510 | G49: 303 | H49: 44 | I49: 10 | J49: 249 | K49: 242 | L49: 33 | M49: 33 | N49: 176 | O49: 91 | P49: 32 | Q49: 32 | R49: 27 | S49: 9 | T49: 1 | U49: 4 | V49: 4 | W49: 83 | X49: 18 | Y49: 11 | Z49: 54 | AA49: 1061 | AB49: 209 | AC49: 108 | AD49: 744 | AE49: 629 | AF49: 93 | AG49: 35 | AH49: 501 | AI49: 266 | AJ49: 52 | AK49: 27 | AL49: 187 | AM49: 124 | AN49: 53 | AO49: 38 | AP49: 33 | AQ49: 13 | AR49: 6 | AS49: 3 | AT49: 4 | AU49: 29 | AV49: 5 | AW49: 5 | AX49: 19
A50: Pingtung County | B50: 男Male | C50: 335 | D50: 73 | E50: 42 | F50: 220 | G50: 115 | H50: 17 | I50: 2 | J50: 96 | K50: 113 | L50: 19 | M50: 15 | N50: 79 | O50: 61 | P50: 26 | Q50: 19 | R50: 16 | S50: 4 | T50: 1 | U50: 1 | V50: 2 | W50: 42 | X50: 10 | Y50: 5 | Z50: 27 | AA50: 499 | AB50: 123 | AC50: 50 | AD50: 326 | AE50: 260 | AF50: 40 | AG50: 16 | AH50: 204 | AI50: 124 | AJ50: 29 | AK50: 8 | AL50: 87 | AM50: 85 | AN50: 44 | AO50: 22 | AP50: 19 | AQ50: 8 | AR50: 6 | AS50: 0 | AT50: 2 | AU50: 22 | AV50: 4 | AW50: 4 | AX50: 14
B51: 女Female | C51: 393 | D51: 55 | E51: 48 | F51: 290 | G51: 188 | H51: 27 | I51: 8 | J51: 153 | K51: 129 | L51: 14 | M51: 18 | N51: 97 | O51: 30 | P51: 6 | Q51: 13 | R51: 11 | S51: 5 | T51: 0 | U51: 3 | V51: 2 | W51: 41 | X51: 8 | Y51: 6 | Z51: 27 | AA51: 562 | AB51: 86 | AC51: 58 | AD51: 418 | AE51: 369 | AF51: 53 | AG51: 19 | AH51: 297 | AI51: 142 | AJ51: 23 | AK51: 19 | AL51: 100 | AM51: 39 | AN51: 9 | AO51: 16 | AP51: 14 | AQ51: 5 | AR51: 0 | AS51: 3 | AT51: 2 | AU51: 7 | AV51: 1 | AW51: 1 | AX51: 5
A52: 臺東縣 | B52: 計Total | C52: 620 | D52: 202 | E52: 62 | F52: 356 | G52: 184 | H52: 33 | I52: 4 | J52: 147 | K52: 202 | L52: 41 | M52: 20 | N52: 141 | O52: 99 | P52: 69 | Q52: 16 | R52: 14 | S52: 61 | T52: 29 | U52: 12 | V52: 20 | W52: 74 | X52: 30 | Y52: 10 | Z52: 34 | AA52: 1031 | AB52: 288 | AC52: 102 | AD52: 641 | AE52: 348 | AF52: 48 | AG52: 7 | AH52: 293 | AI52: 323 | AJ52: 58 | AK52: 31 | AL52: 234 | AM52: 149 | AN52: 90 | AO52: 36 | AP52: 23 | AQ52: 87 | AR52: 43 | AS52: 16 | AT52: 28 | AU52: 124 | AV52: 49 | AW52: 12 | AX52: 63
A53: Taitung County | B53: 男Male | C53: 339 | D53: 142 | E53: 38 | F53: 159 | G53: 78 | H53: 15 | I53: 1 | J53: 62 | K53: 94 | L53: 26 | M53: 11 | N53: 57 | O53: 77 | P53: 56 | Q53: 11 | R53: 10 | S53: 44 | T53: 25 | U53: 8 | V53: 11 | W53: 46 | X53: 20 | Y53: 7 | Z53: 19 | AA53: 511 | AB53: 188 | AC53: 59 | AD53: 264 | AE53: 130 | AF53: 20 | AG53: 1 | AH53: 109 | AI53: 151 | AJ53: 33 | AK53: 17 | AL53: 101 | AM53: 106 | AN53: 69 | AO53: 22 | AP53: 15 | AQ53: 59 | AR53: 36 | AS53: 11 | AT53: 12 | AU53: 65 | AV53: 30 | AW53: 8 | AX53: 27
B54: 女Female | C54: 281 | D54: 60 | E54: 24 | F54: 197 | G54: 106 | H54: 18 | I54: 3 | J54: 85 | K54: 108 | L54: 15 | M54: 9 | N54: 84 | O54: 22 | P54: 13 | Q54: 5 | R54: 4 | S54: 17 | T54: 4 | U54: 4 | V54: 9 | W54: 28 | X54: 10 | Y54: 3 | Z54: 15 | AA54: 520 | AB54: 100 | AC54: 43 | AD54: 377 | AE54: 218 | AF54: 28 | AG54: 6 | AH54: 184 | AI54: 172 | AJ54: 25 | AK54: 14 | AL54: 133 | AM54: 43 | AN54: 21 | AO54: 14 | AP54: 8 | AQ54: 28 | AR54: 7 | AS54: 5 | AT54: 16 | AU54: 59 | AV54: 19 | AW54: 4 | AX54: 36
A55: 花蓮縣 | B55: 計Total | C55: 1004 | D55: 234 | E55: 138 | F55: 632 | G55: 222 | H55: 29 | I55: 5 | J55: 188 | K55: 340 | L55: 53 | M55: 38 | N55: 249 | O55: 196 | P55: 84 | Q55: 50 | R55: 62 | S55: 88 | T55: 33 | U55: 20 | V55: 35 | W55: 158 | X55: 35 | Y55: 25 | Z55: 98 | AA55: 2988 | AB55: 625 | AC55: 478 | AD55: 1885 | AE55: 929 | AF55: 134 | AG55: 94 | AH55: 701 | AI55: 887 | AJ55: 136 | AK55: 135 | AL55: 616 | AM55: 404 | AN55: 159 | AO55: 127 | AP55: 118 | AQ55: 518 | AR55: 159 | AS55: 96 | AT55: 263 | AU55: 250 | AV55: 37 | AW55: 26 | AX55: 187
A56: Hualien County | B56: 男Male | C56: 522 | D56: 147 | E56: 74 | F56: 301 | G56: 96 | H56: 14 | I56: 2 | J56: 80 | K56: 178 | L56: 30 | M56: 19 | N56: 129 | O56: 132 | P56: 59 | Q56: 33 | R56: 40 | S56: 57 | T56: 24 | U56: 13 | V56: 20 | W56: 59 | X56: 20 | Y56: 7 | Z56: 32 | AA56: 1405 | AB56: 381 | AC56: 219 | AD56: 805 | AE56: 356 | AF56: 67 | AG56: 24 | AH56: 265 | AI56: 407 | AJ56: 72 | AK56: 59 | AL56: 276 | AM56: 261 | AN56: 111 | AO56: 76 | AP56: 74 | AQ56: 282 | AR56: 114 | AS56: 52 | AT56: 116 | AU56: 99 | AV56: 17 | AW56: 8 | AX56: 74
B57: 女Female | C57: 482 | D57: 87 | E57: 64 | F57: 331 | G57: 126 | H57: 15 | I57: 3 | J57: 108 | K57: 162 | L57: 23 | M57: 19 | N57: 120 | O57: 64 | P57: 25 | Q57: 17 | R57: 22 | S57: 31 | T57: 9 | U57: 7 | V57: 15 | W57: 99 | X57: 15 | Y57: 18 | Z57: 66 | AA57: 1583 | AB57: 244 | AC57: 259 | AD57: 1080 | AE57: 573 | AF57: 67 | AG57: 70 | AH57: 436 | AI57: 480 | AJ57: 64 | AK57: 76 | AL57: 340 | AM57: 143 | AN57: 48 | AO57: 51 | AP57: 44 | AQ57: 236 | AR57: 45 | AS57: 44 | AT57: 147 | AU57: 151 | AV57: 20 | AW57: 18 | AX57: 113
A58: 澎湖縣 | B58: 計Total | C58: 172 | D58: 18 | E58: 14 | F58: 140 | G58: 64 | H58: 3 | I58: 0 | J58: 61 | K58: 71 | L58: 6 | M58: 3 | N58: 62 | O58: 24 | P58: 8 | Q58: 9 | R58: 7 | S58: 1 | T58: 1 | U58: 0 | V58: 0 | W58: 12 | X58: 0 | Y58: 2 | Z58: 10 | AA58: 496 | AB58: 41 | AC58: 40 | AD58: 415 | AE58: 221 | AF58: 12 | AG58: 1 | AH58: 208 | AI58: 170 | AJ58: 11 | AK58: 10 | AL58: 149 | AM58: 45 | AN58: 11 | AO58: 20 | AP58: 14 | AQ58: 1 | AR58: 1 | AS58: 0 | AT58: 0 | AU58: 59 | AV58: 6 | AW58: 9 | AX58: 44
A59: Penghu County | B59: 男Male | C59: 64 | D59: 9 | E59: 9 | F59: 46 | G59: 15 | H59: 0 | I59: 0 | J59: 15 | K59: 31 | L59: 3 | M59: 3 | N59: 25 | O59: 16 | P59: 6 | Q59: 6 | R59: 4 | S59: 0 | T59: 0 | U59: 0 | V59: 0 | W59: 2 | X59: 0 | Y59: 0 | Z59: 2 | AA59: 193 | AB59: 20 | AC59: 25 | AD59: 148 | AE59: 68 | AF59: 2 | AG59: 1 | AH59: 65 | AI59: 77 | AJ59: 6 | AK59: 8 | AL59: 63 | AM59: 27 | AN59: 8 | AO59: 12 | AP59: 7 | AQ59: 0 | AR59: 0 | AS59: 0 | AT59: 0 | AU59: 21 | AV59: 4 | AW59: 4 | AX59: 13
B60: 女Female | C60: 108 | D60: 9 | E60: 5 | F60: 94 | G60: 49 | H60: 3 | I60: 0 | J60: 46 | K60: 40 | L60: 3 | M60: 0 | N60: 37 | O60: 8 | P60: 2 | Q60: 3 | R60: 3 | S60: 1 | T60: 1 | U60: 0 | V60: 0 | W60: 10 | X60: 0 | Y60: 2 | Z60: 8 | AA60: 303 | AB60: 21 | AC60: 15 | AD60: 267 | AE60: 153 | AF60: 10 | AG60: 0 | AH60: 143 | AI60: 93 | AJ60: 5 | AK60: 2 | AL60: 86 | AM60: 18 | AN60: 3 | AO60: 8 | AP60: 7 | AQ60: 1 | AR60: 1 | AS60: 0 | AT60: 0 | AU60: 38 | AV60: 2 | AW60: 5 | AX60: 31
A61: 基隆市 | B61: 計Total | C61: 327 | D61: 37 | E61: 58 | F61: 232 | G61: 77 | H61: 6 | I61: 3 | J61: 68 | K61: 132 | L61: 11 | M61: 22 | N61: 99 | O61: 67 | P61: 12 | Q61: 26 | R61: 29 | S61: 1 | T61: 0 | U61: 0 | V61: 1 | W61: 50 | X61: 8 | Y61: 7 | Z61: 35 | AA61: 327 | AB61: 37 | AC61: 58 | AD61: 232 | AE61: 77 | AF61: 6 | AG61: 3 | AH61: 68 | AI61: 132 | AJ61: 11 | AK61: 22 | AL61: 99 | AM61: 67 | AN61: 12 | AO61: 26 | AP61: 29 | AQ61: 1 | AR61: 0 | AS61: 0 | AT61: 1 | AU61: 50 | AV61: 8 | AW61: 7 | AX61: 35
A62: Keelung City | B62: 男Male | C62: 159 | D62: 22 | E62: 30 | F62: 107 | G62: 31 | H62: 4 | I62: 1 | J62: 26 | K62: 61 | L62: 5 | M62: 12 | N62: 44 | O62: 46 | P62: 8 | Q62: 15 | R62: 23 | S62: 0 | T62: 0 | U62: 0 | V62: 0 | W62: 21 | X62: 5 | Y62: 2 | Z62: 14 | AA62: 159 | AB62: 22 | AC62: 30 | AD62: 107 | AE62: 31 | AF62: 4 | AG62: 1 | AH62: 26 | AI62: 61 | AJ62: 5 | AK62: 12 | AL62: 44 | AM62: 46 | AN62: 8 | AO62: 15 | AP62: 23 | AQ62: 0 | AR62: 0 | AS62: 0 | AT62: 0 | AU62: 21 | AV62: 5 | AW62: 2 | AX62: 14
B63: 女Female | C63: 168 | D63: 15 | E63: 28 | F63: 125 | G63: 46 | H63: 2 | I63: 2 | J63: 42 | K63: 71 | L63: 6 | M63: 10 | N63: 55 | O63: 21 | P63: 4 | Q63: 11 | R63: 6 | S63: 1 | T63: 0 | U63: 0 | V63: 1 | W63: 29 | X63: 3 | Y63: 5 | Z63: 21 | AA63: 168 | AB63: 15 | AC63: 28 | AD63: 125 | AE63: 46 | AF63: 2 | AG63: 2 | AH63: 42 | AI63: 71 | AJ63: 6 | AK63: 10 | AL63: 55 | AM63: 21 | AN63: 4 | AO63: 11 | AP63: 6 | AQ63: 1 | AR63: 0 | AS63: 0 | AT63: 1 | AU63: 29 | AV63: 3 | AW63: 5 | AX63: 21
A64: 新竹市 | B64: 計Total | C64: 654 | D64: 38 | E64: 57 | F64: 559 | G64: 187 | H64: 2 | I64: 4 | J64: 181 | K64: 273 | L64: 14 | M64: 23 | N64: 236 | O64: 73 | P64: 14 | Q64: 19 | R64: 40 | S64: 1 | T64: 0 | U64: 0 | V64: 1 | W64: 120 | X64: 8 | Y64: 11 | Z64: 101 | AA64: 1931 | AB64: 133 | AC64: 156 | AD64: 1642 | AE64: 610 | AF64: 21 | AG64: 10 | AH64: 579 | AI64: 732 | AJ64: 48 | AK64: 70 | AL64: 614 | AM64: 172 | AN64: 34 | AO64: 39 | AP64: 99 | AQ64: 1 | AR64: 0 | AS64: 0 | AT64: 1 | AU64: 416 | AV64: 30 | AW64: 37 | AX64: 349
A65: Hsinchu City | B65: 男Male | C65: 309 | D65: 17 | E65: 28 | F65: 264 | G65: 74 | H65: 0 | I65: 1 | J65: 73 | K65: 136 | L65: 6 | M65: 12 | N65: 118 | O65: 44 | P65: 10 | Q65: 11 | R65: 23 | S65: 1 | T65: 0 | U65: 0 | V65: 1 | W65: 54 | X65: 1 | Y65: 4 | Z65: 49 | AA65: 876 | AB65: 65 | AC65: 83 | AD65: 728 | AE65: 236 | AF65: 4 | AG65: 6 | AH65: 226 | AI65: 365 | AJ65: 24 | AK65: 38 | AL65: 303 | AM65: 109 | AN65: 26 | AO65: 25 | AP65: 58 | AQ65: 1 | AR65: 0 | AS65: 0 | AT65: 1 | AU65: 165 | AV65: 11 | AW65: 14 | AX65: 140
B66: 女Female | C66: 345 | D66: 21 | E66: 29 | F66: 295 | G66: 113 | H66: 2 | I66: 3 | J66: 108 | K66: 137 | L66: 8 | M66: 11 | N66: 118 | O66: 29 | P66: 4 | Q66: 8 | R66: 17 | S66: 0 | T66: 0 | U66: 0 | V66: 0 | W66: 66 | X66: 7 | Y66: 7 | Z66: 52 | AA66: 1055 | AB66: 68 | AC66: 73 | AD66: 914 | AE66: 374 | AF66: 17 | AG66: 4 | AH66: 353 | AI66: 367 | AJ66: 24 | AK66: 32 | AL66: 311 | AM66: 63 | AN66: 8 | AO66: 14 | AP66: 41 | AQ66: 0 | AR66: 0 | AS66: 0 | AT66: 0 | AU66: 251 | AV66: 19 | AW66: 23 | AX66: 209
A67: 嘉義市 | B67: 計Total | C67: 262 | D67: 50 | E67: 29 | F67: 183 | G67: 105 | H67: 14 | I67: 2 | J67: 89 | K67: 74 | L67: 12 | M67: 10 | N67: 52 | O67: 32 | P67: 12 | Q67: 10 | R67: 10 | S67: 0 | T67: 0 | U67: 0 | V67: 0 | W67: 51 | X67: 12 | Y67: 7 | Z67: 32 | AA67: 262 | AB67: 50 | AC67: 29 | AD67: 183 | AE67: 105 | AF67: 14 | AG67: 2 | AH67: 89 | AI67: 74 | AJ67: 12 | AK67: 10 | AL67: 52 | AM67: 32 | AN67: 12 | AO67: 10 | AP67: 10 | AQ67: 0 | AR67: 0 | AS67: 0 | AT67: 0 | AU67: 51 | AV67: 12 | AW67: 7 | AX67: 32
A68: Chiayi City | B68: 男Male | C68: 125 | D68: 21 | E68: 17 | F68: 87 | G68: 43 | H68: 3 | I68: 1 | J68: 39 | K68: 41 | L68: 4 | M68: 8 | N68: 29 | O68: 20 | P68: 8 | Q68: 5 | R68: 7 | S68: 0 | T68: 0 | U68: 0 | V68: 0 | W68: 21 | X68: 6 | Y68: 3 | Z68: 12 | AA68: 125 | AB68: 21 | AC68: 17 | AD68: 87 | AE68: 43 | AF68: 3 | AG68: 1 | AH68: 39 | AI68: 41 | AJ68: 4 | AK68: 8 | AL68: 29 | AM68: 20 | AN68: 8 | AO68: 5 | AP68: 7 | AQ68: 0 | AR68: 0 | AS68: 0 | AT68: 0 | AU68: 21 | AV68: 6 | AW68: 3 | AX68: 12
B69: 女Female | C69: 137 | D69: 29 | E69: 12 | F69: 96 | G69: 62 | H69: 11 | I69: 1 | J69: 50 | K69: 33 | L69: 8 | M69: 2 | N69: 23 | O69: 12 | P69: 4 | Q69: 5 | R69: 3 | S69: 0 | T69: 0 | U69: 0 | V69: 0 | W69: 30 | X69: 6 | Y69: 4 | Z69: 20 | AA69: 137 | AB69: 29 | AC69: 12 | AD69: 96 | AE69: 62 | AF69: 11 | AG69: 1 | AH69: 50 | AI69: 33 | AJ69: 8 | AK69: 2 | AL69: 23 | AM69: 12 | AN69: 4 | AO69: 5 | AP69: 3 | AQ69: 0 | AR69: 0 | AS69: 0 | AT69: 0 | AU69: 30 | AV69: 6 | AW69: 4 | AX69: 20
A70: 金門縣 | B70: 計Total | C70: 202 | D70: 5 | E70: 3 | F70: 194 | G70: 65 | H70: 0 | I70: 0 | J70: 65 | K70: 79 | L70: 1 | M70: 0 | N70: 78 | O70: 30 | P70: 1 | Q70: 2 | R70: 27 | S70: 0 | T70: 0 | U70: 0 | V70: 0 | W70: 28 | X70: 3 | Y70: 1 | Z70: 24 | AA70: 486 | AB70: 9 | AC70: 10 | AD70: 467 | AE70: 170 | AF70: 0 | AG70: 0 | AH70: 170 | AI70: 203 | AJ70: 2 | AK70: 1 | AL70: 200 | AM70: 63 | AN70: 6 | AO70: 8 | AP70: 49 | AQ70: 0 | AR70: 0 | AS70: 0 | AT70: 0 | AU70: 50 | AV70: 1 | AW70: 1 | AX70: 48
A71: Kinmen County | B71: 男Male | C71: 94 | D71: 3 | E71: 2 | F71: 89 | G71: 22 | H71: 0 | I71: 0 | J71: 22 | K71: 37 | L71: 0 | M71: 0 | N71: 37 | O71: 23 | P71: 1 | Q71: 2 | R71: 20 | S71: 0 | T71: 0 | U71: 0 | V71: 0 | W71: 12 | X71: 2 | Y71: 0 | Z71: 10 | AA71: 236 | AB71: 6 | AC71: 7 | AD71: 223 | AE71: 69 | AF71: 0 | AG71: 0 | AH71: 69 | AI71: 100 | AJ71: 1 | AK71: 0 | AL71: 99 | AM71: 45 | AN71: 5 | AO71: 7 | AP71: 33 | AQ71: 0 | AR71: 0 | AS71: 0 | AT71: 0 | AU71: 22 | AV71: 0 | AW71: 0 | AX71: 22
B72: 女Female | C72: 108 | D72: 2 | E72: 1 | F72: 105 | G72: 43 | H72: 0 | I72: 0 | J72: 43 | K72: 42 | L72: 1 | M72: 0 | N72: 41 | O72: 7 | P72: 0 | Q72: 0 | R72: 7 | S72: 0 | T72: 0 | U72: 0 | V72: 0 | W72: 16 | X72: 1 | Y72: 1 | Z72: 14 | AA72: 250 | AB72: 3 | AC72: 3 | AD72: 244 | AE72: 101 | AF72: 0 | AG72: 0 | AH72: 101 | AI72: 103 | AJ72: 1 | AK72: 1 | AL72: 101 | AM72: 18 | AN72: 1 | AO72: 1 | AP72: 16 | AQ72: 0 | AR72: 0 | AS72: 0 | AT72: 0 | AU72: 28 | AV72: 1 | AW72: 1 | AX72: 26
A73: 連江縣 | B73: 計Total | C73: 6 | D73: 1 | E73: 0 | F73: 5 | G73: 1 | H73: 0 | I73: 0 | J73: 1 | K73: 1 | L73: 0 | M73: 0 | N73: 1 | O73: 1 | P73: 0 | Q73: 0 | R73: 1 | S73: 0 | T73: 0 | U73: 0 | V73: 0 | W73: 3 | X73: 1 | Y73: 0 | Z73: 2 | AA73: 13 | AB73: 1 | AC73: 1 | AD73: 11 | AE73: 4 | AF73: 0 | AG73: 0 | AH73: 4 | AI73: 3 | AJ73: 0 | AK73: 0 | AL73: 3 | AM73: 2 | AN73: 0 | AO73: 1 | AP73: 1 | AQ73: 0 | AR73: 0 | AS73: 0 | AT73: 0 | AU73: 4 | AV73: 1 | AW73: 0 | AX73: 3
A74: Lienchiang County | B74: 男Male | C74: 2 | D74: 1 | E74: 0 | F74: 1 | G74: 0 | H74: 0 | I74: 0 | J74: 0 | K74: 0 | L74: 0 | M74: 0 | N74: 0 | O74: 0 | P74: 0 | Q74: 0 | R74: 0 | S74: 0 | T74: 0 | U74: 0 | V74: 0 | W74: 2 | X74: 1 | Y74: 0 | Z74: 1 | AA74: 6 | AB74: 1 | AC74: 1 | AD74: 4 | AE74: 1 | AF74: 0 | AG74: 0 | AH74: 1 | AI74: 1 | AJ74: 0 | AK74: 0 | AL74: 1 | AM74: 1 | AN74: 0 | AO74: 1 | AP74: 0 | AQ74: 0 | AR74: 0 | AS74: 0 | AT74: 0 | AU74: 3 | AV74: 1 | AW74: 0 | AX74: 2
B75: 女Female | C75: 4 | D75: 0 | E75: 0 | F75: 4 | G75: 1 | H75: 0 | I75: 0 | J75: 1 | K75: 1 | L75: 0 | M75: 0 | N75: 1 | O75: 1 | P75: 0 | Q75: 0 | R75: 1 | S75: 0 | T75: 0 | U75: 0 | V75: 0 | W75: 1 | X75: 0 | Y75: 0 | Z75: 1 | AA75: 7 | AB75: 0 | AC75: 0 | AD75: 7 | AE75: 3 | AF75: 0 | AG75: 0 | AH75: 3 | AI75: 2 | AJ75: 0 | AK75: 0 | AL75: 2 | AM75: 1 | AN75: 0 | AO75: 0 | AP75: 1 | AQ75: 0 | AR75: 0 | AS75: 0 | AT75: 0 | AU75: 1 | AV75: 0 | AW75: 0 | AX75: 1
A76: 資料來源：直轄市、縣﹝市﹞政府。
A77: 備註：「服務個案人數」中個案具有多重身分時，認定優先順序，依序為『50歲以上失智者』、『55-64歲原住民』、『65歲以下領有身心障礙證明者』、『65歲以上領有身心障礙證明者』、『65歲以上老人(含IADLs失能且獨居老人)』。
A78: Source: County and Government.
A80: 更新日期：2021/6/30

Sheet 108
A1: 長期照顧十年計畫－交通接送服務 Achievements of Ten-year Long Term Care Program by Transportation Pick-up Services
A2: 民國108年, 2019 | C2: =IF(C7=SUM(C10,C13,C16,C19,C22,C25,C28,C31,C34,C37,C40,C43,C46,C49,C52,C55,C58,C61,C64,C67,C70,C73),"","*") | D2: =IF(D7=SUM(D10,D13,D16,D19,D22,D25,D28,D31,D34,D37,D40,D43,D46,D49,D52,D55,D58,D61,D64,D67,D70,D73),"","*") | E2: =IF(E7=SUM(E10,E13,E16,E19,E22,E25,E28,E31,E34,E37,E40,E43,E46,E49,E52,E55,E58,E61,E64,E67,E70,E73),"","*") | F2: =IF(F7=SUM(F10,F13,F16,F19,F22,F25,F28,F31,F34,F37,F40,F43,F46,F49,F52,F55,F58,F61,F64,F67,F70,F73),"","*") | G2: =IF(G7=SUM(G10,G13,G16,G19,G22,G25,G28,G31,G34,G37,G40,G43,G46,G49,G52,G55,G58,G61,G64,G67,G70,G73),"","*") | H2: =IF(H7=SUM(H10,H13,H16,H19,H22,H25,H28,H31,H34,H37,H40,H43,H46,H49,H52,H55,H58,H61,H64,H67,H70,H73),"","*") | I2: =IF(I7=SUM(I10,I13,I16,I19,I22,I25,I28,I31,I34,I37,I40,I43,I46,I49,I52,I55,I58,I61,I64,I67,I70,I73),"","*") | J2: =IF(J7=SUM(J10,J13,J16,J19,J22,J25,J28,J31,J34,J37,J40,J43,J46,J49,J52,J55,J58,J61,J64,J67,J70,J73),"","*") | ... AX2: =IF(AX7=SUM(AX10,AX13,AX16,AX19,AX22,AX25,AX28,AX31,AX34,AX37,AX40,AX43,AX46,AX49,AX52,AX55,AX58,AX61,AX64,AX67,AX70,AX73),"","*")
A3: 區域別 Locality | C3: 期底服務個案人數 Persons Served | AA3: 本期服務個案人數 Persons Served
C4: 總計 | G4: 65歲以上老人 (含IADLs失能且獨居之老人) | K4: 65歲以上 領有身心障礙證明者 | O4: 64歲以下 領有身心障礙證明者 | S4: 55-64歲原住民 | W4: 50歲以上失智症者 | AA4: 總計 | AE4: 65歲以上老人 (含IADLs失能且獨居之老人) | AI4: 65歲以上 領有身心障礙證明者 | AM4: 64歲以下 領有身心障礙證明者 | AQ4: 55-64歲原住民 | AU4: 50歲以上失智症者
C5: 合計 | D5: 長照低收入戶 | E5: 長照中低收入戶 | F5: 長照一般戶 | G5: 合計 | H5: 長照低收入戶 | I5: 長照中低收入戶 | J5: 長照一般戶 | K5: 合計 | L5: 長照低收入戶 | M5: 長照中低收入戶 | N5: 長照一般戶 | O5: 合計 | P5: 長照低收入戶 | Q5: 長照中低收入戶 | R5: 長照一般戶 | S5: 合計 | T5: 長照低收入戶 | U5: 長照中低收入戶 | V5: 長照一般戶 | W5: 合計 | X5: 長照低收入戶 | Y5: 長照中低收入戶 | Z5: 長照一般戶 | AA5: 合計 | AB5: 長照低收入戶 | AC5: 長照中低收入戶 | AD5: 長照一般戶 | AE5: 合計 | AF5: 長照低收入戶 | AG5: 長照中低收入戶 | AH5: 長照一般戶 | AI5: 合計 | AJ5: 長照低收入戶 | AK5: 長照中低收入戶 | AL5: 長照一般戶 | AM5: 合計 | AN5: 長照低收入戶 | AO5: 長照中低收入戶 | AP5: 長照一般戶 | AQ5: 合計 | AR5: 長照低收入戶 | AS5: 長照中低收入戶 | AT5: 長照一般戶 | AU5: 合計 | AV5: 長照低收入戶 | AW5: 長照中低收入戶 | AX5: 長照一般戶
A7: 總計 | B7: 計Total | C7: 19493 | D7: 2849 | E7: 1965 | F7: 14679 | G7: 6050 | H7: 711 | I7: 254 | J7: 5085 | K7: 7379 | L7: 816 | M7: 555 | N7: 6008 | O7: 3100 | P7: 823 | Q7: 838 | R7: 1439 | S7: 247 | T7: 94 | U7: 64 | V7: 89 | W7: 2717 | X7: 405 | Y7: 254 | Z7: 2058 | AA7: 53367 | AB7: 7579 | AC7: 5355 | AD7: 40433 | AE7: 18265 | AF7: 2091 | AG7: 881 | AH7: 15293 | AI7: 18783 | AJ7: 2197 | AK7: 1358 | AL7: 15228 | AM7: 7842 | AN7: 1941 | AO7: 2306 | AP7: 3595 | AQ7: 587 | AR7: 238 | AS7: 159 | AT7: 190 | AU7: 7890 | AV7: 1112 | AW7: 651 | AX7: 6127
A8: Total | B8: 男Male | C8: 10008 | D8: 1549 | E8: 1119 | F8: 7340 | G8: 2705 | H8: 319 | I8: 117 | J8: 2269 | K8: 3847 | L8: 396 | M8: 305 | N8: 3146 | O8: 2011 | P8: 560 | Q8: 520 | R8: 931 | S8: 152 | T8: 68 | U8: 31 | V8: 53 | W8: 1293 | X8: 206 | Y8: 146 | Z8: 941 | AA8: 26274 | AB8: 4039 | AC8: 2960 | AD8: 19275 | AE8: 7971 | AF8: 959 | AG8: 436 | AH8: 6576 | AI8: 9426 | AJ8: 1057 | AK8: 710 | AL8: 7659 | AM8: 4893 | AN8: 1294 | AO8: 1385 | AP8: 2214 | AQ8: 374 | AR8: 170 | AS8: 94 | AT8: 110 | AU8: 3610 | AV8: 559 | AW8: 335 | AX8: 2716
B9: 女Female | C9: 9485 | D9: 1300 | E9: 846 | F9: 7339 | G9: 3345 | H9: 392 | I9: 137 | J9: 2816 | K9: 3532 | L9: 420 | M9: 250 | N9: 2862 | O9: 1089 | P9: 263 | Q9: 318 | R9: 508 | S9: 95 | T9: 26 | U9: 33 | V9: 36 | W9: 1424 | X9: 199 | Y9: 108 | Z9: 1117 | AA9: 27093 | AB9: 3540 | AC9: 2395 | AD9: 21158 | AE9: 10294 | AF9: 1132 | AG9: 445 | AH9: 8717 | AI9: 9357 | AJ9: 1140 | AK9: 648 | AL9: 7569 | AM9: 2949 | AN9: 647 | AO9: 921 | AP9: 1381 | AQ9: 213 | AR9: 68 | AS9: 65 | AT9: 80 | AU9: 4280 | AV9: 553 | AW9: 316 | AX9: 3411
A10: 新 北 市 | B10: 計Total | C10: 2370 | D10: 225 | E10: 212 | F10: 1933 | G10: 907 | H10: 49 | I10: 7 | J10: 851 | K10: 685 | L10: 51 | M10: 52 | N10: 582 | O10: 420 | P10: 79 | Q10: 125 | R10: 216 | S10: 2 | T10: 0 | U10: 0 | V10: 2 | W10: 356 | X10: 46 | Y10: 28 | Z10: 282 | AA10: 9163 | AB10: 789 | AC10: 761 | AD10: 7613 | AE10: 3233 | AF10: 165 | AG10: 24 | AH10: 3044 | AI10: 3064 | AJ10: 217 | AK10: 217 | AL10: 2630 | AM10: 1368 | AN10: 244 | AO10: 418 | AP10: 706 | AQ10: 6 | AR10: 0 | AS10: 2 | AT10: 4 | AU10: 1492 | AV10: 163 | AW10: 100 | AX10: 1229
A11: New Taipei City | B11: 男Male | C11: 1299 | D11: 114 | E11: 131 | F11: 1054 | G11: 433 | H11: 18 | I11: 3 | J11: 412 | K11: 419 | L11: 28 | M11: 33 | N11: 358 | O11: 271 | P11: 49 | Q11: 81 | R11: 141 | S11: 0 | T11: 0 | U11: 0 | V11: 0 | W11: 176 | X11: 19 | Y11: 14 | Z11: 143 | AA11: 4473 | AB11: 393 | AC11: 412 | AD11: 3668 | AE11: 1365 | AF11: 60 | AG11: 5 | AH11: 1300 | AI11: 1601 | AJ11: 116 | AK11: 109 | AL11: 1376 | AM11: 836 | AN11: 152 | AO11: 251 | AP11: 433 | AQ11: 1 | AR11: 0 | AS11: 0 | AT11: 1 | AU11: 670 | AV11: 65 | AW11: 47 | AX11: 558
B12: 女Female | C12: 1071 | D12: 111 | E12: 81 | F12: 879 | G12: 474 | H12: 31 | I12: 4 | J12: 439 | K12: 266 | L12: 23 | M12: 19 | N12: 224 | O12: 149 | P12: 30 | Q12: 44 | R12: 75 | S12: 2 | T12: 0 | U12: 0 | V12: 2 | W12: 180 | X12: 27 | Y12: 14 | Z12: 139 | AA12: 4690 | AB12: 396 | AC12: 349 | AD12: 3945 | AE12: 1868 | AF12: 105 | AG12: 19 | AH12: 1744 | AI12: 1463 | AJ12: 101 | AK12: 108 | AL12: 1254 | AM12: 532 | AN12: 92 | AO12: 167 | AP12: 273 | AQ12: 5 | AR12: 0 | AS12: 2 | AT12: 3 | AU12: 822 | AV12: 98 | AW12: 53 | AX12: 671
A13: 臺 北 市 | B13: 計Total | C13: 1400 | D13: 128 | E13: 23 | F13: 1249 | G13: 434 | H13: 33 | I13: 3 | J13: 398 | K13: 578 | L13: 40 | M13: 12 | N13: 526 | O13: 91 | P13: 21 | Q13: 6 | R13: 64 | S13: 2 | T13: 0 | U13: 0 | V13: 2 | W13: 295 | X13: 34 | Y13: 2 | Z13: 259 | AA13: 4267 | AB13: 366 | AC13: 78 | AD13: 3823 | AE13: 1304 | AF13: 83 | AG13: 7 | AH13: 1214 | AI13: 1768 | AJ13: 136 | AK13: 37 | AL13: 1595 | AM13: 240 | AN13: 56 | AO13: 20 | AP13: 164 | AQ13: 3 | AR13: 0 | AS13: 0 | AT13: 3 | AU13: 952 | AV13: 91 | AW13: 14 | AX13: 847
A14: Taipei City | B14: 男Male | C14: 621 | D14: 57 | E14: 11 | F14: 553 | G14: 169 | H14: 13 | I14: 0 | J14: 156 | K14: 272 | L14: 13 | M14: 5 | N14: 254 | O14: 53 | P14: 15 | Q14: 5 | R14: 33 | S14: 1 | T14: 0 | U14: 0 | V14: 1 | W14: 126 | X14: 16 | Y14: 1 | Z14: 109 | AA14: 1853 | AB14: 159 | AC14: 34 | AD14: 1660 | AE14: 527 | AF14: 32 | AG14: 1 | AH14: 494 | AI14: 820 | AJ14: 51 | AK14: 14 | AL14: 755 | AM14: 127 | AN14: 33 | AO14: 13 | AP14: 81 | AQ14: 1 | AR14: 0 | AS14: 0 | AT14: 1 | AU14: 378 | AV14: 43 | AW14: 6 | AX14: 329
B15: 女Female | C15: 779 | D15: 71 | E15: 12 | F15: 696 | G15: 265 | H15: 20 | I15: 3 | J15: 242 | K15: 306 | L15: 27 | M15: 7 | N15: 272 | O15: 38 | P15: 6 | Q15: 1 | R15: 31 | S15: 1 | T15: 0 | U15: 0 | V15: 1 | W15: 169 | X15: 18 | Y15: 1 | Z15: 150 | AA15: 2414 | AB15: 207 | AC15: 44 | AD15: 2163 | AE15: 777 | AF15: 51 | AG15: 6 | AH15: 720 | AI15: 948 | AJ15: 85 | AK15: 23 | AL15: 840 | AM15: 113 | AN15: 23 | AO15: 7 | AP15: 83 | AQ15: 2 | AR15: 0 | AS15: 0 | AT15: 2 | AU15: 574 | AV15: 48 | AW15: 8 | AX15: 518
A16: 桃 園 市 | B16: 計Total | C16: 604 | D16: 72 | E16: 62 | F16: 470 | G16: 220 | H16: 27 | I16: 4 | J16: 189 | K16: 215 | L16: 22 | M16: 12 | N16: 181 | O16: 85 | P16: 14 | Q16: 33 | R16: 38 | S16: 2 | T16: 1 | U16: 1 | V16: 0 | W16: 82 | X16: 8 | Y16: 12 | Z16: 62 | AA16: 1911 | AB16: 251 | AC16: 203 | AD16: 1457 | AE16: 642 | AF16: 71 | AG16: 16 | AH16: 555 | AI16: 744 | AJ16: 93 | AK16: 55 | AL16: 596 | AM16: 234 | AN16: 51 | AO16: 93 | AP16: 90 | AQ16: 10 | AR16: 4 | AS16: 5 | AT16: 1 | AU16: 281 | AV16: 32 | AW16: 34 | AX16: 215
A17: Taoyuan City | B17: 男Male | C17: 316 | D17: 38 | E17: 36 | F17: 242 | G17: 105 | H17: 15 | I17: 3 | J17: 87 | K17: 110 | L17: 8 | M17: 7 | N17: 95 | O17: 51 | P17: 9 | Q17: 18 | R17: 24 | S17: 0 | T17: 0 | U17: 0 | V17: 0 | W17: 50 | X17: 6 | Y17: 8 | Z17: 36 | AA17: 951 | AB17: 120 | AC17: 105 | AD17: 726 | AE17: 297 | AF17: 30 | AG17: 10 | AH17: 257 | AI17: 358 | AJ17: 38 | AK17: 27 | AL17: 293 | AM17: 139 | AN17: 36 | AO17: 46 | AP17: 57 | AQ17: 2 | AR17: 1 | AS17: 1 | AT17: 0 | AU17: 155 | AV17: 15 | AW17: 21 | AX17: 119
B18: 女Female | C18: 288 | D18: 34 | E18: 26 | F18: 228 | G18: 115 | H18: 12 | I18: 1 | J18: 102 | K18: 105 | L18: 14 | M18: 5 | N18: 86 | O18: 34 | P18: 5 | Q18: 15 | R18: 14 | S18: 2 | T18: 1 | U18: 1 | V18: 0 | W18: 32 | X18: 2 | Y18: 4 | Z18: 26 | AA18: 960 | AB18: 131 | AC18: 98 | AD18: 731 | AE18: 345 | AF18: 41 | AG18: 6 | AH18: 298 | AI18: 386 | AJ18: 55 | AK18: 28 | AL18: 303 | AM18: 95 | AN18: 15 | AO18: 47 | AP18: 33 | AQ18: 8 | AR18: 3 | AS18: 4 | AT18: 1 | AU18: 126 | AV18: 17 | AW18: 13 | AX18: 96
A19: 臺 中 市 | B19: 計Total | C19: 2412 | D19: 646 | E19: 146 | F19: 1620 | G19: 745 | H19: 120 | I19: 13 | J19: 612 | K19: 859 | L19: 198 | M19: 49 | N19: 612 | O19: 467 | P19: 242 | Q19: 61 | R19: 164 | S19: 11 | T19: 6 | U19: 0 | V19: 5 | W19: 330 | X19: 80 | Y19: 23 | Z19: 227 | AA19: 5344 | AB19: 1278 | AC19: 294 | AD19: 3772 | AE19: 1630 | AF19: 242 | AG19: 28 | AH19: 1360 | AI19: 1947 | AJ19: 427 | AK19: 97 | AL19: 1423 | AM19: 819 | AN19: 390 | AO19: 104 | AP19: 325 | AQ19: 29 | AR19: 12 | AS19: 0 | AT19: 17 | AU19: 919 | AV19: 207 | AW19: 65 | AX19: 647
A20: Taichung City | B20: 男Male | C20: 1227 | D20: 358 | E20: 73 | F20: 796 | G20: 310 | H20: 52 | I20: 5 | J20: 253 | K20: 469 | L20: 107 | M20: 26 | N20: 336 | O20: 289 | P20: 152 | Q20: 31 | R20: 106 | S20: 4 | T20: 1 | U20: 0 | V20: 3 | W20: 155 | X20: 46 | Y20: 11 | Z20: 98 | AA20: 2600 | AB20: 678 | AC20: 143 | AD20: 1779 | AE20: 584 | AF20: 86 | AG20: 11 | AH20: 487 | AI20: 1018 | AJ20: 206 | AK20: 47 | AL20: 765 | AM20: 563 | AN20: 267 | AO20: 56 | AP20: 240 | AQ20: 13 | AR20: 6 | AS20: 0 | AT20: 7 | AU20: 422 | AV20: 113 | AW20: 29 | AX20: 280
B21: 女Female | C21: 1185 | D21: 288 | E21: 73 | F21: 824 | G21: 435 | H21: 68 | I21: 8 | J21: 359 | K21: 390 | L21: 91 | M21: 23 | N21: 276 | O21: 178 | P21: 90 | Q21: 30 | R21: 58 | S21: 7 | T21: 5 | U21: 0 | V21: 2 | W21: 175 | X21: 34 | Y21: 12 | Z21: 129 | AA21: 2744 | AB21: 600 | AC21: 151 | AD21: 1993 | AE21: 1046 | AF21: 156 | AG21: 17 | AH21: 873 | AI21: 929 | AJ21: 221 | AK21: 50 | AL21: 658 | AM21: 256 | AN21: 123 | AO21: 48 | AP21: 85 | AQ21: 16 | AR21: 6 | AS21: 0 | AT21: 10 | AU21: 497 | AV21: 94 | AW21: 36 | AX21: 367
A22: 臺 南 市 | B22: 計Total | C22: 370 | D22: 56 | E22: 43 | F22: 271 | G22: 116 | H22: 12 | I22: 1 | J22: 103 | K22: 140 | L22: 20 | M22: 14 | N22: 106 | O22: 42 | P22: 5 | Q22: 19 | R22: 18 | S22: 0 | T22: 0 | U22: 0 | V22: 0 | W22: 72 | X22: 19 | Y22: 9 | Z22: 44 | AA22: 1005 | AB22: 131 | AC22: 100 | AD22: 774 | AE22: 282 | AF22: 25 | AG22: 1 | AH22: 256 | AI22: 409 | AJ22: 56 | AK22: 37 | AL22: 316 | AM22: 107 | AN22: 17 | AO22: 44 | AP22: 46 | AQ22: 0 | AR22: 0 | AS22: 0 | AT22: 0 | AU22: 207 | AV22: 33 | AW22: 18 | AX22: 156
A23: Tainan City | B23: 男Male | C23: 160 | D23: 20 | E23: 26 | F23: 114 | G23: 47 | H23: 2 | I23: 1 | J23: 44 | K23: 59 | L23: 6 | M23: 8 | N23: 45 | O23: 26 | P23: 4 | Q23: 12 | R23: 10 | S23: 0 | T23: 0 | U23: 0 | V23: 0 | W23: 28 | X23: 8 | Y23: 5 | Z23: 15 | AA23: 465 | AB23: 56 | AC23: 56 | AD23: 353 | AE23: 118 | AF23: 10 | AG23: 1 | AH23: 107 | AI23: 195 | AJ23: 24 | AK23: 17 | AL23: 154 | AM23: 70 | AN23: 11 | AO23: 30 | AP23: 29 | AQ23: 0 | AR23: 0 | AS23: 0 | AT23: 0 | AU23: 82 | AV23: 11 | AW23: 8 | AX23: 63
B24: 女Female | C24: 210 | D24: 36 | E24: 17 | F24: 157 | G24: 69 | H24: 10 | I24: 0 | J24: 59 | K24: 81 | L24: 14 | M24: 6 | N24: 61 | O24: 16 | P24: 1 | Q24: 7 | R24: 8 | S24: 0 | T24: 0 | U24: 0 | V24: 0 | W24: 44 | X24: 11 | Y24: 4 | Z24: 29 | AA24: 540 | AB24: 75 | AC24: 44 | AD24: 421 | AE24: 164 | AF24: 15 | AG24: 0 | AH24: 149 | AI24: 214 | AJ24: 32 | AK24: 20 | AL24: 162 | AM24: 37 | AN24: 6 | AO24: 14 | AP24: 17 | AQ24: 0 | AR24: 0 | AS24: 0 | AT24: 0 | AU24: 125 | AV24: 22 | AW24: 10 | AX24: 93
A25: 高 雄 市 | B25: 計Total | C25: 2679 | D25: 421 | E25: 390 | F25: 1868 | G25: 502 | H25: 73 | I25: 12 | J25: 417 | K25: 1117 | L25: 146 | M25: 117 | N25: 854 | O25: 586 | P25: 119 | Q25: 203 | R25: 264 | S25: 4 | T25: 0 | U25: 0 | V25: 4 | W25: 470 | X25: 83 | Y25: 58 | Z25: 329 | AA25: 6718 | AB25: 1135 | AC25: 896 | AD25: 4687 | AE25: 1356 | AF25: 218 | AG25: 36 | AH25: 1102 | AI25: 2771 | AJ25: 406 | AK25: 256 | AL25: 2109 | AM25: 1332 | AN25: 301 | AO25: 462 | AP25: 569 | AQ25: 15 | AR25: 1 | AS25: 4 | AT25: 10 | AU25: 1244 | AV25: 209 | AW25: 138 | AX25: 897
A26: Kaohsiung City | B26: 男Male | C26: 1397 | D26: 205 | E26: 234 | F26: 958 | G26: 194 | H26: 24 | I26: 4 | J26: 166 | K26: 597 | L26: 76 | M26: 64 | N26: 457 | O26: 373 | P26: 71 | Q26: 128 | R26: 174 | S26: 4 | T26: 0 | U26: 0 | V26: 4 | W26: 229 | X26: 34 | Y26: 38 | Z26: 157 | AA26: 3540 | AB26: 572 | AC26: 537 | AD26: 2431 | AE26: 559 | AF26: 80 | AG26: 11 | AH26: 468 | AI26: 1497 | AJ26: 203 | AK26: 140 | AL26: 1154 | AM26: 864 | AN26: 193 | AO26: 300 | AP26: 371 | AQ26: 11 | AR26: 1 | AS26: 3 | AT26: 7 | AU26: 609 | AV26: 95 | AW26: 83 | AX26: 431
B27: 女Female | C27: 1282 | D27: 216 | E27: 156 | F27: 910 | G27: 308 | H27: 49 | I27: 8 | J27: 251 | K27: 520 | L27: 70 | M27: 53 | N27: 397 | O27: 213 | P27: 48 | Q27: 75 | R27: 90 | S27: 0 | T27: 0 | U27: 0 | V27: 0 | W27: 241 | X27: 49 | Y27: 20 | Z27: 172 | AA27: 3178 | AB27: 563 | AC27: 359 | AD27: 2256 | AE27: 797 | AF27: 138 | AG27: 25 | AH27: 634 | AI27: 1274 | AJ27: 203 | AK27: 116 | AL27: 955 | AM27: 468 | AN27: 108 | AO27: 162 | AP27: 198 | AQ27: 4 | AR27: 0 | AS27: 1 | AT27: 3 | AU27: 635 | AV27: 114 | AW27: 55 | AX27: 466
A28: 宜蘭縣 | B28: 計Total | C28: 1772 | D28: 215 | E28: 160 | F28: 1397 | G28: 520 | H28: 76 | I28: 36 | J28: 408 | K28: 969 | L28: 97 | M28: 61 | N28: 811 | O28: 239 | P28: 34 | Q28: 62 | R28: 143 | S28: 13 | T28: 7 | U28: 0 | V28: 6 | W28: 31 | X28: 1 | Y28: 1 | Z28: 29 | AA28: 3833 | AB28: 493 | AC28: 419 | AD28: 2921 | AE28: 1181 | AF28: 151 | AG28: 80 | AH28: 950 | AI28: 1982 | AJ28: 221 | AK28: 159 | AL28: 1602 | AM28: 502 | AN28: 84 | AO28: 175 | AP28: 243 | AQ28: 50 | AR28: 34 | AS28: 0 | AT28: 16 | AU28: 118 | AV28: 3 | AW28: 5 | AX28: 110
A29: Yilan County | B29: 男Male | C29: 893 | D29: 92 | E29: 76 | F29: 725 | G29: 246 | H29: 24 | I29: 13 | J29: 209 | K29: 469 | L29: 37 | M29: 29 | N29: 403 | O29: 155 | P29: 25 | Q29: 34 | R29: 96 | S29: 8 | T29: 5 | U29: 0 | V29: 3 | W29: 15 | X29: 1 | Y29: 0 | Z29: 14 | AA29: 1903 | AB29: 233 | AC29: 202 | AD29: 1468 | AE29: 542 | AF29: 43 | AG29: 29 | AH29: 470 | AI29: 947 | AJ29: 98 | AK29: 77 | AL29: 772 | AM29: 325 | AN29: 63 | AO29: 95 | AP29: 167 | AQ29: 37 | AR29: 26 | AS29: 0 | AT29: 11 | AU29: 52 | AV29: 3 | AW29: 1 | AX29: 48
B30: 女Female | C30: 879 | D30: 123 | E30: 84 | F30: 672 | G30: 274 | H30: 52 | I30: 23 | J30: 199 | K30: 500 | L30: 60 | M30: 32 | N30: 408 | O30: 84 | P30: 9 | Q30: 28 | R30: 47 | S30: 5 | T30: 2 | U30: 0 | V30: 3 | W30: 16 | X30: 0 | Y30: 1 | Z30: 15 | AA30: 1930 | AB30: 260 | AC30: 217 | AD30: 1453 | AE30: 639 | AF30: 108 | AG30: 51 | AH30: 480 | AI30: 1035 | AJ30: 123 | AK30: 82 | AL30: 830 | AM30: 177 | AN30: 21 | AO30: 80 | AP30: 76 | AQ30: 13 | AR30: 8 | AS30: 0 | AT30: 5 | AU30: 66 | AV30: 0 | AW30: 4 | AX30: 62
A31: 新竹縣 | B31: 計Total | C31: 173 | D31: 8 | E31: 11 | F31: 154 | G31: 49 | H31: 2 | I31: 1 | J31: 46 | K31: 84 | L31: 2 | M31: 3 | N31: 79 | O31: 20 | P31: 4 | Q31: 6 | R31: 10 | S31: 0 | T31: 0 | U31: 0 | V31: 0 | W31: 20 | X31: 0 | Y31: 1 | Z31: 19 | AA31: 423 | AB31: 23 | AC31: 20 | AD31: 380 | AE31: 126 | AF31: 7 | AG31: 1 | AH31: 118 | AI31: 206 | AJ31: 8 | AK31: 8 | AL31: 190 | AM31: 37 | AN31: 7 | AO31: 9 | AP31: 21 | AQ31: 0 | AR31: 0 | AS31: 0 | AT31: 0 | AU31: 54 | AV31: 1 | AW31: 2 | AX31: 51
A32: Hsinchu County | B32: 男Male | C32: 98 | D32: 6 | E32: 6 | F32: 86 | G32: 26 | H32: 2 | I32: 1 | J32: 23 | K32: 44 | L32: 0 | M32: 1 | N32: 43 | O32: 17 | P32: 4 | Q32: 4 | R32: 9 | S32: 0 | T32: 0 | U32: 0 | V32: 0 | W32: 11 | X32: 0 | Y32: 0 | Z32: 11 | AA32: 221 | AB32: 14 | AC32: 11 | AD32: 196 | AE32: 58 | AF32: 5 | AG32: 1 | AH32: 52 | AI32: 107 | AJ32: 3 | AK32: 3 | AL32: 101 | AM32: 29 | AN32: 6 | AO32: 7 | AP32: 16 | AQ32: 0 | AR32: 0 | AS32: 0 | AT32: 0 | AU32: 27 | AV32: 0 | AW32: 0 | AX32: 27
B33: 女Female | C33: 75 | D33: 2 | E33: 5 | F33: 68 | G33: 23 | H33: 0 | I33: 0 | J33: 23 | K33: 40 | L33: 2 | M33: 2 | N33: 36 | O33: 3 | P33: 0 | Q33: 2 | R33: 1 | S33: 0 | T33: 0 | U33: 0 | V33: 0 | W33: 9 | X33: 0 | Y33: 1 | Z33: 8 | AA33: 202 | AB33: 9 | AC33: 9 | AD33: 184 | AE33: 68 | AF33: 2 | AG33: 0 | AH33: 66 | AI33: 99 | AJ33: 5 | AK33: 5 | AL33: 89 | AM33: 8 | AN33: 1 | AO33: 2 | AP33: 5 | AQ33: 0 | AR33: 0 | AS33: 0 | AT33: 0 | AU33: 27 | AV33: 1 | AW33: 2 | AX33: 24
A34: 苗栗縣 | B34: 計Total | C34: 846 | D34: 79 | E34: 94 | F34: 673 | G34: 172 | H34: 11 | I34: 2 | J34: 159 | K34: 364 | L34: 21 | M34: 32 | N34: 311 | O34: 101 | P34: 23 | Q34: 36 | R34: 42 | S34: 3 | T34: 0 | U34: 1 | V34: 2 | W34: 206 | X34: 24 | Y34: 23 | Z34: 159 | AA34: 1761 | AB34: 169 | AC34: 225 | AD34: 1367 | AE34: 1105 | AF34: 78 | AG34: 94 | AH34: 933 | AI34: 181 | AJ34: 13 | AK34: 19 | AL34: 149 | AM34: 232 | AN34: 59 | AO34: 96 | AP34: 77 | AQ34: 4 | AR34: 0 | AS34: 2 | AT34: 2 | AU34: 239 | AV34: 19 | AW34: 14 | AX34: 206
A35: Miaoli County | B35: 男Male | C35: 464 | D35: 51 | E35: 57 | F35: 356 | G35: 79 | H35: 6 | I35: 1 | J35: 72 | K35: 209 | L35: 13 | M35: 21 | N35: 175 | O35: 75 | P35: 17 | Q35: 23 | R35: 35 | S35: 2 | T35: 0 | U35: 1 | V35: 1 | W35: 99 | X35: 15 | Y35: 11 | Z35: 73 | AA35: 906 | AB35: 106 | AC35: 124 | AD35: 676 | AE35: 563 | AF35: 49 | AG35: 54 | AH35: 460 | AI35: 75 | AJ35: 8 | AK35: 8 | AL35: 59 | AM35: 160 | AN35: 43 | AO35: 56 | AP35: 61 | AQ35: 3 | AR35: 0 | AS35: 2 | AT35: 1 | AU35: 105 | AV35: 6 | AW35: 4 | AX35: 95
B36: 女Female | C36: 382 | D36: 28 | E36: 37 | F36: 317 | G36: 93 | H36: 5 | I36: 1 | J36: 87 | K36: 155 | L36: 8 | M36: 11 | N36: 136 | O36: 26 | P36: 6 | Q36: 13 | R36: 7 | S36: 1 | T36: 0 | U36: 0 | V36: 1 | W36: 107 | X36: 9 | Y36: 12 | Z36: 86 | AA36: 855 | AB36: 63 | AC36: 101 | AD36: 691 | AE36: 542 | AF36: 29 | AG36: 40 | AH36: 473 | AI36: 106 | AJ36: 5 | AK36: 11 | AL36: 90 | AM36: 72 | AN36: 16 | AO36: 40 | AP36: 16 | AQ36: 1 | AR36: 0 | AS36: 0 | AT36: 1 | AU36: 134 | AV36: 13 | AW36: 10 | AX36: 111
A37: 彰化縣 | B37: 計Total | C37: 1249 | D37: 131 | E37: 125 | F37: 993 | G37: 357 | H37: 23 | I37: 4 | J37: 330 | K37: 577 | L37: 37 | M37: 47 | N37: 493 | O37: 176 | P37: 51 | Q37: 55 | R37: 70 | S37: 1 | T37: 0 | U37: 0 | V37: 1 | W37: 138 | X37: 20 | Y37: 19 | Z37: 99 | AA37: 3711 | AB37: 389 | AC37: 320 | AD37: 3002 | AE37: 1285 | AF37: 95 | AG37: 15 | AH37: 1175 | AI37: 1492 | AJ37: 113 | AK37: 127 | AL37: 1252 | AM37: 448 | AN37: 136 | AO37: 154 | AP37: 158 | AQ37: 2 | AR37: 0 | AS37: 1 | AT37: 1 | AU37: 484 | AV37: 45 | AW37: 23 | AX37: 416
A38: Changhua County | B38: 男Male | C38: 640 | D38: 79 | E38: 72 | F38: 489 | G38: 147 | H38: 9 | I38: 0 | J38: 138 | K38: 297 | L38: 18 | M38: 30 | N38: 249 | O38: 119 | P38: 40 | Q38: 29 | R38: 50 | S38: 1 | T38: 0 | U38: 0 | V38: 1 | W38: 76 | X38: 12 | Y38: 13 | Z38: 51 | AA38: 1818 | AB38: 218 | AC38: 192 | AD38: 1408 | AE38: 530 | AF38: 39 | AG38: 2 | AH38: 489 | AI38: 781 | AJ38: 60 | AK38: 83 | AL38: 638 | AM38: 299 | AN38: 93 | AO38: 97 | AP38: 109 | AQ38: 2 | AR38: 0 | AS38: 1 | AT38: 1 | AU38: 206 | AV38: 26 | AW38: 9 | AX38: 171
B39: 女Female | C39: 609 | D39: 52 | E39: 53 | F39: 504 | G39: 210 | H39: 14 | I39: 4 | J39: 192 | K39: 280 | L39: 19 | M39: 17 | N39: 244 | O39: 57 | P39: 11 | Q39: 26 | R39: 20 | S39: 0 | T39: 0 | U39: 0 | V39: 0 | W39: 62 | X39: 8 | Y39: 6 | Z39: 48 | AA39: 1893 | AB39: 171 | AC39: 128 | AD39: 1594 | AE39: 755 | AF39: 56 | AG39: 13 | AH39: 686 | AI39: 711 | AJ39: 53 | AK39: 44 | AL39: 614 | AM39: 149 | AN39: 43 | AO39: 57 | AP39: 49 | AQ39: 0 | AR39: 0 | AS39: 0 | AT39: 0 | AU39: 278 | AV39: 19 | AW39: 14 | AX39: 245
A40: 南投縣 | B40: 計Total | C40: 772 | D40: 133 | E40: 112 | F40: 527 | G40: 168 | H40: 22 | I40: 8 | J40: 138 | K40: 315 | L40: 38 | M40: 31 | N40: 246 | O40: 144 | P40: 44 | Q40: 50 | R40: 50 | S40: 19 | T40: 6 | U40: 5 | V40: 8 | W40: 126 | X40: 23 | Y40: 18 | Z40: 85 | AA40: 2215 | AB40: 365 | AC40: 316 | AD40: 1534 | AE40: 488 | AF40: 65 | AG40: 16 | AH40: 407 | AI40: 907 | AJ40: 129 | AK40: 93 | AL40: 685 | AM40: 367 | AN40: 100 | AO40: 134 | AP40: 133 | AQ40: 44 | AR40: 11 | AS40: 16 | AT40: 17 | AU40: 409 | AV40: 60 | AW40: 57 | AX40: 292
A41: Nantou County | B41: 男Male | C41: 407 | D41: 82 | E41: 62 | F41: 263 | G41: 73 | H41: 12 | I41: 0 | J41: 61 | K41: 152 | L41: 15 | M41: 16 | N41: 121 | O41: 106 | P41: 35 | Q41: 33 | R41: 38 | S41: 10 | T41: 5 | U41: 2 | V41: 3 | W41: 66 | X41: 15 | Y41: 11 | Z41: 40 | AA41: 1158 | AB41: 216 | AC41: 179 | AD41: 763 | AE41: 224 | AF41: 35 | AG41: 2 | AH41: 187 | AI41: 450 | AJ41: 61 | AK41: 49 | AL41: 340 | AM41: 256 | AN41: 76 | AO41: 86 | AP41: 94 | AQ41: 25 | AR41: 9 | AS41: 8 | AT41: 8 | AU41: 203 | AV41: 35 | AW41: 34 | AX41: 134
B42: 女Female | C42: 365 | D42: 51 | E42: 50 | F42: 264 | G42: 95 | H42: 10 | I42: 8 | J42: 77 | K42: 163 | L42: 23 | M42: 15 | N42: 125 | O42: 38 | P42: 9 | Q42: 17 | R42: 12 | S42: 9 | T42: 1 | U42: 3 | V42: 5 | W42: 60 | X42: 8 | Y42: 7 | Z42: 45 | AA42: 1057 | AB42: 149 | AC42: 137 | AD42: 771 | AE42: 264 | AF42: 30 | AG42: 14 | AH42: 220 | AI42: 457 | AJ42: 68 | AK42: 44 | AL42: 345 | AM42: 111 | AN42: 24 | AO42: 48 | AP42: 39 | AQ42: 19 | AR42: 2 | AS42: 8 | AT42: 9 | AU42: 206 | AV42: 25 | AW42: 23 | AX42: 158
A43: 雲林縣 | B43: 計Total | C43: 440 | D43: 40 | E43: 42 | F43: 358 | G43: 112 | H43: 8 | I43: 3 | J43: 101 | K43: 195 | L43: 12 | M43: 13 | N43: 170 | O43: 65 | P43: 15 | Q43: 21 | R43: 29 | S43: 0 | T43: 0 | U43: 0 | V43: 0 | W43: 68 | X43: 5 | Y43: 5 | Z43: 58 | AA43: 822 | AB43: 96 | AC43: 63 | AD43: 663 | AE43: 216 | AF43: 21 | AG43: 4 | AH43: 191 | AI43: 364 | AJ43: 33 | AK43: 19 | AL43: 312 | AM43: 102 | AN43: 27 | AO43: 30 | AP43: 45 | AQ43: 0 | AR43: 0 | AS43: 0 | AT43: 0 | AU43: 140 | AV43: 15 | AW43: 10 | AX43: 115
A44: Yunlin County | B44: 男Male | C44: 233 | D44: 23 | E44: 31 | F44: 179 | G44: 42 | H44: 4 | I44: 2 | J44: 36 | K44: 111 | L44: 6 | M44: 11 | N44: 94 | O44: 51 | P44: 12 | Q44: 15 | R44: 24 | S44: 0 | T44: 0 | U44: 0 | V44: 0 | W44: 29 | X44: 1 | Y44: 3 | Z44: 25 | AA44: 413 | AB44: 48 | AC44: 44 | AD44: 321 | AE44: 80 | AF44: 8 | AG44: 3 | AH44: 69 | AI44: 194 | AJ44: 16 | AK44: 16 | AL44: 162 | AM44: 70 | AN44: 17 | AO44: 20 | AP44: 33 | AQ44: 0 | AR44: 0 | AS44: 0 | AT44: 0 | AU44: 69 | AV44: 7 | AW44: 5 | AX44: 57
B45: 女Female | C45: 207 | D45: 17 | E45: 11 | F45: 179 | G45: 70 | H45: 4 | I45: 1 | J45: 65 | K45: 84 | L45: 6 | M45: 2 | N45: 76 | O45: 14 | P45: 3 | Q45: 6 | R45: 5 | S45: 0 | T45: 0 | U45: 0 | V45: 0 | W45: 39 | X45: 4 | Y45: 2 | Z45: 33 | AA45: 409 | AB45: 48 | AC45: 19 | AD45: 342 | AE45: 136 | AF45: 13 | AG45: 1 | AH45: 122 | AI45: 170 | AJ45: 17 | AK45: 3 | AL45: 150 | AM45: 32 | AN45: 10 | AO45: 10 | AP45: 12 | AQ45: 0 | AR45: 0 | AS45: 0 | AT45: 0 | AU45: 71 | AV45: 8 | AW45: 5 | AX45: 58
A46: 嘉義縣 | B46: 計Total | C46: 451 | D46: 79 | E46: 59 | F46: 313 | G46: 311 | H46: 47 | I46: 26 | J46: 238 | K46: 1 | L46: 0 | M46: 1 | N46: 0 | O46: 83 | P46: 29 | Q46: 30 | R46: 24 | S46: 2 | T46: 1 | U46: 0 | V46: 1 | W46: 54 | X46: 2 | Y46: 2 | Z46: 50 | AA46: 1491 | AB46: 295 | AC46: 398 | AD46: 798 | AE46: 862 | AF46: 137 | AG46: 149 | AH46: 576 | AI46: 12 | AJ46: 4 | AK46: 4 | AL46: 4 | AM46: 333 | AN46: 89 | AO46: 204 | AP46: 40 | AQ46: 59 | AR46: 33 | AS46: 17 | AT46: 9 | AU46: 225 | AV46: 32 | AW46: 24 | AX46: 169
A47: Chiayi County | B47: 男Male | C47: 252 | D47: 47 | E47: 41 | F47: 164 | G47: 168 | H47: 25 | I47: 14 | J47: 129 | K47: 1 | L47: 0 | M47: 1 | N47: 0 | O47: 57 | P47: 20 | Q47: 25 | R47: 12 | S47: 2 | T47: 1 | U47: 0 | V47: 1 | W47: 24 | X47: 1 | Y47: 1 | Z47: 22 | AA47: 774 | AB47: 178 | AC47: 211 | AD47: 385 | AE47: 450 | AF47: 91 | AG47: 76 | AH47: 283 | AI47: 4 | AJ47: 2 | AK47: 1 | AL47: 1 | AM47: 188 | AN47: 50 | AO47: 117 | AP47: 21 | AQ47: 26 | AR47: 16 | AS47: 8 | AT47: 2 | AU47: 106 | AV47: 19 | AW47: 9 | AX47: 78
B48: 女Female | C48: 199 | D48: 32 | E48: 18 | F48: 149 | G48: 143 | H48: 22 | I48: 12 | J48: 109 | K48: 0 | L48: 0 | M48: 0 | N48: 0 | O48: 26 | P48: 9 | Q48: 5 | R48: 12 | S48: 0 | T48: 0 | U48: 0 | V48: 0 | W48: 30 | X48: 1 | Y48: 1 | Z48: 28 | AA48: 717 | AB48: 117 | AC48: 187 | AD48: 413 | AE48: 412 | AF48: 46 | AG48: 73 | AH48: 293 | AI48: 8 | AJ48: 2 | AK48: 3 | AL48: 3 | AM48: 145 | AN48: 39 | AO48: 87 | AP48: 19 | AQ48: 33 | AR48: 17 | AS48: 9 | AT48: 7 | AU48: 119 | AV48: 13 | AW48: 15 | AX48: 91
A49: 屏東縣 | B49: 計Total | C49: 546 | D49: 102 | E49: 70 | F49: 374 | G49: 175 | H49: 26 | I49: 4 | J49: 145 | K49: 223 | L49: 37 | M49: 22 | N49: 164 | O49: 75 | P49: 24 | Q49: 28 | R49: 23 | S49: 6 | T49: 2 | U49: 4 | V49: 0 | W49: 67 | X49: 13 | Y49: 12 | Z49: 42 | AA49: 2197 | AB49: 423 | AC49: 229 | AD49: 1545 | AE49: 1263 | AF49: 242 | AG49: 135 | AH49: 886 | AI49: 414 | AJ49: 59 | AK49: 10 | AL49: 345 | AM49: 382 | AN49: 66 | AO49: 43 | AP49: 273 | AQ49: 14 | AR49: 8 | AS49: 1 | AT49: 5 | AU49: 124 | AV49: 48 | AW49: 40 | AX49: 36
A50: Pingtung County | B50: 男Male | C50: 256 | D50: 59 | E50: 31 | F50: 166 | G50: 71 | H50: 11 | I50: 1 | J50: 59 | K50: 100 | L50: 19 | M50: 6 | N50: 75 | O50: 51 | P50: 20 | Q50: 16 | R50: 15 | S50: 4 | T50: 2 | U50: 2 | V50: 0 | W50: 30 | X50: 7 | Y50: 6 | Z50: 17 | AA50: 1047 | AB50: 245 | AC50: 118 | AD50: 684 | AE50: 604 | AF50: 137 | AG50: 70 | AH50: 397 | AI50: 163 | AJ50: 24 | AK50: 3 | AL50: 136 | AM50: 186 | AN50: 36 | AO50: 23 | AP50: 127 | AQ50: 10 | AR50: 7 | AS50: 0 | AT50: 3 | AU50: 84 | AV50: 41 | AW50: 22 | AX50: 21
B51: 女Female | C51: 290 | D51: 43 | E51: 39 | F51: 208 | G51: 104 | H51: 15 | I51: 3 | J51: 86 | K51: 123 | L51: 18 | M51: 16 | N51: 89 | O51: 24 | P51: 4 | Q51: 12 | R51: 8 | S51: 2 | T51: 0 | U51: 2 | V51: 0 | W51: 37 | X51: 6 | Y51: 6 | Z51: 25 | AA51: 1150 | AB51: 178 | AC51: 111 | AD51: 861 | AE51: 659 | AF51: 105 | AG51: 65 | AH51: 489 | AI51: 251 | AJ51: 35 | AK51: 7 | AL51: 209 | AM51: 196 | AN51: 30 | AO51: 20 | AP51: 146 | AQ51: 4 | AR51: 1 | AS51: 1 | AT51: 2 | AU51: 40 | AV51: 7 | AW51: 18 | AX51: 15
A52: 臺東縣 | B52: 計Total | C52: 406 | D52: 122 | E52: 43 | F52: 241 | G52: 82 | H52: 12 | I52: 4 | J52: 66 | K52: 160 | L52: 25 | M52: 15 | N52: 120 | O52: 75 | P52: 44 | Q52: 17 | R52: 14 | S52: 33 | T52: 21 | U52: 4 | V52: 8 | W52: 56 | X52: 20 | Y52: 3 | Z52: 33 | AA52: 737 | AB52: 204 | AC52: 72 | AD52: 461 | AE52: 192 | AF52: 26 | AG52: 4 | AH52: 162 | AI52: 271 | AJ52: 48 | AK52: 22 | AL52: 201 | AM52: 125 | AN52: 69 | AO52: 32 | AP52: 24 | AQ52: 52 | AR52: 27 | AS52: 9 | AT52: 16 | AU52: 97 | AV52: 34 | AW52: 5 | AX52: 58
A53: Taitung County | B53: 男Male | C53: 215 | D53: 82 | E53: 22 | F53: 111 | G53: 31 | H53: 4 | I53: 2 | J53: 25 | K53: 78 | L53: 13 | M53: 6 | N53: 59 | O53: 57 | P53: 38 | Q53: 11 | R53: 8 | S53: 22 | T53: 16 | U53: 2 | V53: 4 | W53: 27 | X53: 11 | Y53: 1 | Z53: 15 | AA53: 384 | AB53: 133 | AC53: 41 | AD53: 210 | AE53: 73 | AF53: 9 | AG53: 2 | AH53: 62 | AI53: 138 | AJ53: 28 | AK53: 12 | AL53: 98 | AM53: 92 | AN53: 57 | AO53: 18 | AP53: 17 | AQ53: 35 | AR53: 21 | AS53: 6 | AT53: 8 | AU53: 46 | AV53: 18 | AW53: 3 | AX53: 25
B54: 女Female | C54: 191 | D54: 40 | E54: 21 | F54: 130 | G54: 51 | H54: 8 | I54: 2 | J54: 41 | K54: 82 | L54: 12 | M54: 9 | N54: 61 | O54: 18 | P54: 6 | Q54: 6 | R54: 6 | S54: 11 | T54: 5 | U54: 2 | V54: 4 | W54: 29 | X54: 9 | Y54: 2 | Z54: 18 | AA54: 353 | AB54: 71 | AC54: 31 | AD54: 251 | AE54: 119 | AF54: 17 | AG54: 2 | AH54: 100 | AI54: 133 | AJ54: 20 | AK54: 10 | AL54: 103 | AM54: 33 | AN54: 12 | AO54: 14 | AP54: 7 | AQ54: 17 | AR54: 6 | AS54: 3 | AT54: 8 | AU54: 51 | AV54: 16 | AW54: 2 | AX54: 33
A55: 花蓮縣 | B55: 計Total | C55: 1175 | D55: 254 | E55: 200 | F55: 721 | G55: 632 | H55: 134 | I55: 108 | J55: 390 | K55: 113 | L55: 17 | M55: 2 | N55: 94 | O55: 246 | P55: 44 | Q55: 24 | R55: 178 | S55: 148 | T55: 50 | U55: 49 | V55: 49 | W55: 36 | X55: 9 | Y55: 17 | Z55: 10 | AA55: 2802 | AB55: 608 | AC55: 438 | AD55: 1756 | AE55: 1407 | AF55: 300 | AG55: 210 | AH55: 897 | AI55: 339 | AJ55: 49 | AK55: 11 | AL55: 279 | AM55: 660 | AN55: 118 | AO55: 76 | AP55: 466 | AQ55: 298 | AR55: 108 | AS55: 102 | AT55: 88 | AU55: 98 | AV55: 33 | AW55: 39 | AX55: 26
A56: Hualien County | B56: 男Male | C56: 627 | D56: 165 | E56: 101 | F56: 361 | G56: 332 | H56: 87 | I56: 53 | J56: 192 | K56: 49 | L56: 9 | M56: 0 | N56: 40 | O56: 130 | P56: 25 | Q56: 13 | R56: 92 | S56: 94 | T56: 38 | U56: 24 | V56: 32 | W56: 22 | X56: 6 | Y56: 11 | Z56: 5 | AA56: 1469 | AB56: 391 | AC56: 250 | AD56: 828 | AE56: 729 | AF56: 191 | AG56: 118 | AH56: 420 | AI56: 142 | AJ56: 26 | AK56: 7 | AL56: 109 | AM56: 329 | AN56: 67 | AO56: 38 | AP56: 224 | AQ56: 208 | AR56: 83 | AS56: 65 | AT56: 60 | AU56: 61 | AV56: 24 | AW56: 22 | AX56: 15
B57: 女Female | C57: 548 | D57: 89 | E57: 99 | F57: 360 | G57: 300 | H57: 47 | I57: 55 | J57: 198 | K57: 64 | L57: 8 | M57: 2 | N57: 54 | O57: 116 | P57: 19 | Q57: 11 | R57: 86 | S57: 54 | T57: 12 | U57: 25 | V57: 17 | W57: 14 | X57: 3 | Y57: 6 | Z57: 5 | AA57: 1333 | AB57: 217 | AC57: 188 | AD57: 928 | AE57: 678 | AF57: 109 | AG57: 92 | AH57: 477 | AI57: 197 | AJ57: 23 | AK57: 4 | AL57: 170 | AM57: 331 | AN57: 51 | AO57: 38 | AP57: 242 | AQ57: 90 | AR57: 25 | AS57: 37 | AT57: 28 | AU57: 37 | AV57: 9 | AW57: 17 | AX57: 11
A58: 澎湖縣 | B58: 計Total | C58: 149 | D58: 15 | E58: 11 | F58: 123 | G58: 57 | H58: 2 | I58: 1 | J58: 54 | K58: 73 | L58: 8 | M58: 5 | N58: 60 | O58: 11 | P58: 4 | Q58: 4 | R58: 3 | S58: 0 | T58: 0 | U58: 0 | V58: 0 | W58: 8 | X58: 1 | Y58: 1 | Z58: 6 | AA58: 470 | AB58: 40 | AC58: 23 | AD58: 407 | AE58: 205 | AF58: 8 | AG58: 1 | AH58: 196 | AI58: 188 | AJ58: 17 | AK58: 8 | AL58: 163 | AM58: 30 | AN58: 10 | AO58: 11 | AP58: 9 | AQ58: 0 | AR58: 0 | AS58: 0 | AT58: 0 | AU58: 47 | AV58: 5 | AW58: 3 | AX58: 39
A59: Penghu County | B59: 男Male | C59: 66 | D59: 9 | E59: 8 | F59: 49 | G59: 19 | H59: 0 | I59: 1 | J59: 18 | K59: 36 | L59: 5 | M59: 3 | N59: 28 | O59: 8 | P59: 3 | Q59: 3 | R59: 2 | S59: 0 | T59: 0 | U59: 0 | V59: 0 | W59: 3 | X59: 1 | Y59: 1 | Z59: 1 | AA59: 201 | AB59: 24 | AC59: 16 | AD59: 161 | AE59: 70 | AF59: 2 | AG59: 1 | AH59: 67 | AI59: 87 | AJ59: 9 | AK59: 4 | AL59: 74 | AM59: 24 | AN59: 9 | AO59: 8 | AP59: 7 | AQ59: 0 | AR59: 0 | AS59: 0 | AT59: 0 | AU59: 20 | AV59: 4 | AW59: 3 | AX59: 13
B60: 女Female | C60: 83 | D60: 6 | E60: 3 | F60: 74 | G60: 38 | H60: 2 | I60: 0 | J60: 36 | K60: 37 | L60: 3 | M60: 2 | N60: 32 | O60: 3 | P60: 1 | Q60: 1 | R60: 1 | S60: 0 | T60: 0 | U60: 0 | V60: 0 | W60: 5 | X60: 0 | Y60: 0 | Z60: 5 | AA60: 269 | AB60: 16 | AC60: 7 | AD60: 246 | AE60: 135 | AF60: 6 | AG60: 0 | AH60: 129 | AI60: 101 | AJ60: 8 | AK60: 4 | AL60: 89 | AM60: 6 | AN60: 1 | AO60: 3 | AP60: 2 | AQ60: 0 | AR60: 0 | AS60: 0 | AT60: 0 | AU60: 27 | AV60: 1 | AW60: 0 | AX60: 26
A61: 基隆市 | B61: 計Total | C61: 215 | D61: 25 | E61: 40 | F61: 150 | G61: 35 | H61: 3 | I61: 0 | J61: 32 | K61: 106 | L61: 9 | M61: 11 | N61: 86 | O61: 43 | P61: 8 | Q61: 24 | R61: 11 | S61: 0 | T61: 0 | U61: 0 | V61: 0 | W61: 31 | X61: 5 | Y61: 5 | Z61: 21 | AA61: 1213 | AB61: 252 | AC61: 218 | AD61: 743 | AE61: 377 | AF61: 64 | AG61: 14 | AH61: 299 | AI61: 414 | AJ61: 75 | AK61: 66 | AL61: 273 | AM61: 251 | AN61: 69 | AO61: 117 | AP61: 65 | AQ61: 0 | AR61: 0 | AS61: 0 | AT61: 0 | AU61: 171 | AV61: 44 | AW61: 21 | AX61: 106
A62: Keelung City | B62: 男Male | C62: 106 | D62: 13 | E62: 23 | F62: 70 | G62: 8 | H62: 1 | I62: 0 | J62: 7 | K62: 56 | L62: 5 | M62: 6 | N62: 45 | O62: 29 | P62: 6 | Q62: 14 | R62: 9 | S62: 0 | T62: 0 | U62: 0 | V62: 0 | W62: 13 | X62: 1 | Y62: 3 | Z62: 9 | AA62: 526 | AB62: 125 | AC62: 119 | AD62: 282 | AE62: 107 | AF62: 18 | AG62: 8 | AH62: 81 | AI62: 191 | AJ62: 38 | AK62: 32 | AL62: 121 | AM62: 150 | AN62: 48 | AO62: 66 | AP62: 36 | AQ62: 0 | AR62: 0 | AS62: 0 | AT62: 0 | AU62: 78 | AV62: 21 | AW62: 13 | AX62: 44
B63: 女Female | C63: 109 | D63: 12 | E63: 17 | F63: 80 | G63: 27 | H63: 2 | I63: 0 | J63: 25 | K63: 50 | L63: 4 | M63: 5 | N63: 41 | O63: 14 | P63: 2 | Q63: 10 | R63: 2 | S63: 0 | T63: 0 | U63: 0 | V63: 0 | W63: 18 | X63: 4 | Y63: 2 | Z63: 12 | AA63: 687 | AB63: 127 | AC63: 99 | AD63: 461 | AE63: 270 | AF63: 46 | AG63: 6 | AH63: 218 | AI63: 223 | AJ63: 37 | AK63: 34 | AL63: 152 | AM63: 101 | AN63: 21 | AO63: 51 | AP63: 29 | AQ63: 0 | AR63: 0 | AS63: 0 | AT63: 0 | AU63: 93 | AV63: 23 | AW63: 8 | AX63: 62
A64: 新竹市 | B64: 計Total | C64: 965 | D64: 54 | E64: 86 | F64: 825 | G64: 241 | H64: 9 | I64: 4 | J64: 228 | K64: 433 | L64: 22 | M64: 43 | N64: 368 | O64: 97 | P64: 17 | Q64: 25 | R64: 55 | S64: 1 | T64: 0 | U64: 0 | V64: 1 | W64: 193 | X64: 6 | Y64: 14 | Z64: 173 | AA64: 1895 | AB64: 141 | AC64: 179 | AD64: 1575 | AE64: 469 | AF64: 23 | AG64: 10 | AH64: 436 | AI64: 821 | AJ64: 59 | AK64: 79 | AL64: 683 | AM64: 191 | AN64: 41 | AO64: 59 | AP64: 91 | AQ64: 1 | AR64: 0 | AS64: 0 | AT64: 1 | AU64: 413 | AV64: 18 | AW64: 31 | AX64: 364
A65: Hsinchu City | B65: 男Male | C65: 475 | D65: 27 | E65: 52 | F65: 396 | G65: 98 | H65: 2 | I65: 4 | J65: 92 | K65: 225 | L65: 11 | M65: 23 | N65: 191 | O65: 68 | P65: 13 | Q65: 18 | R65: 37 | S65: 0 | T65: 0 | U65: 0 | V65: 0 | W65: 84 | X65: 1 | Y65: 7 | Z65: 76 | AA65: 891 | AB65: 66 | AC65: 104 | AD65: 721 | AE65: 194 | AF65: 4 | AG65: 10 | AH65: 180 | AI65: 402 | AJ65: 27 | AK65: 41 | AL65: 334 | AM65: 130 | AN65: 32 | AO65: 41 | AP65: 57 | AQ65: 0 | AR65: 0 | AS65: 0 | AT65: 0 | AU65: 165 | AV65: 3 | AW65: 12 | AX65: 150
B66: 女Female | C66: 490 | D66: 27 | E66: 34 | F66: 429 | G66: 143 | H66: 7 | I66: 0 | J66: 136 | K66: 208 | L66: 11 | M66: 20 | N66: 177 | O66: 29 | P66: 4 | Q66: 7 | R66: 18 | S66: 1 | T66: 0 | U66: 0 | V66: 1 | W66: 109 | X66: 5 | Y66: 7 | Z66: 97 | AA66: 1004 | AB66: 75 | AC66: 75 | AD66: 854 | AE66: 275 | AF66: 19 | AG66: 0 | AH66: 256 | AI66: 419 | AJ66: 32 | AK66: 38 | AL66: 349 | AM66: 61 | AN66: 9 | AO66: 18 | AP66: 34 | AQ66: 1 | AR66: 0 | AS66: 0 | AT66: 1 | AU66: 248 | AV66: 15 | AW66: 19 | AX66: 214
A67: 嘉義市 | B67: 計Total | C67: 310 | D67: 38 | E67: 34 | F67: 238 | G67: 156 | H67: 22 | I67: 13 | J67: 121 | K67: 93 | L67: 12 | M67: 13 | N67: 68 | O67: 14 | P67: 1 | Q67: 7 | R67: 6 | S67: 0 | T67: 0 | U67: 0 | V67: 0 | W67: 47 | X67: 3 | Y67: 1 | Z67: 43 | AA67: 995 | AB67: 114 | AC67: 97 | AD67: 784 | AE67: 519 | AF67: 62 | AG67: 36 | AH67: 421 | AI67: 295 | AJ67: 33 | AK67: 34 | AL67: 228 | AM67: 43 | AN67: 2 | AO67: 21 | AP67: 20 | AQ67: 0 | AR67: 0 | AS67: 0 | AT67: 0 | AU67: 138 | AV67: 17 | AW67: 6 | AX67: 115
A68: Chiayi City | B68: 男Male | C68: 164 | D68: 18 | E68: 24 | F68: 122 | G68: 80 | H68: 8 | I68: 9 | J68: 63 | K68: 55 | L68: 6 | M68: 9 | N68: 40 | O68: 10 | P68: 1 | Q68: 5 | R68: 4 | S68: 0 | T68: 0 | U68: 0 | V68: 0 | W68: 19 | X68: 3 | Y68: 1 | Z68: 15 | AA68: 491 | AB68: 54 | AC68: 59 | AD68: 378 | AE68: 240 | AF68: 25 | AG68: 21 | AH68: 194 | AI68: 162 | AJ68: 18 | AK68: 20 | AL68: 124 | AM68: 31 | AN68: 2 | AO68: 14 | AP68: 15 | AQ68: 0 | AR68: 0 | AS68: 0 | AT68: 0 | AU68: 58 | AV68: 9 | AW68: 4 | AX68: 45
B69: 女Female | C69: 146 | D69: 20 | E69: 10 | F69: 116 | G69: 76 | H69: 14 | I69: 4 | J69: 58 | K69: 38 | L69: 6 | M69: 4 | N69: 28 | O69: 4 | P69: 0 | Q69: 2 | R69: 2 | S69: 0 | T69: 0 | U69: 0 | V69: 0 | W69: 28 | X69: 0 | Y69: 0 | Z69: 28 | AA69: 504 | AB69: 60 | AC69: 38 | AD69: 406 | AE69: 279 | AF69: 37 | AG69: 15 | AH69: 227 | AI69: 133 | AJ69: 15 | AK69: 14 | AL69: 104 | AM69: 12 | AN69: 0 | AO69: 7 | AP69: 5 | AQ69: 0 | AR69: 0 | AS69: 0 | AT69: 0 | AU69: 80 | AV69: 8 | AW69: 2 | AX69: 70
A70: 金門縣 | B70: 計Total | C70: 180 | D70: 6 | E70: 2 | F70: 172 | G70: 50 | H70: 0 | I70: 0 | J70: 50 | K70: 79 | L70: 2 | M70: 0 | N70: 77 | O70: 20 | P70: 1 | Q70: 2 | R70: 17 | S70: 0 | T70: 0 | U70: 0 | V70: 0 | W70: 31 | X70: 3 | Y70: 0 | Z70: 28 | AA70: 373 | AB70: 6 | AC70: 5 | AD70: 362 | AE70: 115 | AF70: 0 | AG70: 0 | AH70: 115 | AI70: 185 | AJ70: 1 | AK70: 0 | AL70: 184 | AM70: 35 | AN70: 2 | AO70: 3 | AP70: 30 | AQ70: 0 | AR70: 0 | AS70: 0 | AT70: 0 | AU70: 38 | AV70: 3 | AW70: 2 | AX70: 33
A71: Kinmen County | B71: 男Male | C71: 89 | D71: 4 | E71: 2 | F71: 83 | G71: 24 | H71: 0 | I71: 0 | J71: 24 | K71: 39 | L71: 1 | M71: 0 | N71: 38 | O71: 15 | P71: 1 | Q71: 2 | R71: 12 | S71: 0 | T71: 0 | U71: 0 | V71: 0 | W71: 11 | X71: 2 | Y71: 0 | Z71: 9 | AA71: 177 | AB71: 3 | AC71: 2 | AD71: 172 | AE71: 52 | AF71: 0 | AG71: 0 | AH71: 52 | AI71: 89 | AJ71: 1 | AK71: 0 | AL71: 88 | AM71: 22 | AN71: 1 | AO71: 2 | AP71: 19 | AQ71: 0 | AR71: 0 | AS71: 0 | AT71: 0 | AU71: 14 | AV71: 1 | AW71: 0 | AX71: 13
B72: 女Female | C72: 91 | D72: 2 | E72: 0 | F72: 89 | G72: 26 | H72: 0 | I72: 0 | J72: 26 | K72: 40 | L72: 1 | M72: 0 | N72: 39 | O72: 5 | P72: 0 | Q72: 0 | R72: 5 | S72: 0 | T72: 0 | U72: 0 | V72: 0 | W72: 20 | X72: 1 | Y72: 0 | Z72: 19 | AA72: 196 | AB72: 3 | AC72: 3 | AD72: 190 | AE72: 63 | AF72: 0 | AG72: 0 | AH72: 63 | AI72: 96 | AJ72: 0 | AK72: 0 | AL72: 96 | AM72: 13 | AN72: 1 | AO72: 1 | AP72: 11 | AQ72: 0 | AR72: 0 | AS72: 0 | AT72: 0 | AU72: 24 | AV72: 2 | AW72: 2 | AX72: 20
A73: 連江縣 | B73: 計Total | C73: 9 | D73: 0 | E73: 0 | F73: 9 | G73: 9 | H73: 0 | I73: 0 | J73: 9 | K73: 0 | L73: 0 | M73: 0 | N73: 0 | O73: 0 | P73: 0 | Q73: 0 | R73: 0 | S73: 0 | T73: 0 | U73: 0 | V73: 0 | W73: 0 | X73: 0 | Y73: 0 | Z73: 0 | AA73: 21 | AB73: 11 | AC73: 1 | AD73: 9 | AE73: 8 | AF73: 8 | AG73: 0 | AH73: 0 | AI73: 9 | AJ73: 0 | AK73: 0 | AL73: 9 | AM73: 4 | AN73: 3 | AO73: 1 | AP73: 0 | AQ73: 0 | AR73: 0 | AS73: 0 | AT73: 0 | AU73: 0 | AV73: 0 | AW73: 0 | AX73: 0
A74: Lienchiang County | B74: 男Male | C74: 3 | D74: 0 | E74: 0 | F74: 3 | G74: 3 | H74: 0 | I74: 0 | J74: 3 | K74: 0 | L74: 0 | M74: 0 | N74: 0 | O74: 0 | P74: 0 | Q74: 0 | R74: 0 | S74: 0 | T74: 0 | U74: 0 | V74: 0 | W74: 0 | X74: 0 | Y74: 0 | Z74: 0 | AA74: 13 | AB74: 7 | AC74: 1 | AD74: 5 | AE74: 5 | AF74: 5 | AG74: 0 | AH74: 0 | AI74: 5 | AJ74: 0 | AK74: 0 | AL74: 5 | AM74: 3 | AN74: 2 | AO74: 1 | AP74: 0 | AQ74: 0 | AR74: 0 | AS74: 0 | AT74: 0 | AU74: 0 | AV74: 0 | AW74: 0 | AX74: 0
B75: 女Female | C75: 6 | D75: 0 | E75: 0 | F75: 6 | G75: 6 | H75: 0 | I75: 0 | J75: 6 | K75: 0 | L75: 0 | M75: 0 | N75: 0 | O75: 0 | P75: 0 | Q75: 0 | R75: 0 | S75: 0 | T75: 0 | U75: 0 | V75: 0 | W75: 0 | X75: 0 | Y75: 0 | Z75: 0 | AA75: 8 | AB75: 4 | AC75: 0 | AD75: 4 | AE75: 3 | AF75: 3 | AG75: 0 | AH75: 0 | AI75: 4 | AJ75: 0 | AK75: 0 | AL75: 4 | AM75: 1 | AN75: 1 | AO75: 0 | AP75: 0 | AQ75: 0 | AR75: 0 | AS75: 0 | AT75: 0 | AU75: 0 | AV75: 0 | AW75: 0 | AX75: 0
A76: 資料來源：直轄市、縣﹝市﹞政府。
A77: 備註：「服務個案人數」中個案具有多重身分時，認定優先順序，依序為『50歲以上失智者』、『55-64歲原住民』、『65歲以下領有身心障礙證明者』、『65歲以上領有身心障礙證明者』、『65歲以上老人(含IADLs失能且獨居老人)』。
A78: Source: County and Government.
A80: 更新日期：2020/4/20

Sheet 107
A1: 長期照顧十年計畫－交通接送服務 Achievements of Ten-year Long Term Care Program by Transportation Pick-up Services
A2: 民國107年, 2018
A3: 區域別 Locality | C3: 期底服務人數 Persons Serviced (End of Year) | O3: 服務趟數 No. of Runs
C4: 合計 Total | F4: 長照低收入 | I4: 長照中低收入 | L4: 長照一般戶 | O4: 合計 Total | R4: 長照低收入 | U4: 長照中低收入 | X4: 長照一般戶
C5: 計 Subtotal | D5: 男 Male | E5: 女 Female | F5: 計 Subtotal | G5: 男 Male | H5: 女 Female | I5: 計 Subtotal | J5: 男 Male | K5: 女 Female | L5: 計 Subtotal | M5: 男 Male | N5: 女 Female | O5: 計 Subtotal | P5: 男 Male | Q5: 女 Female | R5: 計 Subtotal | S5: 男 Male | T5: 女 Female | U5: 計 Subtotal | V5: 男 Male | W5: 女 Female | X5: 計 Subtotal | Y5: 男 Male | Z5: 女 Female
A7: 總 計 | B7: Total | C7: 41013 | D7: 21177 | E7: 19836 | F7: 5769 | G7: 3315 | H7: 2454 | I7: 3362 | J7: 2037 | K7: 1325 | L7: 31882 | M7: 15825 | N7: 16057 | O7: 501681 | P7: 261664 | Q7: 240017 | R7: 63967 | S7: 37519 | T7: 26448 | U7: 46458 | V7: 28369 | W7: 18089 | X7: 391256 | Y7: 195776 | Z7: 195480
A8: 新北市 | B8: New Taipei City | C8: 6361 | D8: 3379 | E8: 2982 | F8: 549 | G8: 486 | H8: 63 | I8: 0 | J8: 0 | K8: 0 | L8: 5812 | M8: 2893 | N8: 2919 | O8: 97646 | P8: 50685 | Q8: 46961 | R8: 6511 | S8: 5708 | T8: 803 | U8: 0 | V8: 0 | W8: 0 | X8: 91135 | Y8: 44977 | Z8: 46158
A9: 臺北市 | B9: Taipei City | C9: 5492 | D9: 2481 | E9: 3011 | F9: 563 | G9: 249 | H9: 314 | I9: 116 | J9: 63 | K9: 53 | L9: 4813 | M9: 2169 | N9: 2644 | O9: 42303 | P9: 18570 | Q9: 23733 | R9: 4386 | S9: 1964 | T9: 2422 | U9: 1562 | V9: 489 | W9: 1073 | X9: 36355 | Y9: 16117 | Z9: 20238
A10: 桃園市 | B10: Taoyuan City | C10: 1729 | D10: 801 | E10: 928 | F10: 229 | G10: 96 | H10: 133 | I10: 203 | J10: 111 | K10: 92 | L10: 1297 | M10: 594 | N10: 703 | O10: 19158 | P10: 7438 | Q10: 11720 | R10: 2385 | S10: 965 | T10: 1420 | U10: 2115 | V10: 1162 | W10: 953 | X10: 14658 | Y10: 5311 | Z10: 9347
A11: 臺中市 | B11: Taichung City | C11: 4299 | D11: 2302 | E11: 1997 | F11: 1199 | G11: 697 | H11: 502 | I11: 261 | J11: 121 | K11: 140 | L11: 2839 | M11: 1484 | N11: 1355 | O11: 27127 | P11: 15062 | Q11: 12065 | R11: 7976 | S11: 4701 | T11: 3275 | U11: 1861 | V11: 940 | W11: 921 | X11: 17290 | Y11: 9421 | Z11: 7869
A12: 臺南市 | B12: Tainan City | C12: 240 | D12: 125 | E12: 115 | F12: 23 | G12: 11 | H12: 12 | I12: 49 | J12: 22 | K12: 27 | L12: 168 | M12: 92 | N12: 76 | O12: 17081 | P12: 9195 | Q12: 7886 | R12: 1234 | S12: 437 | T12: 797 | U12: 3239 | V12: 2172 | W12: 1067 | X12: 12608 | Y12: 6586 | Z12: 6022
A13: 高雄市 | B13: Kaohsiung City | C13: 6035 | D13: 3462 | E13: 2573 | F13: 1127 | G13: 590 | H13: 537 | I13: 897 | J13: 604 | K13: 293 | L13: 4011 | M13: 2268 | N13: 1743 | O13: 59723 | P13: 36007 | Q13: 23716 | R13: 10777 | S13: 5690 | T13: 5087 | U13: 9286 | V13: 6487 | W13: 2799 | X13: 39660 | Y13: 23830 | Z13: 15830
A14: 宜蘭縣 | B14: Yilan County | C14: 1980 | D14: 1089 | E14: 891 | F14: 242 | G14: 159 | H14: 83 | I14: 204 | J14: 138 | K14: 66 | L14: 1534 | M14: 792 | N14: 742 | O14: 22112 | P14: 11330 | Q14: 10782 | R14: 2243 | S14: 1571 | T14: 672 | U14: 2492 | V14: 1497 | W14: 995 | X14: 17377 | Y14: 8262 | Z14: 9115
A15: 新竹縣 | B15: Hsinchu County | C15: 129 | D15: 66 | E15: 63 | F15: 10 | G15: 6 | H15: 4 | I15: 7 | J15: 3 | K15: 4 | L15: 112 | M15: 57 | N15: 55 | O15: 7258 | P15: 4574 | Q15: 2684 | R15: 696 | S15: 505 | T15: 191 | U15: 406 | V15: 187 | W15: 219 | X15: 6156 | Y15: 3882 | Z15: 2274
A16: 苗栗縣 | B16: Miaoli County | C16: 808 | D16: 371 | E16: 437 | F16: 64 | G16: 35 | H16: 29 | I16: 82 | J16: 50 | K16: 32 | L16: 662 | M16: 286 | N16: 376 | O16: 24767 | P16: 12708 | Q16: 12059 | R16: 3223 | S16: 1750 | T16: 1473 | U16: 4349 | V16: 2692 | W16: 1657 | X16: 17195 | Y16: 8266 | Z16: 8929
A17: 彰化縣 | B17: Changhua County | C17: 3568 | D17: 1718 | E17: 1850 | F17: 403 | G17: 208 | H17: 195 | I17: 314 | J17: 202 | K17: 112 | L17: 2851 | M17: 1308 | N17: 1543 | O17: 32041 | P17: 16179 | Q17: 15862 | R17: 4110 | S17: 2007 | T17: 2103 | U17: 3731 | V17: 2515 | W17: 1216 | X17: 24200 | Y17: 11657 | Z17: 12543
A18: 南投縣 | B18: Nantou County | C18: 2759 | D18: 1487 | E18: 1272 | F18: 265 | G18: 125 | H18: 140 | I18: 422 | J18: 266 | K18: 156 | L18: 2072 | M18: 1096 | N18: 976 | O18: 21382 | P18: 12479 | Q18: 8903 | R18: 2401 | S18: 1448 | T18: 953 | U18: 3247 | V18: 2051 | W18: 1196 | X18: 15734 | Y18: 8980 | Z18: 6754
... A29: 連江縣 | B29: Lienchiang County | C29: 15 | D29: 8 | E29: 7 | F29: 0 | G29: 0 | H29: 0 | I29: 0 | J29: 0 | K29: 0 | L29: 15 | M29: 8 | N29: 7 | O29: 525 | P29: 353 | Q29: 172 | R29: 0 | S29: 0 | T29: 0 | U29: 0 | V29: 0 | W29: 0 | X29: 525 | Y29: 353 | Z29: 172
A30: 資料來源：直轄市、縣﹝市﹞政府。
A31: Source: County and Government.
A33: 更新日期：2019/04/01
A34: 總 計 | B34: Total | C34: 38540 | D34: 20156 | E34: 18384 | F34: 5499 | G34: 3207 | H34: 2292 | I34: 3187 | J34: 1946 | K34: 1241 | L34: 29854 | M34: 15003 | N34: 14851 | O34: 479535 | P34: 251956 | Q34: 227579 | R34: 61716 | S34: 36489 | T34: 25227 | U34: 44484 | V34: 27231 | W34: 17253 | X34: 373335 | Y34: 188236 | Z34: 185099
A35: 新北市 | B35: New Taipei City | C35: 6361 | D35: 3379 | E35: 2982 | F35: 549 | G35: 486 | H35: 63 | I35: - | J35: - | K35: - | L35: 5812 | M35: 2893 | N35: 2919 | O35: 97646 | P35: 50685 | Q35: 46961 | R35: 6511 | S35: 5708 | T35: 803 | U35: - | V35: - | W35: - | X35: 91135 | Y35: 44977 | Z35: 46158
A36: 臺北市 | B36: Taipei City | C36: 4271 | D36: 1993 | E36: 2278 | F36: 454 | G36: 202 | H36: 252 | I36: 94 | J36: 50 | K36: 44 | L36: 3723 | M36: 1741 | N36: 1982 | O36: 35902 | P36: 16109 | Q36: 19793 | R36: 3852 | S36: 1702 | T36: 2150 | U36: 1409 | V36: 431 | W36: 978 | X36: 30641 | Y36: 13976 | Z36: 16665
A37: 桃園市 | B37: Taoyuan City | C37: 1729 | D37: 801 | E37: 928 | F37: 229 | G37: 96 | H37: 133 | I37: 203 | J37: 111 | K37: 92 | L37: 1297 | M37: 594 | N37: 703 | O37: 19158 | P37: 7438 | Q37: 11720 | R37: 2385 | S37: 965 | T37: 1420 | U37: 2115 | V37: 1162 | W37: 953 | X37: 14658 | Y37: 5311 | Z37: 9347
A38: 臺中市 | B38: Taichung City | C38: 4198 | D38: 2265 | E38: 1933 | F38: 1176 | G38: 688 | H38: 488 | I38: 250 | J38: 120 | K38: 130 | L38: 2772 | M38: 1457 | N38: 1315 | O38: 26773 | P38: 14902 | Q38: 11871 | R38: 7911 | S38: 4672 | T38: 3239 | U38: 1799 | V38: 890 | W38: 909 | X38: 17063 | Y38: 9340 | Z38: 7723
A39: 臺南市 | B39: Tainan City | C39: 240 | D39: 125 | E39: 115 | F39: 23 | G39: 11 | H39: 12 | I39: 49 | J39: 22 | K39: 27 | L39: 168 | M39: 92 | N39: 76 | O39: 17081 | P39: 9195 | Q39: 7886 | R39: 1234 | S39: 437 | T39: 797 | U39: 3239 | V39: 2172 | W39: 1067 | X39: 12608 | Y39: 6586 | Z39: 6022
A40: 高雄市 | B40: Kaohsiung City | C40: 6035 | D40: 3462 | E40: 2573 | F40: 1127 | G40: 590 | H40: 537 | I40: 897 | J40: 604 | K40: 293 | L40: 4011 | M40: 2268 | N40: 1743 | O40: 59723 | P40: 36007 | Q40: 23716 | R40: 10777 | S40: 5690 | T40: 5087 | U40: 9286 | V40: 6487 | W40: 2799 | X40: 39660 | Y40: 23830 | Z40: 15830
A41: 宜蘭縣 | B41: Yilan County | C41: 1980 | D41: 1089 | E41: 891 | F41: 242 | G41: 159 | H41: 83 | I41: 204 | J41: 138 | K41: 66 | L41: 1534 | M41: 792 | N41: 742 | O41: 22112 | P41: 11330 | Q41: 10782 | R41: 2243 | S41: 1571 | T41: 672 | U41: 2492 | V41: 1497 | W41: 995 | X41: 17377 | Y41: 8262 | Z41: 9115
A42: 新竹縣 | B42: Hsinchu County | C42: 129 | D42: 66 | E42: 63 | F42: 10 | G42: 6 | H42: 4 | I42: 7 | J42: 3 | K42: 4 | L42: 112 | M42: 57 | N42: 55 | O42: 7258 | P42: 4574 | Q42: 2684 | R42: 696 | S42: 505 | T42: 191 | U42: 406 | V42: 187 | W42: 219 | X42: 6156 | Y42: 3882 | Z42: 2274
A43: 苗栗縣 | B43: Miaoli County | C43: 737 | D43: 345 | E43: 392 | F43: 57 | G43: 33 | H43: 24 | I43: 72 | J43: 45 | K43: 27 | L43: 608 | M43: 267 | N43: 341 | O43: 21978 | P43: 11499 | Q43: 10479 | R43: 2956 | S43: 1637 | T43: 1319 | U43: 4053 | V43: 2543 | W43: 1510 | X43: 14969 | Y43: 7319 | Z43: 7650
A44: 彰化縣 | B44: Changhua County | C44: 3408 | D44: 1658 | E44: 1750 | F44: 387 | G44: 207 | H44: 180 | I44: 286 | J44: 191 | K44: 95 | L44: 2735 | M44: 1260 | N44: 1475 | O44: 30698 | P44: 15671 | Q44: 15027 | R44: 3995 | S44: 2005 | T44: 1990 | U44: 3485 | V44: 2401 | W44: 1084 | X44: 23218 | Y44: 11265 | Z44: 11953
A45: 南投縣 | B45: Nantou County | C45: 2419 | D45: 1338 | E45: 1081 | F45: 230 | G45: 107 | H45: 123 | I45: 402 | J45: 260 | K45: 142 | L45: 1787 | M45: 971 | N45: 816 | O45: 19139 | P45: 11314 | Q45: 7825 | R45: 2181 | S45: 1292 | T45: 889 | U45: 3126 | V45: 2023 | W45: 1103 | X45: 13832 | Y45: 7999 | Z45: 5833
A46: 雲林縣 | B46: Yunlin County | C46: 1573 | D46: 890 | E46: 683 | F46: 142 | G46: 83 | H46: 59 | I46: 104 | J46: 70 | K46: 34 | L46: 1327 | M46: 737 | N46: 590 | O46: 14323 | P46: 8409 | Q46: 5914 | R46: 1179 | S46: 724 | T46: 455 | U46: 1166 | V46: 717 | W46: 449 | X46: 11978 | Y46: 6968 | Z46: 5010
A47: 嘉義縣 | B47: Chiayi County | C47: 1114 | D47: 546 | E47: 568 | F47: 209 | G47: 133 | H47: 76 | I47: 139 | J47: 73 | K47: 66 | L47: 766 | M47: 340 | N47: 426 | O47: 9206 | P47: 4589 | Q47: 4617 | R47: 1963 | S47: 1230 | T47: 733 | U47: 1120 | V47: 617 | W47: 503 | X47: 6123 | Y47: 2742 | Z47: 3381
... A55: 金門縣 | B55: Kinmen County | C55: 123 | D55: 56 | E55: 67 | F55: 3 | G55: 2 | H55: 1 | I55: 2 | J55: 1 | K55: 1 | L55: 118 | M55: 53 | N55: 65 | O55: 9842 | P55: 4812 | Q55: 5030 | R55: 284 | S55: 274 | T55: 10 | U55: 39 | V55: 38 | W55: 1 | X55: 9519 | Y55: 4500 | Z55: 5019
A56: 連江縣 | B56: Lienchiang County | C56: 15 | D56: 8 | E56: 7 | F56: - | G56: - | H56: - | I56: - | J56: - | K56: - | L56: 15 | M56: 8 | N56: 7 | O56: 525 | P56: 353 | Q56: 172 | R56: - | S56: - | T56: - | U56: - | V56: - | W56: - | X56: 525 | Y56: 353 | Z56: 172
A58: 總 計 | B58: Total | C58: =IF(C34=C7,"","*") -> * | D58: =IF(D34=D7,"","*") -> * | E58: =IF(E34=E7,"","*") -> * | F58: =IF(F34=F7,"","*") -> * | G58: =IF(G34=G7,"","*") -> * | H58: =IF(H34=H7,"","*") -> * | I58: =IF(I34=I7,"","*") -> * | J58: =IF(J34=J7,"","*") -> * | ... Z58: =IF(Z34=Z7,"","*") -> *
A59: 新北市 | B59: New Taipei City | C59: =IF(C35=C8,"","*") | D59: =IF(D35=D8,"","*") | E59: =IF(E35=E8,"","*") | F59: =IF(F35=F8,"","*") | G59: =IF(G35=G8,"","*") | H59: =IF(H35=H8,"","*") | I59: =IF(I35=I8,"","*") -> * | J59: =IF(J35=J8,"","*") -> * | ... Z59: =IF(Z35=Z8,"","*")
A60: 臺北市 | B60: Taipei City | C60: =IF(C36=C9,"","*") -> * | D60: =IF(D36=D9,"","*") -> * | E60: =IF(E36=E9,"","*") -> * | F60: =IF(F36=F9,"","*") -> * | G60: =IF(G36=G9,"","*") -> * | H60: =IF(H36=H9,"","*") -> * | I60: =IF(I36=I9,"","*") -> * | J60: =IF(J36=J9,"","*") -> * | ... Z60: =IF(Z36=Z9,"","*") -> *
A61: 桃園市 | B61: Taoyuan City | C61: =IF(C37=C10,"","*") | D61: =IF(D37=D10,"","*") | E61: =IF(E37=E10,"","*") | F61: =IF(F37=F10,"","*") | G61: =IF(G37=G10,"","*") | H61: =IF(H37=H10,"","*") | I61: =IF(I37=I10,"","*") | J61: =IF(J37=J10,"","*") | ... Z61: =IF(Z37=Z10,"","*")
A62: 臺中市 | B62: Taichung City | C62: =IF(C38=C11,"","*") -> * | D62: =IF(D38=D11,"","*") -> * | E62: =IF(E38=E11,"","*") -> * | F62: =IF(F38=F11,"","*") -> * | G62: =IF(G38=G11,"","*") -> * | H62: =IF(H38=H11,"","*") -> * | I62: =IF(I38=I11,"","*") -> * | J62: =IF(J38=J11,"","*") -> * | ... Z62: =IF(Z38=Z11,"","*") -> *
A63: 臺南市 | B63: Tainan City | C63: =IF(C39=C12,"","*") | D63: =IF(D39=D12,"","*") | E63: =IF(E39=E12,"","*") | F63: =IF(F39=F12,"","*") | G63: =IF(G39=G12,"","*") | H63: =IF(H39=H12,"","*") | I63: =IF(I39=I12,"","*") | J63: =IF(J39=J12,"","*") | ... Z63: =IF(Z39=Z12,"","*")
A64: 高雄市 | B64: Kaohsiung City | C64: =IF(C40=C13,"","*") | D64: =IF(D40=D13,"","*") | E64: =IF(E40=E13,"","*") | F64: =IF(F40=F13,"","*") | G64: =IF(G40=G13,"","*") | H64: =IF(H40=H13,"","*") | I64: =IF(I40=I13,"","*") | J64: =IF(J40=J13,"","*") | ... Z64: =IF(Z40=Z13,"","*")
A65: 宜蘭縣 | B65: Yilan County | C65: =IF(C41=C14,"","*") | D65: =IF(D41=D14,"","*") | E65: =IF(E41=E14,"","*") | F65: =IF(F41=F14,"","*") | G65: =IF(G41=G14,"","*") | H65: =IF(H41=H14,"","*") | I65: =IF(I41=I14,"","*") | J65: =IF(J41=J14,"","*") | ... Z65: =IF(Z41=Z14,"","*")
A66: 新竹縣 | B66: Hsinchu County | C66: =IF(C42=C15,"","*") | D66: =IF(D42=D15,"","*") | E66: =IF(E42=E15,"","*") | F66: =IF(F42=F15,"","*") | G66: =IF(G42=G15,"","*") | H66: =IF(H42=H15,"","*") | I66: =IF(I42=I15,"","*") | J66: =IF(J42=J15,"","*") | ... Z66: =IF(Z42=Z15,"","*")
A67: 苗栗縣 | B67: Miaoli County | C67: =IF(C43=C16,"","*") -> * | D67: =IF(D43=D16,"","*") -> * | E67: =IF(E43=E16,"","*") -> * | F67: =IF(F43=F16,"","*") -> * | G67: =IF(G43=G16,"","*") -> * | H67: =IF(H43=H16,"","*") -> * | I67: =IF(I43=I16,"","*") -> * | J67: =IF(J43=J16,"","*") -> * | ... Z67: =IF(Z43=Z16,"","*") -> *
A68: 彰化縣 | B68: Changhua County | C68: =IF(C44=C17,"","*") -> * | D68: =IF(D44=D17,"","*") -> * | E68: =IF(E44=E17,"","*") -> * | F68: =IF(F44=F17,"","*") -> * | G68: =IF(G44=G17,"","*") -> * | H68: =IF(H44=H17,"","*") -> * | I68: =IF(I44=I17,"","*") -> * | J68: =IF(J44=J17,"","*") -> * | ... Z68: =IF(Z44=Z17,"","*") -> *
A69: 南投縣 | B69: Nantou County | C69: =IF(C45=C18,"","*") -> * | D69: =IF(D45=D18,"","*") -> * | E69: =IF(E45=E18,"","*") -> * | F69: =IF(F45=F18,"","*") -> * | G69: =IF(G45=G18,"","*") -> * | H69: =IF(H45=H18,"","*") -> * | I69: =IF(I45=I18,"","*") -> * | J69: =IF(J45=J18,"","*") -> * | ... Z69: =IF(Z45=Z18,"","*") -> *
... A80: 連江縣 | B80: Lienchiang County | C80: =IF(C56=C29,"","*") | D80: =IF(D56=D29,"","*") | E80: =IF(E56=E29,"","*") | F80: =IF(F56=F29,"","*") -> * | G80: =IF(G56=G29,"","*") -> * | H80: =IF(H56=H29,"","*") -> * | I80: =IF(I56=I29,"","*") -> * | J80: =IF(J56=J29,"","*") -> * | ... Z80: =IF(Z56=Z29,"","*")

Sheet 106
A1: 長期照顧十年計畫－交通接送服務 Achievements of Ten-year Long Term Care Program by Transportation Pick-up Services
A2: 民國106年, 2017
A3: 區域別 Locality | C3: 期底服務人數 Persons Serviced (End of Year) | L3: 服務趟數 No. of Runs
C4: 合計 Total | F4: 低收入 Low-income | H4: 中低收入 Mid-income | J4: 中低收入 Mid-income | L4: 合計 Total | O4: 低收入 Low-income | Q4: 中低收入 Mid-income | S4: 中低收入 Mid-income
C5: 計 Subtotal | D5: 男 Male | E5: 女 Female | F5: 男 Male | G5: 女 Female | H5: 男 Male | I5: 女 Female | J5: 男 Male | K5: 女 Female | L5: 計 Subtotal | M5: 男 Male | N5: 女 Female | O5: 男 Male | P5: 女 Female | Q5: 男 Male | R5: 女 Female | S5: 男 Male | T5: 女 Female
A7: 總 計 | B7: Total | C7: 27428 | D7: 14163 | E7: 13265 | F7: 2019 | G7: 1742 | H7: 1731 | I7: 1302 | J7: 10413 | K7: 10221 | L7: 367650 | M7: 195122 | N7: 172528 | O7: 24442 | P7: 19215 | Q7: 26841 | R7: 17747 | S7: 143839 | T7: 135566
A8: 新北市 | B8: New Taipei City | C8: 735 | D8: 363 | E8: 372 | F8: 2 | G8: 4 | H8: 0 | I8: 0 | J8: 361 | K8: 368 | L8: 41787 | M8: 19850 | N8: 21937 | O8: 148 | P8: 108 | Q8: 140 | R8: 234 | S8: 19562 | T8: 21595
A9: 臺北市 | B9: Taipei City | C9: 5023 | D9: 2230 | E9: 2793 | F9: 156 | G9: 102 | H9: 135 | I9: 235 | J9: 1939 | K9: 2456 | L9: 42958 | M9: 19278 | N9: 23680 | O9: 1538 | P9: 1007 | Q9: 1331 | R9: 1951 | S9: 16409 | T9: 20722
A10: 桃園市 | B10: Taoyuan City | C10: 1025 | D10: 468 | E10: 557 | F10: 49 | G10: 79 | H10: 45 | I10: 67 | J10: 374 | K10: 411 | L10: 12860 | M10: 5495 | N10: 7365 | O10: 1107 | P10: 929 | Q10: 555 | R10: 729 | S10: 3833 | T10: 5707
A11: 臺中市 | B11: Taichung City | C11: 2513 | D11: 1350 | E11: 1163 | F11: 306 | G11: 244 | H11: 87 | I11: 104 | J11: 957 | K11: 815 | L11: 23481 | M11: 12867 | N11: 10614 | O11: 3136 | P11: 2328 | Q11: 930 | R11: 997 | S11: 8801 | T11: 7289
A12: 臺南市 | B12: Tainan City | C12: 975 | D12: 531 | E12: 444 | F12: 28 | G12: 76 | H12: 108 | I12: 49 | J12: 395 | K12: 319 | L12: 15396 | M12: 8242 | N12: 7154 | O12: 185 | P12: 1024 | Q12: 2162 | R12: 1120 | S12: 5895 | T12: 5010
A13: 高雄市 | B13: Kaohsiung City | C13: 4701 | D13: 2774 | E13: 1927 | F13: 472 | G13: 477 | H13: 447 | I13: 166 | J13: 1855 | K13: 1284 | L13: 48423 | M13: 30203 | N13: 18220 | O13: 4726 | P13: 4264 | Q13: 4863 | R13: 1635 | S13: 20614 | T13: 12321
A14: 宜蘭縣 | B14: Yilan County | C14: 1042 | D14: 549 | E14: 493 | F14: 66 | G14: 32 | H14: 58 | I14: 52 | J14: 425 | K14: 409 | L14: 13495 | M14: 6935 | N14: 6560 | O14: 833 | P14: 616 | Q14: 824 | R14: 708 | S14: 5278 | T14: 5236
A15: 新竹縣 | B15: Hsinchu County | C15: 495 | D15: 288 | E15: 207 | F15: 41 | G15: 31 | H15: 6 | I15: 1 | J15: 241 | K15: 175 | L15: 6525 | M15: 4157 | N15: 2368 | O15: 503 | P15: 336 | Q15: 96 | R15: 32 | S15: 3558 | T15: 2000
A16: 苗栗縣 | B16: Miaoli County | C16: 2267 | D16: 1173 | E16: 1094 | F16: 149 | G16: 113 | H16: 202 | I16: 140 | J16: 822 | K16: 841 | L16: 21108 | M16: 11671 | N16: 9437 | O16: 1596 | P16: 1175 | Q16: 2234 | R16: 1514 | S16: 7841 | T16: 6748
A17: 彰化縣 | B17: Changhua County | C17: 1577 | D17: 791 | E17: 786 | F17: 121 | G17: 134 | H17: 149 | I17: 65 | J17: 521 | K17: 587 | L17: 11657 | M17: 6208 | N17: 5449 | O17: 1062 | P17: 1074 | Q17: 1418 | R17: 462 | S17: 3728 | T17: 3913
A18: 南投縣 | B18: Nantou County | C18: 643 | D18: 375 | E18: 268 | F18: 56 | G18: 35 | H18: 107 | I18: 69 | J18: 212 | K18: 164 | L18: 34946 | M18: 21045 | N18: 13901 | O18: 2147 | P18: 953 | Q18: 6122 | R18: 3129 | S18: 12776 | T18: 9819
... A29: 連江縣 | B29: Lienchiang County | C29: 11 | D29: 8 | E29: 3 | F29: 0 | G29: 0 | H29: 0 | I29: 0 | J29: 8 | K29: 3 | L29: 792 | M29: 480 | N29: 312 | O29: 0 | P29: 0 | Q29: 0 | R29: 0 | S29: 480 | T29: 312
A30: 資料來源：直轄市、縣﹝市﹞政府。
A31: Source: County and Government.
A33: 更新日期：2018/3/31

Sheet 105
A1: 長期照顧十年計畫－交通接送服務 Achievements of Ten-year Long Term Care Program by Transportation Pick-up Services
A2: 民國105年, 2016
A3: 區域別 Locality | C3: 期底服務人數 Persons Serviced (End of Year)(人) | L3: 服務趟數 No. of Runs (趟)
C4: 合計 Total | F4: 低收入 Low-income | H4: 中低收入 Mid-income | J4: 一般戶 General | L4: 合計 Total | O4: 低收入 Low-income | Q4: 中低收入 Mid-income | S4: 一般戶 General
C5: 計 Subtotal | D5: 男 Male | E5: 女 Female | F5: 男 Male | G5: 女 Female | H5: 男 Male | I5: 女 Female | J5: 男 Male | K5: 女 Female | L5: 計 Subtotal | M5: 男 Male | N5: 女 Female | O5: 男 Male | P5: 女 Female | Q5: 男 Male | R5: 女 Female | S5: 男 Male | T5: 女 Female
A7: 總 計 | B7: Total | C7: 24703 | D7: 12761 | E7: 11942 | F7: 1761 | G7: 1561 | H7: 1542 | I7: 1258 | J7: 9458 | K7: 9123 | L7: 328853 | M7: 173975 | N7: 154878 | O7: 21670 | P7: 17779 | Q7: 21790 | R7: 16639 | S7: 130515 | T7: 120460
A8: 新北市 | B8: New Taipei City | C8: 402 | D8: 192 | E8: 210 | F8: 3 | G8: 2 | H8: 2 | I8: 4 | J8: 187 | K8: 204 | L8: 41254 | M8: 21000 | N8: 20254 | O8: 1280 | P8: 1181 | Q8: 46 | R8: 307 | S8: 19674 | T8: 18766
A9: 臺北市 | B9: Taipei City | C9: 4876 | D9: 2289 | E9: 2587 | F9: 167 | G9: 84 | H9: 153 | I9: 212 | J9: 1969 | K9: 2291 | L9: 39726 | M9: 18011 | N9: 21715 | O9: 1566 | P9: 1071 | Q9: 1280 | R9: 1793 | S9: 15165 | T9: 18851
A10: 桃園市 | B10: Taoyuan City | C10: 855 | D10: 389 | E10: 466 | F10: 42 | G10: 81 | H10: 51 | I10: 36 | J10: 296 | K10: 349 | L10: 14797 | M10: 6252 | N10: 8545 | O10: 1280 | P10: 1462 | Q10: 358 | R10: 527 | S10: 4614 | T10: 6556
A11: 臺中市 | B11: Taichung City | C11: 2213 | D11: 1171 | E11: 1042 | F11: 309 | G11: 211 | H11: 91 | I11: 77 | J11: 771 | K11: 754 | L11: 18570 | M11: 10503 | N11: 8067 | O11: 2891 | P11: 1543 | Q11: 918 | R11: 694 | S11: 6694 | T11: 5830
A12: 臺南市 | B12: Tainan City | C12: 762 | D12: 407 | E12: 355 | F12: 14 | G12: 53 | H12: 102 | I12: 59 | J12: 291 | K12: 243 | L12: 13792 | M12: 7517 | N12: 6275 | O12: 229 | P12: 732 | Q12: 1796 | R12: 1055 | S12: 5492 | T12: 4488
A13: 高雄市 | B13: Kaohsiung City | C13: 4165 | D13: 2377 | E13: 1788 | F13: 367 | G13: 376 | H13: 366 | I13: 174 | J13: 1644 | K13: 1238 | L13: 43330 | M13: 26244 | N13: 17086 | O13: 3821 | P13: 3612 | Q13: 4263 | R13: 1884 | S13: 18160 | T13: 11590
A14: 宜蘭縣 | B14: Yilan County | C14: 1392 | D14: 727 | E14: 665 | F14: 95 | G14: 115 | H14: 76 | I14: 57 | J14: 556 | K14: 493 | L14: 15067 | M14: 7765 | N14: 7302 | O14: 828 | P14: 1109 | Q14: 995 | R14: 560 | S14: 5942 | T14: 5633
A15: 新竹縣 | B15: Hsinchu County | C15: 537 | D15: 307 | E15: 230 | F15: 43 | G15: 22 | H15: 8 | I15: 8 | J15: 256 | K15: 200 | L15: 5774 | M15: 3511 | N15: 2263 | O15: 545 | P15: 225 | Q15: 57 | R15: 50 | S15: 2909 | T15: 1988
A16: 苗栗縣 | B16: Miaoli County | C16: 327 | D16: 169 | E16: 158 | F16: 20 | G16: 16 | H16: 32 | I16: 21 | J16: 117 | K16: 121 | L16: 19768 | M16: 10707 | N16: 9061 | O16: 1425 | P16: 1113 | Q16: 2055 | R16: 1569 | S16: 7227 | T16: 6379
A17: 彰化縣 | B17: Changhua County | C17: 1142 | D17: 578 | E17: 564 | F17: 73 | G17: 128 | H17: 123 | I17: 49 | J17: 382 | K17: 387 | L17: 9358 | M17: 5089 | N17: 4269 | O17: 698 | P17: 962 | Q17: 1098 | R17: 450 | S17: 3293 | T17: 2857
A18: 南投縣 | B18: Nantou County | C18: 297 | D18: 181 | E18: 116 | F18: 19 | G18: 5 | H18: 43 | I18: 22 | J18: 119 | K18: 89 | L18: 19914 | M18: 12307 | N18: 7607 | O18: 1099 | P18: 433 | Q18: 3301 | R18: 1860 | S18: 7907 | T18: 5314
... A29: 連江縣 | B29: Lienchiang County | C29: 8 | D29: 5 | E29: 3 | F29: 0 | G29: 0 | H29: 0 | I29: 0 | J29: 5 | K29: 3 | L29: 484 | M29: 282 | N29: 202 | O29: 0 | P29: 0 | Q29: 0 | R29: 0 | S29: 282 | T29: 202
A30: 資料來源：直轄市、縣﹝市﹞政府。
A31: Source: County and Government.
A33: 更新日期：2017/3/31

Sheet 104
A1: 長期照顧十年計畫－交通接送服務 Achievements of Ten-year Long Term Care Program by Transportation Pick-up Services
A2: 民國104年, 2015
A3: 區域別 Locality | C3: 期底服務人數 Persons Serviced (End of Year) | L3: 服務趟數 No. of Runs
C4: 合計 Total | F4: 低收入 Low-income | H4: 中低收入 Mid-income | J4: 一般戶 General | L4: 合計 Total | O4: 低收入 Low-income | Q4: 中低收入 Mid-income | S4: 一般戶 General
C5: 計 Subtotal | D5: 男 Male | E5: 女 Female | F5: 男 Male | G5: 女 Female | H5: 男 Male | I5: 女 Female | J5: 男 Male | K5: 女 Female | L5: 計 Subtotal | M5: 男 Male | N5: 女 Female | O5: 男 Male | P5: 女 Female | Q5: 男 Male | R5: 女 Female | S5: 男 Male | T5: 女 Female
A7: 總 計 | B7: Total | C7: 24724 | D7: 12694 | E7: 12030 | F7: 1871 | G7: 1535 | H7: 1410 | I7: 1289 | J7: 9413 | K7: 9206 | L7: 304667 | M7: 160366 | N7: 144301 | O7: 21237 | P7: 16534 | Q7: 20624 | R7: 15118 | S7: 118505 | T7: 112649
A8: 新北市 | B8: New Taipei City | C8: 390 | D8: 198 | E8: 192 | F8: 2 | G8: 3 | H8: 1 | I8: 4 | J8: 195 | K8: 185 | L8: 37073 | M8: 19239 | N8: 17834 | O8: 1114 | P8: 940 | Q8: 47 | R8: 274 | S8: 18078 | T8: 16620
A9: 臺北市 | B9: Taipei City | C9: 5727 | D9: 2614 | E9: 3113 | F9: 213 | G9: 143 | H9: 149 | I9: 263 | J9: 2252 | K9: 2707 | L9: 49805 | M9: 22445 | N9: 27360 | O9: 1989 | P9: 1428 | Q9: 1392 | R9: 2242 | S9: 19064 | T9: 23690
A10: 桃園市 | B10: Taoyuan City | C10: 803 | D10: 379 | E10: 424 | F10: 84 | G10: 99 | H10: 23 | I10: 36 | J10: 272 | K10: 289 | L10: 14484 | M10: 6398 | N10: 8086 | O10: 1484 | P10: 1512 | Q10: 343 | R10: 496 | S10: 4571 | T10: 6078
A11: 臺中市 | B11: Taichung City | C11: 1933 | D11: 1054 | E11: 879 | F11: 236 | G11: 129 | H11: 107 | I11: 109 | J11: 711 | K11: 641 | L11: 16278 | M11: 9040 | N11: 7238 | O11: 2032 | P11: 1101 | Q11: 1196 | R11: 979 | S11: 5812 | T11: 5158
A12: 臺南市 | B12: Tainan City | C12: 665 | D12: 286 | E12: 379 | F12: 30 | G12: 76 | H12: 60 | I12: 50 | J12: 196 | K12: 253 | L12: 6215 | M12: 2852 | N12: 3363 | O12: 410 | P12: 577 | Q12: 564 | R12: 517 | S12: 1878 | T12: 2269
A13: 高雄市 | B13: Kaohsiung City | C13: 3789 | D13: 2164 | E13: 1625 | F13: 410 | G13: 374 | H13: 355 | I13: 185 | J13: 1399 | K13: 1066 | L13: 38682 | M13: 22992 | N13: 15690 | O13: 3941 | P13: 3408 | Q13: 3736 | R13: 1996 | S13: 15315 | T13: 10286
A14: 宜蘭縣 | B14: Yilan County | C14: 1383 | D14: 771 | E14: 612 | F14: 103 | G14: 71 | H14: 85 | I14: 45 | J14: 583 | K14: 496 | L14: 14128 | M14: 7507 | N14: 6621 | O14: 972 | P14: 696 | Q14: 806 | R14: 417 | S14: 5729 | T14: 5508
A15: 新竹縣 | B15: Hsinchu County | C15: 508 | D15: 323 | E15: 185 | F15: 56 | G15: 11 | H15: - | I15: 6 | J15: 267 | K15: 168 | L15: 5321 | M15: 3501 | N15: 1820 | O15: 645 | P15: 125 | Q15: 6 | R15: 19 | S15: 2850 | T15: 1676
A16: 苗栗縣 | B16: Miaoli County | C16: 594 | D16: 301 | E16: 293 | F16: 39 | G16: 35 | H16: 55 | I16: 39 | J16: 207 | K16: 219 | L16: 20559 | M16: 10963 | N16: 9596 | O16: 1569 | P16: 1368 | Q16: 2265 | R16: 1436 | S16: 7129 | T16: 6792
A17: 彰化縣 | B17: Changhua County | C17: 1014 | D17: 542 | E17: 472 | F17: 57 | G17: 101 | H17: 130 | I17: 62 | J17: 355 | K17: 309 | L17: 9679 | M17: 5679 | N17: 4000 | O17: 588 | P17: 892 | Q17: 1847 | R17: 649 | S17: 3244 | T17: 2459
A18: 南投縣 | B18: Nantou County | C18: 297 | D18: 178 | E18: 119 | F18: 18 | G18: 6 | H18: 58 | I18: 30 | J18: 102 | K18: 83 | L18: 18580 | M18: 11779 | N18: 6801 | O18: 1122 | P18: 374 | Q18: 3967 | R18: 2002 | S18: 6690 | T18: 4425
A19: 雲林縣 | B19: Yunlin County | C19: 836 | D19: 468 | E19: 368 | F19: 17 | G19: 19 | H19: 52 | I19: 20 | J19: 399 | K19: 329 | L19: 8624 | M19: 5066 | N19: 3558 | O19: 214 | P19: 202 | Q19: 643 | R19: 208 | S19: 4209 | T19: 3148
A20: 嘉義縣 | B20: Chiayi County | C20: 895 | D20: 481 | E20: 414 | F20: 134 | G20: 53 | H20: 76 | I20: 132 | J20: 271 | K20: 229 | L20: 7251 | M20: 4069 | N20: 3182 | O20: 1206 | P20: 415 | Q20: 519 | R20: 894 | S20: 2344 | T20: 1873
A21: 屏東縣 | B21: Pingtung County | C21: 874 | D21: 374 | E21: 500 | F21: 86 | G21: 91 | H21: 38 | I21: 54 | J21: 250 | K21: 355 | L21: 8831 | M21: 3901 | N21: 4930 | O21: 954 | P21: 696 | Q21: 550 | R21: 588 | S21: 2397 | T21: 3646
A22: 臺東縣 | B22: Taitung County | C22: 584 | D22: 308 | E22: 276 | F22: 78 | G22: 45 | H22: 16 | I22: 18 | J22: 214 | K22: 213 | L22: 6234 | M22: 3213 | N22: 3021 | O22: 729 | P22: 519 | Q22: 176 | R22: 189 | S22: 2308 | T22: 2313
A23: 花蓮縣 | B23: Hualien County | C23: 1423 | D23: 730 | E23: 693 | F23: 79 | G23: 57 | H23: 31 | I23: 111 | J23: 620 | K23: 525 | L23: 12915 | M23: 6707 | N23: 6208 | O23: 380 | P23: 397 | Q23: 1055 | R23: 1013 | S23: 5272 | T23: 4798
A24: 澎湖縣 | B24: Penghu County | C24: 42 | D24: 17 | E24: 25 | F24: - | G24: 2 | H24: 1 | I24: - | J24: 16 | K24: 23 | L24: 2472 | M24: 1240 | N24: 1232 | O24: 30 | P24: 12 | Q24: 122 | R24: 40 | S24: 1088 | T24: 1180
A25: 基隆市 | B25: Keelung City | C25: 357 | D25: 162 | E25: 195 | F25: 45 | G25: 16 | H25: 26 | I25: 32 | J25: 91 | K25: 147 | L25: 3579 | M25: 1698 | N25: 1881 | O25: 491 | P25: 130 | Q25: 287 | R25: 402 | S25: 920 | T25: 1349
A26: 新竹市 | B26: Hsinchu City | C26: 1403 | D26: 790 | E26: 613 | F26: 118 | G26: 103 | H26: 106 | I26: 67 | J26: 566 | K26: 443 | L26: 9031 | M26: 5007 | N26: 4024 | O26: 758 | P26: 809 | Q26: 653 | R26: 526 | S26: 3596 | T26: 2689
A27: 嘉義市 | B27: Chiayi City | C27: 590 | D27: 282 | E27: 308 | F27: 59 | G27: 101 | H27: 41 | I27: 26 | J27: 182 | K27: 181 | L27: 5582 | M27: 2770 | N27: 2812 | O27: 521 | P27: 933 | Q27: 450 | R27: 231 | S27: 1799 | T27: 1648
A28: 金門縣 | B28: Kinmen County | C28: 598 | D28: 263 | E28: 335 | F28: 7 | G28: - | H28: - | I28: - | J28: 256 | K28: 335 | L28: 8710 | M28: 3859 | N28: 4851 | O28: 88 | P28: - | Q28: - | R28: - | S28: 3771 | T28: 4851
A29: 連江縣 | B29: Lienchiang County | C29: 19 | D29: 9 | E29: 10 | F29: - | G29: - | H29: - | I29: - | J29: 9 | K29: 10 | L29: 634 | M29: 441 | N29: 193 | O29: - | P29: - | Q29: - | R29: - | S29: 441 | T29: 193
A30: 資料來源：直轄市、縣﹝市﹞政府。
A31: Source: County and Government.
A33: 更新日期2016/03/31

Sheet 103
A1: 長期照顧十年計畫－交通接送服務 Achievements of Ten-year Long Term Care Program by Transportation Pick-up Services
A2: 民國103年, 2014
A3: 區域別 Locality | C3: 期底服務人數 Persons Serviced (End of Year) | L3: 服務趟數 No. of Runs
C4: 合計 Total | F4: 低收入 Low-income | H4: 中低收入 Mid-income | J4: 一般戶 General | L4: 合計 Total | O4: 低收入 Low-income | Q4: 中低收入 Mid-income | S4: 一般戶 General
C5: 計 Subtotal | D5: 男 Male | E5: 女 Female | F5: 男 Male | G5: 女 Female | H5: 男 Male | I5: 女 Female | J5: 男 Male | K5: 女 Female | L5: 計 Subtotal | M5: 男 Male | N5: 女 Female | O5: 男 Male | P5: 女 Female | Q5: 男 Male | R5: 女 Female | S5: 男 Male | T5: 女 Female
A7: 總 計 | B7: Total | C7: 25549 | D7: 13223 | E7: 12326 | F7: 1698 | G7: 1393 | H7: 1560 | I7: 1145 | J7: 9965 | K7: 9788 | L7: 293279 | M7: 155236 | N7: 138043 | O7: 18341 | P7: 14093 | Q7: 20517 | R7: 13771 | S7: 116378 | T7: 110179
A8: 新北市 | B8: New Taipei City | C8: 2575 | D8: 1324 | E8: 1251 | F8: 16 | G8: 29 | H8: 4 | I8: 4 | J8: 1304 | K8: 1218 | L8: 40965 | M8: 19383 | N8: 21582 | O8: 179 | P8: 298 | Q8: 19 | R8: 24 | S8: 19185 | T8: 21260
A9: 臺北市 | B9: Taipei City | C9: 5134 | D9: 2323 | E9: 2811 | F9: 234 | G9: 151 | H9: 165 | I9: 220 | J9: 1924 | K9: 2440 | L9: 41497 | M9: 18679 | N9: 22818 | O9: 2150 | P9: 1444 | Q9: 1466 | R9: 2075 | S9: 15063 | T9: 19299
A10: 臺中市 | B10: Taichung City | C10: 1900 | D10: 1085 | E10: 815 | F10: 208 | G10: 119 | H10: 162 | I10: 86 | J10: 715 | K10: 610 | L10: 16523 | M10: 9803 | N10: 6720 | O10: 1897 | P10: 1026 | Q10: 1613 | R10: 761 | S10: 6293 | T10: 4933
A11: 臺南市 | B11: Tainan City | C11: 1034 | D11: 540 | E11: 494 | F11: 32 | G11: 75 | H11: 145 | I11: 58 | J11: 363 | K11: 361 | L11: 12120 | M11: 6731 | N11: 5389 | O11: 368 | P11: 736 | Q11: 1779 | R11: 671 | S11: 4584 | T11: 3982
A12: 高雄市 | B12: Kaohsiung City | C12: 3514 | D12: 1965 | E12: 1549 | F12: 313 | G12: 328 | H12: 296 | I12: 176 | J12: 1356 | K12: 1045 | L12: 35614 | M12: 20731 | N12: 14883 | O12: 3031 | P12: 2830 | Q12: 3144 | R12: 2042 | S12: 14556 | T12: 10011
A13: 宜蘭縣 | B13: Yilan County | C13: 1031 | D13: 576 | E13: 455 | F13: 97 | G13: 46 | H13: 62 | I13: 52 | J13: 417 | K13: 357 | L13: 9795 | M13: 5172 | N13: 4623 | O13: 1060 | P13: 371 | Q13: 458 | R13: 690 | S13: 3654 | T13: 3562
A14: 桃園縣 | B14: Taoyuan County | C14: 790 | D14: 410 | E14: 380 | F14: 64 | G14: 79 | H14: 39 | I14: 43 | J14: 307 | K14: 258 | L14: 13380 | M14: 6674 | N14: 6706 | O14: 943 | P14: 969 | Q14: 610 | R14: 487 | S14: 5121 | T14: 5250
A15: 新竹縣 | B15: Hsinchu County | C15: 461 | D15: 322 | E15: 139 | F15: 54 | G15: 11 | H15: 4 | I15: 2 | J15: 264 | K15: 126 | L15: 4584 | M15: 3295 | N15: 1289 | O15: 659 | P15: 100 | Q15: 32 | R15: 23 | S15: 2604 | T15: 1166
A16: 苗栗縣 | B16: Miaoli County | C16: 602 | D16: 309 | E16: 293 | F16: 37 | G16: 27 | H16: 61 | I16: 32 | J16: 211 | K16: 234 | L16: 18904 | M16: 9773 | N16: 9131 | O16: 945 | P16: 1201 | Q16: 2018 | R16: 1256 | S16: 6810 | T16: 6674
A17: 彰化縣 | B17: Changhua County | C17: 909 | D17: 456 | E17: 453 | F17: 52 | G17: 78 | H17: 108 | I17: 64 | J17: 296 | K17: 311 | L17: 7640 | M17: 4362 | N17: 3278 | O17: 452 | P17: 538 | Q17: 1183 | R17: 600 | S17: 2727 | T17: 2140
A18: 南投縣 | B18: Nantou County | C18: 254 | D18: 153 | E18: 101 | F18: 13 | G18: 5 | H18: 48 | I18: 23 | J18: 92 | K18: 73 | L18: 15806 | M18: 9973 | N18: 5833 | O18: 879 | P18: 250 | Q18: 3400 | R18: 1653 | S18: 5694 | T18: 3930
... A23: 花蓮縣 | B23: Hualien County | C23: 1417 | D23: 762 | E23: 655 | F23: 61 | G23: 22 | H23: 127 | I23: 79 | J23: 574 | K23: 554 | L23: 12156 | M23: 6807 | N23: 5349 | O23: 446 | P23: 165 | Q23: 1072 | R23: 706 | S23: 5289 | T23: 4478
A24: 澎湖縣 | B24: Penghu County | C24: 128 | D24: 64 | E24: 64 | F24: - | G24: 4 | H24: - | I24: 3 | J24: 64 | K24: 57 | L24: 2181 | M24: 1448 | N24: 733 | O24: 6 | P24: 49 | Q24: 2 | R24: 12 | S24: 1440 | T24: 672
A25: 基隆市 | B25: Keelung City | C25: 326 | D25: 166 | E25: 160 | F25: 53 | G25: 7 | H25: 16 | I25: 29 | J25: 97 | K25: 124 | L25: 4824 | M25: 2615 | N25: 2209 | O25: 845 | P25: 31 | Q25: 123 | R25: 394 | S25: 1647 | T25: 1784
A26: 新竹市 | B26: Hsinchu City | C26: 1404 | D26: 784 | E26: 620 | F26: 124 | G26: 107 | H26: 83 | I26: 46 | J26: 577 | K26: 467 | L26: 16160 | M26: 8902 | N26: 7258 | O26: 1516 | P26: 1428 | Q26: 851 | R26: 540 | S26: 6535 | T26: 5290
A27: 嘉義市 | B27: Chiayi City | C27: 601 | D27: 261 | E27: 340 | F27: 45 | G27: 84 | H27: 32 | I27: 33 | J27: 184 | K27: 223 | L27: 5661 | M27: 2578 | N27: 3083 | O27: 405 | P27: 824 | Q27: 386 | R27: 342 | S27: 1787 | T27: 1917
A28: 金門縣 | B28: Kinmen County | C28: 498 | D28: 229 | E28: 269 | F28: 6 | G28: - | H28: - | I28: - | J28: 223 | K28: 269 | L28: 6863 | M28: 3182 | N28: 3681 | O28: 88 | P28: 8 | Q28: - | R28: - | S28: 3094 | T28: 3673
A29: 連江縣 | B29: Lienchiang County | C29: 14 | D29: 8 | E29: 6 | F29: - | G29: - | H29: - | I29: - | J29: 8 | K29: 6 | L29: 824 | M29: 604 | N29: 220 | O29: - | P29: - | Q29: - | R29: - | S29: 604 | T29: 220
A30: 資料來源：直轄市、縣﹝市﹞政府。
A31: Source: County and Government.

Sheet 102
A1: 長期照顧十年計畫－交通接送服務 Achievements of Ten-year Long Term Care Program by Transportation Pick-up Services
A2: 民國102年, 2013
A3: 區域別 Locality | C3: 期底服務人數 Persons Serviced (End of Year) | L3: 服務趟數 No. of Runs
C4: 合計 Total | F4: 低收入 Low-income | H4: 中低收入 Mid-income | J4: 一般戶 General | L4: 合計 Total | O4: 低收入 Low-income | Q4: 中低收入 Mid-income | S4: 一般戶 General
C5: 計 Subtotal | D5: 男 Male | E5: 女 Female | F5: 男 Male | G5: 女 Female | H5: 男 Male | I5: 女 Female | J5: 男 Male | K5: 女 Female | L5: 計 Subtotal | M5: 男 Male | N5: 女 Female | O5: 男 Male | P5: 女 Female | Q5: 男 Male | R5: 女 Female | S5: 男 Male | T5: 女 Female
A7: 總 計 | B7: Total | C7: 25782 | D7: 13660 | E7: 12122 | F7: 1669 | G7: 1306 | H7: 1863 | I7: 1479 | J7: 10128 | K7: 9337 | L7: 271462 | M7: 146793 | N7: 124669 | O7: 15340 | P7: 12119 | Q7: 20908 | R7: 15499 | S7: 110545 | T7: 97051
A8: 新北市 | B8: New Taipei City | C8: 2501 | D8: 1338 | E8: 1163 | F8: 14 | G8: 36 | H8: 2 | I8: 17 | J8: 1322 | K8: 1110 | L8: 43018 | M8: 20771 | N8: 22247 | O8: 88 | P8: 448 | Q8: 30 | R8: 895 | S8: 20653 | T8: 20904
A9: 臺北市 | B9: Taipei City | C9: 4699 | D9: 2089 | E9: 2610 | F9: 202 | G9: 148 | H9: 158 | I9: 229 | J9: 1729 | K9: 2233 | L9: 37330 | M9: 16982 | N9: 20348 | O9: 1993 | P9: 1310 | Q9: 1453 | R9: 2135 | S9: 13536 | T9: 16903
A10: 臺中市 | B10: Taichung City | C10: 1673 | D10: 975 | E10: 698 | F10: 235 | G10: 106 | H10: 133 | I10: 81 | J10: 607 | K10: 511 | L10: 13260 | M10: 8048 | N10: 5212 | O10: 1973 | P10: 891 | Q10: 1161 | R10: 617 | S10: 4914 | T10: 3704
A11: 臺南市 | B11: Tainan City | C11: 1193 | D11: 643 | E11: 550 | F11: 27 | G11: 65 | H11: 164 | I11: 98 | J11: 452 | K11: 387 | L11: 13639 | M11: 7465 | N11: 6174 | O11: 407 | P11: 622 | Q11: 1728 | R11: 864 | S11: 5330 | T11: 4688
A12: 高雄市 | B12: Kaohsiung City | C12: 2929 | D12: 1655 | E12: 1274 | F12: 275 | G12: 249 | H12: 244 | I12: 173 | J12: 1136 | K12: 852 | L12: 28957 | M12: 17004 | N12: 11953 | O12: 2461 | P12: 2276 | Q12: 2330 | R12: 1639 | S12: 12213 | T12: 8038
A13: 宜蘭縣 | B13: Yilan County | C13: 883 | D13: 506 | E13: 377 | F13: 54 | G13: 43 | H13: 57 | I13: 35 | J13: 395 | K13: 299 | L13: 8552 | M13: 4888 | N13: 3664 | O13: 794 | P13: 337 | Q13: 498 | R13: 302 | S13: 3596 | T13: 3025
A14: 桃園縣 | B14: Taoyuan County | C14: 953 | D14: 526 | E14: 427 | F14: 120 | G14: 125 | H14: 59 | I14: 44 | J14: 347 | K14: 258 | L14: 12872 | M14: 7132 | N14: 5740 | O14: 981 | P14: 1498 | Q14: 640 | R14: 445 | S14: 5511 | T14: 3797
A15: 新竹縣 | B15: Hsinchu County | C15: 380 | D15: 251 | E15: 129 | F15: 51 | G15: 14 | H15: 5 | I15: 2 | J15: 195 | K15: 113 | L15: 3831 | M15: 2471 | N15: 1360 | O15: 498 | P15: 156 | Q15: 16 | R15: 9 | S15: 1957 | T15: 1195
A16: 苗栗縣 | B16: Miaoli County | C16: 1845 | D16: 905 | E16: 940 | F16: 88 | G16: 90 | H16: 156 | I16: 114 | J16: 661 | K16: 736 | L16: 15845 | M16: 8016 | N16: 7829 | O16: 662 | P16: 785 | Q16: 1401 | R16: 1099 | S16: 5953 | T16: 5945
A17: 彰化縣 | B17: Changhua County | C17: 856 | D17: 471 | E17: 385 | F17: 53 | G17: 71 | H17: 128 | I17: 69 | J17: 290 | K17: 245 | L17: 7464 | M17: 4436 | N17: 3028 | O17: 410 | P17: 553 | Q17: 1340 | R17: 686 | S17: 2686 | T17: 1789
A18: 南投縣 | B18: Nantou County | C18: 231 | D18: 133 | E18: 98 | F18: 16 | G18: 3 | H18: 44 | I18: 26 | J18: 73 | K18: 69 | L18: 17469 | M18: 10494 | N18: 6975 | O18: 856 | P18: 282 | Q18: 3510 | R18: 1858 | S18: 6128 | T18: 4835
... A23: 花蓮縣 | B23: Hualien County | C23: 1401 | D23: 832 | E23: 569 | F23: 84 | G23: 19 | H23: 135 | I23: 80 | J23: 613 | K23: 470 | L23: 12663 | M23: 7248 | N23: 5415 | O23: 390 | P23: 132 | Q23: 1222 | R23: 737 | S23: 5636 | T23: 4546
A24: 澎湖縣 | B24: Penghu County | C24: 151 | D24: 93 | E24: 58 | F24: 2 | G24: - | H24: - | I24: 7 | J24: 91 | K24: 51 | L24: 1972 | M24: 1352 | N24: 620 | O24: 12 | P24: - | Q24: - | R24: 112 | S24: 1340 | T24: 508
A25: 基隆市 | B25: Keelung City | C25: 247 | D25: 137 | E25: 110 | F25: 32 | G25: 7 | H25: 7 | I25: 17 | J25: 98 | K25: 86 | L25: 2697 | M25: 1469 | N25: 1228 | O25: 377 | P25: 76 | Q25: 104 | R25: 139 | S25: 988 | T25: 1013
A26: 新竹市 | B26: Hsinchu City | C26: 2540 | D26: 1416 | E26: 1124 | F26: 116 | G26: 30 | H26: 318 | I26: 288 | J26: 982 | K26: 806 | L26: 19718 | M26: 10944 | N26: 8774 | O26: 708 | P26: 279 | Q26: 2654 | R26: 2433 | S26: 7582 | T26: 6062
A27: 嘉義市 | B27: Chiayi City | C27: 563 | D27: 261 | E27: 302 | F27: 38 | G27: 71 | H27: 34 | I27: 42 | J27: 189 | K27: 189 | L27: 5043 | M27: 2629 | N27: 2414 | O27: 343 | P27: 535 | Q27: 366 | R27: 383 | S27: 1920 | T27: 1496
A28: 金門縣 | B28: Kinmen County | C28: - | D28: - | E28: - | F28: - | G28: - | H28: - | I28: - | J28: - | K28: - | L28: - | M28: - | N28: - | O28: - | P28: - | Q28: - | R28: - | S28: - | T28: -
A29: 連江縣 | B29: Lienchiang County | C29: - | D29: - | E29: - | F29: - | G29: - | H29: - | I29: - | J29: - | K29: - | L29: 171 | M29: 118 | N29: 53 | O29: - | P29: - | Q29: - | R29: - | S29: 118 | T29: 53
A30: 資料來源：直轄市、縣﹝市﹞政府。
A31: Source: County and Government.

Sheet 101
A1: 長期照顧十年計畫－交通接送服務 Achievements of Ten-year Long Term Care Program by Transportation Pick-up Services
A2: 民國101年, 2012
A3: 區域別 Locality | C3: 期底服務人數 Persons Serviced (End of Year) | L3: 服務趟數 No. of Runs
C4: 合計 Total | F4: 低收入 Low-income | H4: 中低收入 Mid-income | J4: 一般戶 General | L4: 合計 Total | O4: 低收入 Low-income | Q4: 中低收入 Mid-income | S4: 一般戶 General
C5: 計 Subtotal | D5: 男 Male | E5: 女 Female | F5: 男 Male | G5: 女 Female | H5: 男 Male | I5: 女 Female | J5: 男 Male | K5: 女 Female | L5: 計 Subtotal | M5: 男 Male | N5: 女 Female | O5: 男 Male | P5: 女 Female | Q5: 男 Male | R5: 女 Female | S5: 男 Male | T5: 女 Female
A7: 總 計 | B7: Total | C7: 23638 | D7: 12380 | E7: 11258 | F7: 1557 | G7: 1310 | H7: 1979 | I7: 1486 | J7: 8844 | K7: 8462 | L7: 238963 | M7: 128839 | N7: 110124 | O7: 14221 | P7: 11826 | Q7: 19681 | R7: 12756 | S7: 94937 | T7: 85542
A8: 新北市 | B8: New Taipei City | C8: 2740 | D8: 1405 | E8: 1335 | F8: 10 | G8: 41 | H8: 8 | I8: 29 | J8: 1387 | K8: 1265 | L8: 40119 | M8: 19798 | N8: 20321 | O8: 79 | P8: 677 | Q8: 89 | R8: 298 | S8: 19630 | T8: 19346
A9: 臺北市 | B9: Taipei City | C9: 4336 | D9: 1886 | E9: 2450 | F9: 197 | G9: 118 | H9: 161 | I9: 279 | J9: 1528 | K9: 2053 | L9: 37815 | M9: 17347 | N9: 20468 | O9: 1886 | P9: 1250 | Q9: 1371 | R9: 2305 | S9: 14090 | T9: 16913
A10: 臺中市 | B10: Taichung City | C10: 1371 | D10: 737 | E10: 634 | F10: 225 | G10: 105 | H10: 91 | I10: 85 | J10: 421 | K10: 444 | L10: 11525 | M10: 6227 | N10: 5298 | O10: 2007 | P10: 934 | Q10: 808 | R10: 741 | S10: 3412 | T10: 3623
A11: 臺南市 | B11: Tainan City | C11: 1297 | D11: 714 | E11: 583 | F11: 34 | G11: 93 | H11: 172 | I11: 67 | J11: 508 | K11: 423 | L11: 15508 | M11: 8870 | N11: 6638 | O11: 320 | P11: 1005 | Q11: 2231 | R11: 665 | S11: 6319 | T11: 4968
A12: 高雄市 | B12: Kaohsiung City | C12: 2252 | D12: 1245 | E12: 1007 | F12: 191 | G12: 194 | H12: 241 | I12: 118 | J12: 813 | K12: 695 | L12: 19109 | M12: 10808 | N12: 8301 | O12: 1605 | P12: 1460 | Q12: 2093 | R12: 1187 | S12: 7110 | T12: 5654
A13: 宜蘭縣 | B13: Yilan County | C13: 132 | D13: 71 | E13: 61 | F13: 9 | G13: 8 | H13: 8 | I13: 5 | J13: 54 | K13: 48 | L13: 6655 | M13: 3898 | N13: 2757 | O13: 378 | P13: 238 | Q13: 521 | R13: 173 | S13: 2999 | T13: 2346
A14: 桃園縣 | B14: Taoyuan County | C14: 974 | D14: 588 | E14: 386 | F14: 146 | G14: 126 | H14: 71 | I14: 23 | J14: 371 | K14: 237 | L14: 11273 | M14: 6893 | N14: 4380 | O14: 1297 | P14: 1260 | Q14: 755 | R14: 251 | S14: 4841 | T14: 2869
A15: 新竹縣 | B15: Hsinchu County | C15: 359 | D15: 212 | E15: 147 | F15: 47 | G15: 28 | H15: 5 | I15: 1 | J15: 160 | K15: 118 | L15: 3086 | M15: 1926 | N15: 1160 | O15: 421 | P15: 151 | Q15: 28 | R15: 22 | S15: 1477 | T15: 987
A16: 苗栗縣 | B16: Miaoli County | C16: 1766 | D16: 851 | E16: 915 | F16: 90 | G16: 123 | H16: 158 | I16: 98 | J16: 603 | K16: 694 | L16: 14998 | M16: 7496 | N16: 7502 | O16: 920 | P16: 1100 | Q16: 1362 | R16: 970 | S16: 5214 | T16: 5432
A17: 彰化縣 | B17: Changhua County | C17: 802 | D17: 420 | E17: 382 | F17: 37 | G17: 52 | H17: 97 | I17: 87 | J17: 286 | K17: 243 | L17: 6779 | M17: 3853 | N17: 2926 | O17: 286 | P17: 476 | Q17: 1006 | R17: 641 | S17: 2561 | T17: 1809
A18: 南投縣 | B18: Nantou County | C18: 1094 | D18: 661 | E18: 433 | F18: 80 | G18: 19 | H18: 211 | I18: 127 | J18: 370 | K18: 287 | L18: 11686 | M18: 7157 | N18: 4529 | O18: 764 | P18: 208 | Q18: 2370 | R18: 1311 | S18: 4023 | T18: 3010
... A23: 花蓮縣 | B23: Hualien County | C23: 1421 | D23: 856 | E23: 565 | F23: 87 | G23: 22 | H23: 163 | I23: 70 | J23: 606 | K23: 473 | L23: 12250 | M23: 7190 | N23: 5060 | O23: 577 | P23: 137 | Q23: 1193 | R23: 613 | S23: 5420 | T23: 4310
A24: 澎湖縣 | B24: Penghu County | C24: 108 | D24: 57 | E24: 51 | F24: 1 | G24: - | H24: - | I24: 3 | J24: 56 | K24: 48 | L24: 1028 | M24: 554 | N24: 474 | O24: 12 | P24: - | Q24: - | R24: 19 | S24: 542 | T24: 455
A25: 基隆市 | B25: Keelung City | C25: 290 | D25: 171 | E25: 119 | F25: 42 | G25: 14 | H25: 15 | I25: 16 | J25: 114 | K25: 89 | L25: 3322 | M25: 2014 | N25: 1308 | O25: 543 | P25: 140 | Q25: 232 | R25: 175 | S25: 1239 | T25: 993
A26: 新竹市 | B26: Hsinchu City | C26: 1457 | D26: 806 | E26: 651 | F26: 17 | G26: 4 | H26: 278 | I26: 281 | J26: 511 | K26: 366 | L26: 11743 | M26: 7029 | N26: 4714 | O26: 343 | P26: 190 | Q26: 2342 | R26: 1746 | S26: 4344 | T26: 2778
A27: 嘉義市 | B27: Chiayi City | C27: 426 | D27: 228 | E27: 198 | F27: 33 | G27: 41 | H27: 37 | I27: 29 | J27: 158 | K27: 128 | L27: 4045 | M27: 2251 | N27: 1794 | O27: 287 | P27: 315 | Q27: 389 | R27: 276 | S27: 1575 | T27: 1203
A28: 金門縣 | B28: Kinmen County | C28: - | D28: - | E28: - | F28: - | G28: - | H28: - | I28: - | J28: - | K28: - | L28: 2236 | M28: 1006 | N28: 1230 | O28: 17 | P28: 2 | Q28: 44 | R28: - | S28: 945 | T28: 1228
A29: 連江縣 | B29: Lienchiang County | C29: - | D29: - | E29: - | F29: - | G29: - | H29: - | I29: - | J29: - | K29: - | L29: 252 | M29: 198 | N29: 54 | O29: 6 | P29: - | Q29: 1 | R29: - | S29: 191 | T29: 54
A30: 資料來源：直轄市、縣﹝市﹞政府。
A31: Source: County and Government.

Sheet 100
A1: 長期照顧十年計畫－交通接送服務 Achievements of Ten-year Long Term Care Program by Transportation Pick-up Services
A2: 民國100年, 2011
A3: 區域別 Locality | C3: 期底服務人數 Persons Serviced (End of Year) | L3: 服務趟數 No. of Runs
C4: 合計 Total | F4: 低收入 Low-income | H4: 中低收入 Mid-income | J4: 一般戶 General | L4: 合計 Total | O4: 低收入 Low-income | Q4: 中低收入 Mid-income | S4: 一般戶 General
C5: 計 Subtotal | D5: 男 Male | E5: 女 Female | F5: 男 Male | G5: 女 Female | H5: 男 Male | I5: 女 Female | J5: 男 Male | K5: 女 Female | L5: 計 Subtotal | M5: 男 Male | N5: 女 Female | O5: 男 Male | P5: 女 Female | Q5: 男 Male | R5: 女 Female | S5: 男 Male | T5: 女 Female
A7: 總 計 | B7: Total | C7: 20368 | D7: 10706 | E7: 9662 | F7: 1524 | G7: 1233 | H7: 1706 | I7: 1181 | J7: 7476 | K7: 7248 | L7: 201438 | M7: 111314 | N7: 90124 | O7: 13801 | P7: 10974 | Q7: 18326 | R7: 11094 | S7: 79187 | T7: 68056
A8: 新北市 | B8: New Taipei City | C8: 2165 | D8: 1134 | E8: 1031 | F8: 13 | G8: 27 | H8: 52 | I8: 24 | J8: 1069 | K8: 980 | L8: 32937 | M8: 18498 | N8: 14439 | O8: 1182 | P8: 1424 | Q8: 221 | R8: 136 | S8: 17095 | T8: 12879
A9: 臺北市 | B9: Taipei City | C9: 4134 | D9: 1833 | E9: 2301 | F9: 170 | G9: 149 | H9: 155 | I9: 210 | J9: 1508 | K9: 1942 | L9: 33496 | M9: 15670 | N9: 17826 | O9: 1586 | P9: 1188 | Q9: 1132 | R9: 1344 | S9: 12952 | T9: 15294
A10: 臺中市 | B10: Taichung City | C10: 1146 | D10: 651 | E10: 495 | F10: 183 | G10: 122 | H10: 97 | I10: 74 | J10: 371 | K10: 299 | L10: 9594 | M10: 5677 | N10: 3917 | O10: 1561 | P10: 921 | Q10: 1056 | R10: 603 | S10: 3060 | T10: 2393
A11: 臺南市 | B11: Tainan City | C11: 1389 | D11: 803 | E11: 586 | F11: 30 | G11: 67 | H11: 158 | I11: 100 | J11: 615 | K11: 419 | L11: 15998 | M11: 9533 | N11: 6465 | O11: 253 | P11: 421 | Q11: 2333 | R11: 951 | S11: 6947 | T11: 5093
A12: 高雄市 | B12: Kaohsiung City | C12: 1724 | D12: 998 | E12: 726 | F12: 236 | G12: 143 | H12: 227 | I12: 91 | J12: 535 | K12: 492 | L12: 19296 | M12: 11274 | N12: 8022 | O12: 1512 | P12: 739 | Q12: 2984 | R12: 1777 | S12: 6778 | T12: 5506
A13: 宜蘭縣 | B13: Yilan County | C13: 363 | D13: 169 | E13: 194 | F13: 23 | G13: 20 | H13: 7 | I13: 26 | J13: 139 | K13: 148 | L13: 2714 | M13: 1036 | N13: 1678 | O13: 126 | P13: 209 | Q13: 30 | R13: 173 | S13: 880 | T13: 1296
A14: 桃園縣 | B14: Taoyuan County | C14: 860 | D14: 516 | E14: 344 | F14: 139 | G14: 121 | H14: 81 | I14: 12 | J14: 296 | K14: 211 | L14: 9202 | M14: 5580 | N14: 3622 | O14: 1308 | P14: 1234 | Q14: 1077 | R14: 291 | S14: 3195 | T14: 2097
A15: 新竹縣 | B15: Hsinchu County | C15: 152 | D15: 102 | E15: 50 | F15: 30 | G15: 4 | H15: 0 | I15: 0 | J15: 72 | K15: 46 | L15: 1095 | M15: 749 | N15: 346 | O15: 166 | P15: 8 | Q15: 40 | R15: 0 | S15: 543 | T15: 338
A16: 苗栗縣 | B16: Miaoli County | C16: 1706 | D16: 850 | E16: 856 | F16: 105 | G16: 138 | H16: 168 | I16: 102 | J16: 577 | K16: 616 | L16: 13128 | M16: 6877 | N16: 6251 | O16: 889 | P16: 1087 | Q16: 1306 | R16: 911 | S16: 4682 | T16: 4253
A17: 彰化縣 | B17: Changhua County | C17: 658 | D17: 361 | E17: 297 | F17: 31 | G17: 37 | H17: 68 | I17: 42 | J17: 262 | K17: 218 | L17: 5758 | M17: 3286 | N17: 2472 | O17: 196 | P17: 350 | Q17: 635 | R17: 407 | S17: 2455 | T17: 1715
A18: 南投縣 | B18: Nantou County | C18: 805 | D18: 417 | E18: 388 | F18: 33 | G18: 33 | H18: 133 | I18: 124 | J18: 251 | K18: 231 | L18: 10224 | M18: 6424 | N18: 3800 | O18: 556 | P18: 235 | Q18: 2113 | R18: 1039 | S18: 3755 | T18: 2526
... A29: 連江縣 | B29: Lienchiang County | C29: 31 | D29: 24 | E29: 7 | F29: 4 | G29: 2 | H29: 0 | I29: 0 | J29: 20 | K29: 5 | L29: 328 | M29: 260 | N29: 68 | O29: 28 | P29: 5 | Q29: 0 | R29: 0 | S29: 232 | T29: 63
A30: 資料來源：直轄市、縣﹝市﹞政府。
A31: Source: County and Government.

Sheet 99
A1: 長期照顧十年計畫－交通接送服務 Achievements of Ten-year Long Term Care Program by Transportation Pick-up Services
A2: 民國99年, 2010
A3: 區域別 Locality | C3: 期底服務人數 Persons Serviced (End of Year) | L3: 服務趟數 No. of Runs
C4: 合計 Total | F4: 低收入 Low-income | H4: 中低收入 Mid-income | J4: 一般戶 General | L4: 合計 Total | O4: 低收入 Low-income | Q4: 中低收入 Mid-income | S4: 一般戶 General
C5: 計 Subtotal | D5: 男 Male | E5: 女 Female | F5: 男 Male | G5: 女 Female | H5: 男 Male | I5: 女 Female | J5: 男 Male | K5: 女 Female | L5: 計 Subtotal | M5: 男 Male | N5: 女 Female | O5: 男 Male | P5: 女 Female | Q5: 男 Male | R5: 女 Female | S5: 男 Male | T5: 女 Female
A7: 總 計 | B7: Total | C7: 9413 | D7: 5370 | E7: 4043 | F7: 655 | G7: 460 | H7: 1028 | I7: 597 | J7: 3687 | K7: 2986 | L7: 192382 | M7: 107398 | N7: 84984 | O7: 8432 | P7: 6220 | Q7: 13564 | R7: 8116 | S7: 85402 | T7: 70648
A8: 臺北縣 | B8: Taipei County | C8: 910 | D8: 439 | E8: 471 | F8: 11 | G8: 9 | H8: 0 | I8: 0 | J8: 428 | K8: 462 | L8: 77892 | M8: 40726 | N8: 37166 | O8: 378 | P8: 640 | Q8: 108 | R8: 212 | S8: 40240 | T8: 36314
A9: 宜蘭縣 | B9: Yilan County | C9: 265 | D9: 109 | E9: 156 | F9: 26 | G9: 30 | H9: 2 | I9: 5 | J9: 81 | K9: 121 | L9: 2114 | M9: 735 | N9: 1379 | O9: 95 | P9: 283 | Q9: 56 | R9: 56 | S9: 584 | T9: 1040
A10: 桃園縣 | B10: Taoyuan County | C10: 83 | D10: 83 | E10: 0 | F10: 28 | G10: 0 | H10: 32 | I10: 0 | J10: 23 | K10: 0 | L10: 4324 | M10: 3279 | N10: 1045 | O10: 1009 | P10: 367 | Q10: 791 | R10: 96 | S10: 1479 | T10: 582
A11: 新竹縣 | B11: Hsinchu County | C11: 16 | D11: 13 | E11: 3 | F11: 4 | G11: 0 | H11: 0 | I11: 0 | J11: 9 | K11: 3 | L11: 173 | M11: 87 | N11: 86 | O11: 7 | P11: 0 | Q11: 0 | R11: 0 | S11: 80 | T11: 86
A12: 苗栗縣 | B12: Miaoli County | C12: 1382 | D12: 702 | E12: 680 | F12: 95 | G12: 151 | H12: 159 | I12: 89 | J12: 448 | K12: 440 | L12: 11974 | M12: 6384 | N12: 5590 | O12: 857 | P12: 1365 | Q12: 1394 | R12: 780 | S12: 4133 | T12: 3445
A13: 臺中縣 | B13: Taichung County | C13: 170 | D13: 103 | E13: 67 | F13: 7 | G13: 2 | H13: 38 | I13: 25 | J13: 58 | K13: 40 | L13: 6464 | M13: 4133 | N13: 2331 | O13: 438 | P13: 186 | Q13: 1632 | R13: 867 | S13: 2063 | T13: 1278
A14: 彰化縣 | B14: Changhua County | C14: 607 | D14: 336 | E14: 271 | F14: 44 | G14: 20 | H14: 55 | I14: 74 | J14: 237 | K14: 177 | L14: 3682 | M14: 1997 | N14: 1685 | O14: 267 | P14: 100 | Q14: 326 | R14: 494 | S14: 1404 | T14: 1091
A15: 南投縣 | B15: Nantou County | C15: 1033 | D15: 719 | E15: 314 | F15: 54 | G15: 17 | H15: 205 | I15: 90 | J15: 460 | K15: 207 | L15: 11520 | M15: 7777 | N15: 3743 | O15: 628 | P15: 241 | Q15: 2295 | R15: 1141 | S15: 4854 | T15: 2361
A16: 雲林縣 | B16: Yunlin County | C16: 105 | D16: 53 | E16: 52 | F16: 4 | G16: 2 | H16: 4 | I16: 8 | J16: 45 | K16: 42 | L16: 2540 | M16: 1287 | N16: 1253 | O16: 80 | P16: 82 | Q16: 61 | R16: 200 | S16: 1146 | T16: 971
A17: 嘉義縣 | B17: Chiayi County | C17: 220 | D17: 105 | E17: 115 | F17: 40 | G17: 31 | H17: 13 | I17: 16 | J17: 52 | K17: 68 | L17: 4398 | M17: 2255 | N17: 2143 | O17: 714 | P17: 628 | Q17: 497 | R17: 280 | S17: 1044 | T17: 1235
A18: 臺南縣 | B18: Tainan County | C18: 287 | D18: 182 | E18: 105 | F18: 16 | G18: 20 | H18: 27 | I18: 14 | J18: 139 | K18: 71 | L18: 1945 | M18: 1335 | N18: 610 | O18: 119 | P18: 81 | Q18: 243 | R18: 90 | S18: 973 | T18: 439
... A32: 連江縣 | B32: Lienchiang County | C32: 0 | D32: 0 | E32: 0 | F32: 0 | G32: 0 | H32: 0 | I32: 0 | J32: 0 | K32: 0 | L32: 240 | M32: 192 | N32: 48 | O32: 96 | P32: 48 | Q32: 96 | R32: 0 | S32: 0 | T32: 0
A33: 資料來源：直轄市、縣﹝市﹞政府。
A34: Source: County and Government.

Sheet 98
A1: 長期照顧十年計畫－交通接送服務 Achievements of Ten-year Long Term Care Program by Transportation Pick-up Services
A2: 民國98年, 2009
A3: 區域別 Locality | C3: 期底服務人數 Persons Serviced (End of Year) | L3: 服務趟數 No. of Runs
C4: 合計 Total | F4: 低收入 Low-income | H4: 中低收入 Mid-income | J4: 一般戶 General | L4: 合計 Total | O4: 低收入 Low-income | Q4: 中低收入 Mid-income | S4: 一般戶 General
C5: 計 Subtotal | D5: 男 Male | E5: 女 Female | F5: 男 Male | G5: 女 Female | H5: 男 Male | I5: 女 Female | J5: 男 Male | K5: 女 Female | L5: 計 Subtotal | M5: 男 Male | N5: 女 Female | O5: 男 Male | P5: 女 Female | Q5: 男 Male | R5: 女 Female | S5: 男 Male | T5: 女 Female
A7: 總 計 | B7: Total | C7: 8956 | D7: 5067 | E7: 3889 | F7: 559 | G7: 359 | H7: 657 | I7: 353 | J7: 3851 | K7: 3177 | L7: 147681 | M7: 82475 | N7: 65206 | O7: 7084 | P7: 3199 | Q7: 6608 | R7: 2796 | S7: 68783 | T7: 59211
A8: 臺北縣 | B8: Taipei County | C8: 4187 | D8: 2285 | E8: 1902 | F8: 25 | G8: 29 | H8: 16 | I8: 28 | J8: 2244 | K8: 1845 | L8: 91951 | M8: 46081 | N8: 45870 | O8: 436 | P8: 579 | Q8: 78 | R8: 248 | S8: 45567 | T8: 45043
A9: 宜蘭縣 | B9: Yilan County | C9: 201 | D9: 102 | E9: 99 | F9: 2 | G9: 9 | H9: 7 | I9: 4 | J9: 93 | K9: 86 | L9: 2130 | M9: 1105 | N9: 1025 | O9: 8 | P9: 17 | Q9: 58 | R9: 8 | S9: 1039 | T9: 1000
A10: 桃園縣 | B10: Taoyuan County | C10: 198 | D10: 126 | E10: 72 | F10: 42 | G10: 46 | H10: 35 | I10: 4 | J10: 49 | K10: 22 | L10: 1882 | M10: 1295 | N10: 587 | O10: 485 | P10: 386 | Q10: 331 | R10: 12 | S10: 479 | T10: 189
A11: 新竹縣 | B11: Hsinchu County | C11: 0 | D11: 0 | E11: 0 | F11: 0 | G11: 0 | H11: 0 | I11: 0 | J11: 0 | K11: 0 | L11: 0 | M11: 0 | N11: 0 | O11: 0 | P11: 0 | Q11: 0 | R11: 0 | S11: 0 | T11: 0
A12: 苗栗縣 | B12: Miaoli County | C12: 780 | D12: 399 | E12: 381 | F12: 94 | G12: 84 | H12: 112 | I12: 79 | J12: 193 | K12: 218 | L12: 4832 | M12: 2340 | N12: 2492 | O12: 608 | P12: 597 | Q12: 794 | R12: 493 | S12: 938 | T12: 1402
A13: 臺中縣 | B13: Taichung County | C13: 88 | D13: 60 | E13: 28 | F13: 9 | G13: 5 | H13: 25 | I13: 13 | J13: 26 | K13: 10 | L13: 2277 | M13: 1446 | N13: 831 | O13: 203 | P13: 210 | Q13: 704 | R13: 368 | S13: 539 | T13: 253
A14: 彰化縣 | B14: Changhua County | C14: 208 | D14: 113 | E14: 95 | F14: 20 | G14: 14 | H14: 28 | I14: 29 | J14: 65 | K14: 52 | L14: 2896 | M14: 1580 | N14: 1316 | O14: 66 | P14: 77 | Q14: 109 | R14: 106 | S14: 1405 | T14: 1133
A15: 南投縣 | B15: Nantou County | C15: 567 | D15: 364 | E15: 203 | F15: 26 | G15: 4 | H15: 101 | I15: 46 | J15: 237 | K15: 153 | L15: 8880 | M15: 5568 | N15: 3312 | O15: 376 | P15: 80 | Q15: 1544 | R15: 640 | S15: 3648 | T15: 2592
A16: 雲林縣 | B16: Yunlin County | C16: 34 | D16: 21 | E16: 13 | F16: 2 | G16: 2 | H16: 4 | I16: 3 | J16: 15 | K16: 8 | L16: 668 | M16: 465 | N16: 203 | O16: 7 | P16: 47 | Q16: 93 | R16: 33 | S16: 365 | T16: 123
A17: 嘉義縣 | B17: Chiayi County | C17: 214 | D17: 108 | E17: 106 | F17: 32 | G17: 22 | H17: 18 | I17: 18 | J17: 58 | K17: 66 | L17: 1478 | M17: 858 | N17: 620 | O17: 155 | P17: 111 | Q17: 285 | R17: 126 | S17: 418 | T17: 383
A18: 臺南縣 | B18: Tainan County | C18: 0 | D18: 0 | E18: 0 | F18: 0 | G18: 0 | H18: 0 | I18: 0 | J18: 0 | K18: 0 | L18: 0 | M18: 0 | N18: 0 | O18: 0 | P18: 0 | Q18: 0 | R18: 0 | S18: 0 | T18: 0
... A32: 連江縣 | B32: Lienchiang County | C32: 4 | D32: 2 | E32: 2 | F32: 2 | G32: 2 | H32: 0 | I32: 0 | J32: 0 | K32: 0 | L32: 288 | M32: 192 | N32: 96 | O32: 96 | P32: 96 | Q32: 0 | R32: 0 | S32: 96 | T32: 0
A33: 資料來源：直轄市、縣﹝市﹞政府。
A34: Source: County and Government.
